<xml xmlns:o="urn:schemas-microsoft-com:office:office">
 <o:File HRef="master212.htm"/>
 <o:File HRef="master212.xml"/>
 <o:File HRef="preview.wmf"/>
 <o:File HRef="master212_image001.png"/>
 <o:File HRef="master213.htm"/>
 <o:File HRef="master213.xml"/>
 <o:File HRef="pres.xml"/>
 <o:File HRef="slide0001.htm"/>
 <o:File HRef="master213_image002.gif"/>
 <o:File HRef="master213_image003.gif"/>
 <o:File HRef="slide0001_image004.png"/>
 <o:File HRef="oledata.mso"/>
 <o:File HRef="slide0001_image005.gif"/>
 <o:File HRef="slide0002.htm"/>
 <o:File HRef="master212_image006.gif"/>
 <o:File HRef="master212_image007.gif"/>
 <o:File HRef="master212_image008.gif"/>
 <o:File HRef="slide0002_image009.jpg"/>
 <o:File HRef="slide0002_image010.jpg"/>
 <o:File HRef="slide0007.htm"/>
 <o:File HRef="slide0007_image011.jpg"/>
 <o:File HRef="slide0007_image012.jpg"/>
 <o:File HRef="slide0022.htm"/>
 <o:File HRef="slide0022_image013.jpg"/>
 <o:File HRef="slide0022_image014.jpg"/>
 <o:File HRef="slide0023.htm"/>
 <o:File HRef="slide0023_image015.jpg"/>
 <o:File HRef="slide0023_image016.jpg"/>
 <o:File HRef="slide0003.htm"/>
 <o:File HRef="slide0003_image017.gif"/>
 <o:File HRef="slide0003_image018.gif"/>
 <o:File HRef="slide0003_image019.gif"/>
 <o:File HRef="slide0003_image020.gif"/>
 <o:File HRef="slide0003_image021.jpg"/>
 <o:File HRef="slide0003_image022.jpg"/>
 <o:File HRef="slide0004.htm"/>
 <o:File HRef="slide0004_image023.gif"/>
 <o:File HRef="slide0004_image024.jpg"/>
 <o:File HRef="slide0004_image025.jpg"/>
 <o:File HRef="slide0005.htm"/>
 <o:File HRef="slide0005_image026.gif"/>
 <o:File HRef="slide0005_image027.gif"/>
 <o:File HRef="slide0005_image028.gif"/>
 <o:File HRef="slide0005_image029.gif"/>
 <o:File HRef="slide0005_image030.gif"/>
 <o:File HRef="slide0005_image031.gif"/>
 <o:File HRef="slide0005_image032.gif"/>
 <o:File HRef="slide0005_image033.gif"/>
 <o:File HRef="slide0005_image034.gif"/>
 <o:File HRef="slide0005_image035.jpg"/>
 <o:File HRef="slide0005_image036.jpg"/>
 <o:File HRef="slide0021.htm"/>
 <o:File HRef="slide0021_image037.gif"/>
 <o:File HRef="slide0021_image038.jpg"/>
 <o:File HRef="slide0021_image039.jpg"/>
 <o:File HRef="slide0010.htm"/>
 <o:File HRef="slide0010_image040.jpg"/>
 <o:File HRef="slide0010_image041.jpg"/>
 <o:File HRef="slide0011.htm"/>
 <o:File HRef="slide0011_image042.jpg"/>
 <o:File HRef="slide0011_image043.jpg"/>
 <o:File HRef="slide0012.htm"/>
 <o:File HRef="slide0012_image044.jpg"/>
 <o:File HRef="slide0012_image045.jpg"/>
 <o:File HRef="slide0013.htm"/>
 <o:File HRef="slide0013_image046.jpg"/>
 <o:File HRef="slide0013_image047.jpg"/>
 <o:File HRef="slide0014.htm"/>
 <o:File HRef="slide0014_image048.png"/>
 <o:File HRef="slide0014_image049.jpg"/>
 <o:File HRef="slide0015.htm"/>
 <o:File HRef="slide0015_image050.jpg"/>
 <o:File HRef="slide0015_image051.jpg"/>
 <o:File HRef="slide0024.htm"/>
 <o:File HRef="slide0024_image052.jpg"/>
 <o:File HRef="slide0024_image053.jpg"/>
 <o:File HRef="slide0025.htm"/>
 <o:File HRef="slide0025_image054.jpg"/>
 <o:File HRef="slide0025_image055.jpg"/>
 <o:File HRef="slide0026.htm"/>
 <o:File HRef="slide0026_image056.jpg"/>
 <o:File HRef="slide0026_image057.jpg"/>
 <o:File HRef="slide0028.htm"/>
 <o:File HRef="slide0028_image058.jpg"/>
 <o:File HRef="slide0028_image059.jpg"/>
 <o:File HRef="slide0027.htm"/>
 <o:File HRef="slide0027_image060.jpg"/>
 <o:File HRef="slide0027_image061.jpg"/>
 <o:File HRef="slide0019.htm"/>
 <o:File HRef="slide0019_image062.gif"/>
 <o:File HRef="slide0019_image063.jpg"/>
 <o:File HRef="slide0019_image064.jpg"/>
 <o:File HRef="slide0020.htm"/>
 <o:File HRef="slide0020_image065.gif"/>
 <o:File HRef="slide0020_image066.gif"/>
 <o:File HRef="slide0020_image067.jpg"/>
 <o:File HRef="slide0020_image068.jpg"/>
 <o:File HRef="slide0029.htm"/>
 <o:File HRef="slide0029_image069.jpg"/>
 <o:File HRef="slide0029_image070.jpg"/>
 <o:File HRef="slide0030.htm"/>
 <o:File HRef="slide0030_image071.jpg"/>
 <o:File HRef="slide0030_image072.jpg"/>
 <o:File HRef="slide0016.htm"/>
 <o:File HRef="slide0016_image073.gif"/>
 <o:File HRef="master01.htm"/>
 <o:File HRef="master212_stylesheet.css"/>
 <o:File HRef="script.js"/>
 <o:MainFile HRef="../ESM_OverView.htm"/>
 <o:File HRef="fullscreen.htm"/>
 <o:File HRef="notes_flag.gif"/>
 <o:File HRef="buttons.gif"/>
 <o:File HRef="frame.htm"/>
 <o:File HRef="outline.htm"/>
 <o:File HRef="filelist.xml"/>
</xml>