<xml xmlns:v="urn:schemas-microsoft-com:vml"
 xmlns:o="urn:schemas-microsoft-com:office:office"
 xmlns:p="urn:schemas-microsoft-com:office:powerpoint"
 xmlns:oa="urn:schemas-microsoft-com:office:activation">
 <o:shapelayout v:ext="edit">
  <o:idmap v:ext="edit" data="341"/>
 </o:shapelayout><p:colorscheme
  colors="#FFFFFF,#003366,#666699,#006666,#33CCCC,#9BC3B9,#003366,#CC99FF"/>
 <v:background id="_x0000_s349185" o:bwmode="white" fillcolor="white [0]"/>
 <p:shaperange id="_x0000_s349186">
  <v:group id="_x0000_s349186" style='position:absolute;left:0;top:0;width:462pt;
   height:540pt' coordsize="3696,4320">
   <v:rect id="_x0000_s349187" style='position:absolute;width:2880;height:4320;
    mso-wrap-style:none;v-text-anchor:middle' fillcolor="#9bc3b9 [5]"
    stroked="f" strokecolor="#036 [1]">
    <v:shadow color="#669 [2]"/>
   </v:rect><v:roundrect id="_x0000_s349188" style='position:absolute;left:432;
    top:624;width:3264;height:1200;mso-wrap-style:none;v-text-anchor:middle'
    arcsize=".5" o:bwmode="white" fillcolor="white [0]" stroked="f"
    strokecolor="#036 [1]">
    <v:shadow color="#669 [2]"/>
   </v:roundrect></v:group></p:shaperange>
 <p:shaperange id="_x0000_s349189">
  <v:group id="_x0000_s349189" style='position:absolute;left:286pt;top:385pt;
   width:384pt;height:25.125pt' coordorigin="2288,3080" coordsize="3072,201">
   <v:roundrect id="_x0000_s349190" style='position:absolute;left:2288;top:3080;
    width:2914;height:200;flip:x;mso-wrap-style:none;v-text-anchor:middle'
    arcsize="0" fillcolor="#036 [6]" stroked="f" strokecolor="#036 [1]">
    <v:shadow color="#669 [2]"/>
   </v:roundrect><v:shapetype id="_x0000_t135" coordsize="21600,21600" o:spt="135"
    path="m10800,qx21600,10800,10800,21600l,21600,,xe">
    <v:stroke joinstyle="miter"/>
    <v:path gradientshapeok="t" o:connecttype="rect" textboxrect="0,3163,18437,18437"/>
   </v:shapetype><v:shape id="_x0000_s349191" type="#_x0000_t135" style='position:absolute;
    left:5196;top:3080;width:164;height:201;mso-wrap-style:none;
    mso-wrap-distance-left:0;mso-wrap-distance-right:0;v-text-anchor:middle'
    fillcolor="#036 [6]" stroked="f" strokecolor="#036 [1]">
    <v:shadow color="#669 [2]"/>
   </v:shape></v:group></p:shaperange>
 <p:shaperange id="_x0000_m349192">
  <v:shapetype id="_x0000_m349192" style='position:absolute;left:368pt;top:230.5pt;
   width:316pt;height:143.5pt;v-text-anchor:bottom' coordsize="21600,21600"
   o:master="" o:spt="1" path="m,l,21600r21600,l21600,xe" filled="f"
   fillcolor="#3cc [4]" stroked="f" strokecolor="#036 [1]">
   <v:fill color2="white [0]" o:detectmouseclick="t"/>
   <v:stroke joinstyle="miter" o:forcedash="t"/>
   <v:shadow color="#669 [2]"/>
   <v:path gradientshapeok="t" o:connecttype="rect"/>
   <o:lock v:ext="edit" grouping="t"/>
   <p:placeholder type="subTitle" position="1"/>
  </v:shapetype></p:shaperange>
 <p:shaperange id="_x0000_s349195">
  <v:shapetype id="_x0000_s349195" style='position:absolute;left:6pt;top:492pt;
   width:46.25pt;height:38.5pt;mso-wrap-distance-left:0;
   mso-wrap-distance-right:0;v-text-anchor:bottom' coordsize="21600,21600"
   o:master="" o:spt="1" path="m,l,21600r21600,l21600,xe" filled="f"
   fillcolor="#3cc [4]" stroked="f" strokecolor="#036 [1]">
   <v:fill color2="white [0]" o:detectmouseclick="t"/>
   <v:stroke joinstyle="miter" o:forcedash="t"/>
   <v:shadow color="#669 [2]"/>
   <v:path gradientshapeok="t" o:connecttype="rect"/>
   <o:lock v:ext="edit" grouping="t"/>
   <p:placeholder type="slideNumber" position="4" size="quarter"/>
  </v:shapetype></p:shaperange>
 <p:shaperange id="_x0000_m349196">
  <v:shapetype id="_x0000_m349196" style='position:absolute;left:54pt;top:78pt;
   width:9in;height:150pt;mso-wrap-distance-left:0;mso-wrap-distance-right:0;
   v-text-anchor:middle' coordsize="21600,21600" o:master="" o:spt="2" adj="10800"
   path="m@0,qx0@0l0@2qy@0,21600l@1,21600qx21600@2l21600@0qy@1,xe" filled="f"
   fillcolor="#3cc [4]" stroked="f" strokecolor="#036 [1]">
   <v:fill color2="white [0]" o:detectmouseclick="t"/>
   <v:stroke o:forcedash="t"/>
   <v:shadow color="#669 [2]"/>
   <v:formulas>
    <v:f eqn="val #0"/>
    <v:f eqn="sum width 0 #0"/>
    <v:f eqn="sum height 0 #0"/>
    <v:f eqn="prod @0 2929 10000"/>
    <v:f eqn="sum width 0 @3"/>
    <v:f eqn="sum height 0 @3"/>
    <v:f eqn="val width"/>
    <v:f eqn="val height"/>
    <v:f eqn="prod width 1 2"/>
    <v:f eqn="prod height 1 2"/>
   </v:formulas>
   <v:path gradientshapeok="t" limo="10800,10800" o:connecttype="custom"
    o:connectlocs="@8,0;0,@9;@8,@7;@6,@9" textboxrect="@3,@3,@4,@5"/>
   <v:handles>
    <v:h position="#0,topLeft" switch="" xrange="0,10800"/>
   </v:handles>
   <o:lock v:ext="edit" grouping="t"/>
   <p:placeholder type="centerTitle" size="quarter"/>
  </v:shapetype></p:shaperange>
 <p:shaperange id="_x0000_s349197">
  <v:shapetype id="_x0000_s349197" style='position:absolute;left:5in;top:492pt;
   width:324.125pt;height:37.375pt;mso-wrap-distance-left:0;
   mso-wrap-distance-right:0;v-text-anchor:bottom' coordsize="21600,21600"
   o:master="" o:spt="1" path="m,l,21600r21600,l21600,xe" filled="f"
   fillcolor="#3cc [4]" stroked="f" strokecolor="#036 [1]">
   <v:fill color2="white [0]" o:detectmouseclick="t"/>
   <v:stroke joinstyle="miter" o:forcedash="t"/>
   <v:shadow color="#669 [2]"/>
   <v:path gradientshapeok="t" o:connecttype="rect"/>
   <o:lock v:ext="edit" grouping="t"/>
   <p:placeholder type="footer" position="3" size="quarter"/>
  </v:shapetype></p:shaperange>
 <p:shaperange id="_x0000_s349198">
  <v:shapetype id="_x0000_s349198" style='position:absolute;left:1in;top:492pt;
   width:167.75pt;height:37.375pt;mso-wrap-distance-left:0;
   mso-wrap-distance-right:0;v-text-anchor:bottom' coordsize="21600,21600"
   o:master="" o:spt="1" path="m,l,21600r21600,l21600,xe" filled="f"
   fillcolor="#3cc [4]" stroked="f" strokecolor="#036 [1]">
   <v:fill color2="white [0]" o:detectmouseclick="t"/>
   <v:stroke joinstyle="miter" o:forcedash="t"/>
   <v:shadow color="#669 [2]"/>
   <v:path gradientshapeok="t" o:connecttype="rect"/>
   <o:lock v:ext="edit" grouping="t"/>
   <p:placeholder type="dateTime" position="2" size="half"/>
  </v:shapetype></p:shaperange>
</xml>