<xml xmlns:v="urn:schemas-microsoft-com:vml"
 xmlns:o="urn:schemas-microsoft-com:office:office"
 xmlns:p="urn:schemas-microsoft-com:office:powerpoint"
 xmlns:oa="urn:schemas-microsoft-com:office:activation">
 <o:shapelayout v:ext="edit">
  <o:idmap v:ext="edit" data="340"/>
  <o:regrouptable v:ext="edit">
   <o:entry new="1" old="0"/>
  </o:regrouptable>
 </o:shapelayout><p:colorscheme
  colors="#FFFFFF,#003366,#666699,#006666,#33CCCC,#9BC3B9,#003366,#CC99FF"/>
 <v:background id="_x0000_s348161" o:bwmode="white" fillcolor="white [0]"/>
 <p:shaperange id="_x0000_s348163">
  <v:group id="_x0000_s348163" style='position:absolute;left:0;top:0;width:252pt;
   height:540pt' coordsize="2016,4320" o:regroupid="1">
   <v:rect id="_x0000_s348164" style='position:absolute;width:480;height:4320;
    mso-wrap-style:none;v-text-anchor:middle' o:userdrawn="t" fillcolor="#9bc3b9 [5]"
    stroked="f" strokecolor="#036 [1]">
    <v:shadow color="#669 [2]"/>
   </v:rect><v:shape id="_x0000_s348165" style='position:absolute;left:288;
    width:1728;height:735;mso-wrap-style:none;mso-wrap-distance-left:0;
    mso-wrap-distance-top:0;mso-wrap-distance-right:0;
    mso-wrap-distance-bottom:0;v-text-anchor:top' coordsize="1728,735"
    o:userdrawn="t" path="m1728,r,480l380,482r-26,-2l308,489v-18,9,-45,24,-62,42c229,549,215,574,206,597v-9,23,-12,46,-14,69l192,735,,735,,480,,,1728,xe"
    fillcolor="#9bc3b9 [5]" stroked="f" strokecolor="#036 [1]">
    <v:stroke joinstyle="miter"/>
    <v:shadow color="#669 [2]"/>
    <v:path arrowok="t"/>
   </v:shape></v:group></p:shaperange>
 <p:shaperange id="_x0000_s348166">
  <v:group id="_x0000_s348166" style='position:absolute;left:18pt;top:120pt;
   width:582pt;height:25.125pt' coordorigin="144,1248" coordsize="4656,201"
   o:regroupid="1">
   <v:roundrect id="_x0000_s348167" style='position:absolute;left:384;top:1248;
    width:4416;height:200;mso-wrap-style:none;v-text-anchor:middle' arcsize="0"
    fillcolor="#036 [6]" stroked="f" strokecolor="#036 [1]">
    <v:shadow color="#669 [2]"/>
   </v:roundrect><v:shapetype id="_x0000_t135" coordsize="21600,21600" o:spt="135"
    path="m10800,qx21600,10800,10800,21600l,21600,,xe">
    <v:stroke joinstyle="miter"/>
    <v:path gradientshapeok="t" o:connecttype="rect" textboxrect="0,3163,18437,18437"/>
   </v:shapetype><v:shape id="_x0000_s348168" type="#_x0000_t135" style='position:absolute;
    left:144;top:1248;width:248;height:201;flip:x;mso-wrap-style:none;
    mso-wrap-distance-left:0;mso-wrap-distance-right:0;v-text-anchor:middle'
    fillcolor="#036 [6]" stroked="f" strokecolor="#036 [1]">
    <v:shadow color="#669 [2]"/>
   </v:shape></v:group></p:shaperange>
 <p:shaperange id="_x0000_m348169">
  <v:shapetype id="_x0000_m348169" style='position:absolute;left:60pt;top:66pt;
   width:624pt;height:54pt;v-text-anchor:bottom' coordsize="21600,21600"
   o:master="" o:spt="2" adj="4680" path="m@0,qx0@0l0@2qy@0,21600l@1,21600qx21600@2l21600@0qy@1,xe"
   filled="f" fillcolor="#3cc [4]" stroked="f" strokecolor="#036 [1]">
   <v:fill color2="white [0]" o:detectmouseclick="t"/>
   <v:stroke o:forcedash="t"/>
   <v:shadow color="#669 [2]"/>
   <v:formulas>
    <v:f eqn="val #0"/>
    <v:f eqn="sum width 0 #0"/>
    <v:f eqn="sum height 0 #0"/>
    <v:f eqn="prod @0 2929 10000"/>
    <v:f eqn="sum width 0 @3"/>
    <v:f eqn="sum height 0 @3"/>
    <v:f eqn="val width"/>
    <v:f eqn="val height"/>
    <v:f eqn="prod width 1 2"/>
    <v:f eqn="prod height 1 2"/>
   </v:formulas>
   <v:path gradientshapeok="t" limo="10800,10800" o:connecttype="custom"
    o:connectlocs="@8,0;0,@9;@8,@7;@6,@9" textboxrect="@3,@3,@4,@5"/>
   <v:handles>
    <v:h position="#0,topLeft" switch="" xrange="0,10800"/>
   </v:handles>
   <o:lock v:ext="edit" grouping="t"/>
   <p:placeholder type="title"/>
  </v:shapetype></p:shaperange>
 <p:shaperange id="_x0000_m348170">
  <v:shapetype id="_x0000_m348170" style='position:absolute;left:60pt;top:2in;
   width:611.75pt;height:335.25pt' coordsize="21600,21600" o:master="" o:spt="1"
   path="m,l,21600r21600,l21600,xe" filled="f" fillcolor="#3cc [4]" stroked="f"
   strokecolor="#036 [1]">
   <v:fill color2="white [0]" o:detectmouseclick="t"/>
   <v:stroke joinstyle="miter" o:forcedash="t"/>
   <v:shadow color="#669 [2]"/>
   <v:path gradientshapeok="t" o:connecttype="rect"/>
   <o:lock v:ext="edit" grouping="t"/>
   <p:placeholder type="body" position="1"/>
  </v:shapetype></p:shaperange>
 <p:shaperange id="_x0000_s348171">
  <v:shapetype id="_x0000_s348171" style='position:absolute;left:1in;top:492pt;
   width:167.75pt;height:37.375pt;mso-wrap-distance-left:0;
   mso-wrap-distance-right:0;v-text-anchor:bottom' coordsize="21600,21600"
   o:master="" o:spt="1" path="m,l,21600r21600,l21600,xe" filled="f"
   fillcolor="#3cc [4]" stroked="f" strokecolor="#036 [1]">
   <v:fill color2="white [0]" o:detectmouseclick="t"/>
   <v:stroke joinstyle="miter" o:forcedash="t"/>
   <v:shadow color="#669 [2]"/>
   <v:path gradientshapeok="t" o:connecttype="rect"/>
   <o:lock v:ext="edit" grouping="t"/>
   <p:placeholder type="dateTime" position="2" size="half"/>
  </v:shapetype></p:shaperange>
 <p:shaperange id="_x0000_s348172">
  <v:shapetype id="_x0000_s348172" style='position:absolute;left:5in;top:492pt;
   width:324.125pt;height:37.375pt;mso-wrap-distance-left:0;
   mso-wrap-distance-right:0;v-text-anchor:bottom' coordsize="21600,21600"
   o:master="" o:spt="1" path="m,l,21600r21600,l21600,xe" filled="f"
   fillcolor="#3cc [4]" stroked="f" strokecolor="#036 [1]">
   <v:fill color2="white [0]" o:detectmouseclick="t"/>
   <v:stroke joinstyle="miter" o:forcedash="t"/>
   <v:shadow color="#669 [2]"/>
   <v:path gradientshapeok="t" o:connecttype="rect"/>
   <o:lock v:ext="edit" grouping="t"/>
   <p:placeholder type="footer" position="3" size="quarter"/>
  </v:shapetype></p:shaperange>
 <p:shaperange id="_x0000_s348173">
  <v:shapetype id="_x0000_s348173" style='position:absolute;left:6.625pt;top:491.5pt;
   width:46.25pt;height:38.5pt;mso-wrap-distance-left:0;
   mso-wrap-distance-right:0;v-text-anchor:bottom-center' coordsize="21600,21600"
   o:master="" o:spt="1" path="m,l,21600r21600,l21600,xe" filled="f"
   fillcolor="#3cc [4]" stroked="f" strokecolor="#036 [1]">
   <v:fill color2="white [0]" o:detectmouseclick="t"/>
   <v:stroke joinstyle="miter" o:forcedash="t"/>
   <v:shadow color="#669 [2]"/>
   <v:path gradientshapeok="t" o:connecttype="rect"/>
   <o:lock v:ext="edit" grouping="t"/>
   <p:placeholder type="slideNumber" position="4" size="quarter"/>
  </v:shapetype></p:shaperange>
 <p:shaperange id="_x0000_s348174">
  <v:group id="_x0000_s348174" style='position:absolute;left:0;top:0;width:264pt;
   height:24.375pt' coordsize="2112,195" o:userdrawn="t">
   <v:shapetype id="_x0000_s348175" style='position:absolute;width:288;
    height:195' coordsize="21600,21600" o:master="" o:spt="75"
    o:preferrelative="t" path="m@4@5l@4@11@9@11@9@5xe" filled="f" stroked="f">
    <v:stroke joinstyle="miter"/>
    <v:imagedata src="master212_image001.png" o:title=""/>
    <v:formulas>
     <v:f eqn="if lineDrawn pixelLineWidth 0"/>
     <v:f eqn="sum @0 1 0"/>
     <v:f eqn="sum 0 0 @1"/>
     <v:f eqn="prod @2 1 2"/>
     <v:f eqn="prod @3 21600 pixelWidth"/>
     <v:f eqn="prod @3 21600 pixelHeight"/>
     <v:f eqn="sum @0 0 1"/>
     <v:f eqn="prod @6 1 2"/>
     <v:f eqn="prod @7 21600 pixelWidth"/>
     <v:f eqn="sum @8 21600 0"/>
     <v:f eqn="prod @7 21600 pixelHeight"/>
     <v:f eqn="sum @10 21600 0"/>
    </v:formulas>
    <v:path o:extrusionok="f" gradientshapeok="t" o:connecttype="rect"/>
    <o:lock v:ext="edit" aspectratio="t" text="t"/>
    <p:placeholder type="object" position="2" size="half"/>
   </v:shapetype><v:shapetype id="_x0000_t202" coordsize="21600,21600" o:spt="202"
    path="m,l,21600r21600,l21600,xe">
    <v:stroke joinstyle="miter"/>
    <v:path gradientshapeok="t" o:connecttype="rect"/>
   </v:shapetype><v:shape id="_x0000_s348176" type="#_x0000_t202" style='position:absolute;
    left:288;width:1824;height:154;mso-wrap-distance-left:0;
    mso-wrap-distance-right:0' filled="f" fillcolor="#3cc [4]" stroked="f"
    strokecolor="#036 [1]">
    <v:fill color2="white [0]"/>
    <v:shadow color="#669 [2]"/>
    <v:textbox style='mso-fit-shape-to-text:t'/>
   </v:shape></v:group></p:shaperange>
</xml>