<xml xmlns:v="urn:schemas-microsoft-com:vml"
 xmlns:o="urn:schemas-microsoft-com:office:office"
 xmlns:p="urn:schemas-microsoft-com:office:powerpoint"
 xmlns:oa="urn:schemas-microsoft-com:office:activation">
 <p:presentation sizeof="screen" notessizex="4412" notessizey="5852"
  gridspacingx="49152" gridspacingy="49152">
  <p:master id="212" slidesn="1C5013F,BD675380" type="main" href="master212.htm"
   xmlhref="master212.xml" template="Capsules" layout="title_body"
   slots="title,body,dateTime,footer,slideNumber">
   <p:schemes>
    <p:colorscheme
     colors="#FFFFFF,#003366,#666699,#006666,#33CCCC,#99CC99,#003366,#CC99FF"/>
    <p:colorscheme
     colors="#FFFFFF,#000000,#808000,#000000,#FFCC99,#99CC00,#336600,#FFCC00"/>
    <p:colorscheme
     colors="#6699FF,#FFFFFF,#006699,#FFFFFF,#33CCCC,#006699,#99CC00,#FFFFCC"/>
    <p:colorscheme
     colors="#FFFFFF,#000000,#006600,#9900CC,#33CC33,#FFCC66,#0033CC,#CC0066"/>
    <p:colorscheme
     colors="#336699,#FFFFFF,#000066,#FFFFEB,#99CCFF,#9999FF,#CCCCFF,#C68DFF"/>
    <p:colorscheme
     colors="#006666,#FFFFFF,#808000,#FFFFFF,#FFCC66,#00ACA8,#CCCC00,#33CCCC"/>
    <p:colorscheme
     colors="#660033,#FFFFFF,#FFFFCC,#FFFFFF,#FF9900,#CC3300,#FFCC00,#FFCC99"/>
    <p:colorscheme
     colors="#000000,#FFFFFF,#FF0000,#FFFFFF,#FFCC00,#CC3300,#FF6600,#FF7C80"/>
    <p:colorscheme
     colors="#FFFFFF,#003366,#666699,#006666,#33CCCC,#9BC3B9,#003366,#CC99FF"/>
   </p:schemes>
  </p:master>
  <p:master id="213" slidesn="1C5013F,BD675380" type="title"
   href="master213.htm" xmlhref="master213.xml" layout="title_subtitle"
   slots="centerTitle,subTitle,dateTime,footer,slideNumber"/>
  <p:master id="1" slidesn="1C5013D,B3491070" type="notes" href="master01.htm"
   layout="notes" slots="header,dateTime,slideImage,body,footer,slideNumber"/>
  <p:slide id="1" slidesn="1C5013A,94DCDAC0" href="slide0001.htm"
   masterhref="master213.htm" layout="title_subtitle"
   slots="centerTitle,subTitle" overridemasteranimations="t"/>
  <p:slide id="2" slidesn="1C5013A,94DCDAC0" href="slide0002.htm"
   layout="title_body" slots="title,object" overridemasteranimations="t"/>
  <p:slide id="7" slidesn="1C5013A,94DCDAC0" href="slide0007.htm"
   layout="title_body" slots="title,object" overridemasteranimations="t"/>
  <p:slide id="22" slidesn="1C57C7F,AD6538B0" href="slide0022.htm"
   layout="2_columns" slots="title,body,object"/>
  <p:slide id="23" slidesn="1C57C7F,B241E180" href="slide0023.htm"
   layout="2_columns" slots="title,body,object"/>
  <p:slide id="3" slidesn="1C5013A,94DCDAC0" href="slide0003.htm"
   layout="title_body" slots="title,object" overridemasteranimations="t">
   <p:tag name="TIMING" type="string"
    value="|0.7|1.1|0.9|0.7|0.8|0.7|0.7|0.7|0.7|0.8|1|0.6|0.7|0.7|0.7"/>
  </p:slide>
  <p:slide id="4" slidesn="1C5013A,94DCDAC0" href="slide0004.htm"
   layout="2_columns" slots="title,object,object" overridemasteranimations="t"/>
  <p:slide id="5" slidesn="1C5013A,94DCDAC0" href="slide0005.htm"
   layout="title_body" slots="title,object" overridemasteranimations="t"/>
  <p:slide id="21" slidesn="1C5013A,94DCDAC0" href="slide0021.htm"
   layout="title_body" slots="title,object" overridemasteranimations="t">
   <p:tag name="TIMING" type="string" value="|0.5|1.9"/>
  </p:slide>
  <p:slide id="10" slidesn="1C5013A,94DCDAC0" href="slide0010.htm"
   layout="2_columns" slots="title,object,object" overridemasteranimations="t"/>
  <p:slide id="11" slidesn="1C5013A,94DCDAC0" href="slide0011.htm"
   layout="2_columns" slots="title,object,object" overridemasteranimations="t">
   <p:tag name="TIMING" type="string" value="|0.3|1.9"/>
  </p:slide>
  <p:slide id="12" slidesn="1C5013A,94DCDAC0" href="slide0012.htm"
   layout="2_columns" slots="title,object,object" overridemasteranimations="t">
   <p:tag name="TIMING" type="string" value="|0.1|1.3"/>
  </p:slide>
  <p:slide id="13" slidesn="1C5013A,94DCDAC0" href="slide0013.htm"
   layout="2_columns" slots="title,object,object" overridemasteranimations="t">
   <p:tag name="TIMING" type="string" value="|0.5|0.9"/>
  </p:slide>
  <p:slide id="14" slidesn="1C5013A,94DCDAC0" href="slide0014.htm"
   layout="2_columns" slots="title,object,object" overridemasteranimations="t">
   <p:tag name="TIMING" type="string" value="|0.3|1.1"/>
  </p:slide>
  <p:slide id="15" slidesn="1C5013A,94DCDAC0" href="slide0015.htm"
   layout="2_columns" slots="title,object,object" overridemasteranimations="t">
   <p:tag name="TIMING" type="string" value="|1.4|1.3"/>
  </p:slide>
  <p:slide id="24" slidesn="1C57C81,80611A80" href="slide0024.htm"
   layout="title_body" slots="title,body"/>
  <p:slide id="25" slidesn="1C57C81,818B1B90" href="slide0025.htm"
   layout="title_body" slots="title,body"/>
  <p:slide id="26" slidesn="1C57C81,82F7F200" href="slide0026.htm"
   layout="2_columns" slots="title,body,object"/>
  <p:slide id="28" slidesn="1C57C81,86890800" href="slide0028.htm"
   layout="2_columns" slots="title,body,object"/>
  <p:slide id="27" slidesn="1C57C81,843C31D0" href="slide0027.htm"
   layout="2_columns" slots="title,body,object"/>
  <p:slide id="19" slidesn="1C557C0,8476E950" href="slide0019.htm"
   layout="column_2_rows" slots="title,object,object,object"/>
  <p:slide id="20" slidesn="1C557CA,295CE010" href="slide0020.htm"
   layout="column_2_rows" slots="title,body,object,object"/>
  <p:slide id="29" slidesn="1C57C82,F596A350" href="slide0029.htm"
   layout="2_columns" slots="title,body,object"/>
  <p:slide id="30" slidesn="1C57C83,22995000" href="slide0030.htm"
   layout="title_body" slots="title,object"/>
  <p:slide id="16" slidesn="1C5013A,94DCDAC0" href="slide0016.htm"
   masterhref="master213.htm" layout="title_subtitle"
   slots="centerTitle,subTitle" overridemasteranimations="t"/>
  <p:viewstate type="slideView" scale="60" restoredleft="156" restoredtop="903"
   manualadjusttop="t" hideoutlineicons="t"/>
  <p:slideshowsettings pencolor="rgb(255,0,0)" manualadvance="t"/>
  <p:font name="Arial" charset="0" type="4"/>
  <p:font name="Times New Roman" charset="0" type="4" family="18"/>
  <p:font name="Wingdings" charset="2" type="4" family="2"/>
  <p:font name="Symbol" charset="2" type="4" family="18"/>
  <p:headersfooters slidenumber="t"
   footerstr="Proprietary and Confidential Information of Sunvision Software Technologies"
   formatid="2" nouserdate="t" noheader="t" nodate="t" todaydate="t"/>
  <p:headersfooters notes="t" slidenumber="t"/>
  <p:pptdocumentsettings framecolors="WhiteTextOnBlack" hideslideanimation="t"
   browsersupport="v4"/>
 </p:presentation>
 <o:shapedefaults v:ext="edit" spidmax="523270">
  <o:colormru v:ext="edit" colors="black,blue,#cff,#9bc3b9"/>
  <o:colormenu v:ext="edit" fillcolor="#cff"/>
 </o:shapedefaults></xml>