
1,100001,MISS,NEHA GOEL,,NG,P,G,IP SINGH,MKT,MARKTING,21-Aug-2008,,2756567,mba21neha@yahoo.com,,,S,,,,,,,,F,21-Jan-1986,GHAZIABAD,,,,,,CASH,,,,,,,,,,,,,,,,,III-F 237 NEHRU NAGAR,GHAZIABAD,UP,,III-F 237 NEHRU NAGAR,GZB,UP,,UDF

2,100002,MR,SAURABH SHARMA,,SS,P,G,L.K.SHARMA,PERS,PERSONNEL,13-Dec-2007,,9718103779,saurabh_personnel@yahoo.com,,,S,,,,,,,,M,11-Mar-1986,FIROZABAD,,,,,,CASH,,,,,,S.C. SHARMA,SHASHI SHARMA,,,,,,,,,,VIJAY NAGAR GHAZIABAD,GZB,UP,,VIJAY NAGAR GHAZIABAD,GZB,UP,,UDF

3,100003,MR ,A.K CHOUBY,,AK,P,G,IP SINGH,OPR,OPRETION,12-Dec-2006,,2871688,,,,M,,,,,,,,M,6-May-1972,GHAZIABAD,,,,,,CASH,,,,,,H.C.SHARMA,G.M .DEVI,,,,,,,,,,,,,,,,,,UDF

4,100004,MR ,DHARMENDRA KUMAR,,DK,P,G,K.K. SHARMA,IT,SOFTWARE EX,11-Feb-2008,,9312802753,dharmendra_kutarya@yahoo.co.in,,,M,,,,,,,,M,5-Feb-1983,MAMIRPUR,,,,,,CASH,,,,,,CHHOTE LAL,PAN KUMARI,,,,,,,,,,KAILASH NAGAR GHAZIABAD,GZB,U.P,,KAILASH NAGAR GHAZIABAD,GZB,U.P,,UDF

5,100005,MR,AMAR NATH ,,ANS,P,G,L.K.SHARMA,PERS,PERSONNEL,12-Jan-2007,,2871688,,,,M,,,,,,,,M,7-May-1974,GHAZIABAD,,,,,,CASH,,,,,,HARI CHAND,GOMTI DEVI,,,,,,,,,,MEERUT ROAD GHAZIABAD,GZB,U.P.,,MEERUT ROAD GHAZIABAD,GZB,U.P.,,UDF

6,100006,MR,SHATISH PAL SINGH,,SP,P,G,IP SINGH,STR INC,STORE INCHARGE,18-Feb-2007,,9213628596,,,,M,,,,,,,,M,5-Jul-1968,GHAZIABAD,,,,,,CASH,,,,,,BIJENDER SINGH,RAJENDRU DEVI,,,,,,,,,,KRISHNA NAGAR MEERUT ROAD GHAZIABAD,GZB,U.P.,,KRISHNA NAGAR MEERUT ROAD GHAZIABAD,GZB,U.P.,,UDF

7,100007,MISS,NEHA MALIK,,NM,P,G,IP SINGH,OPR,OPRETION,8-Jan-2008,,989944147,,,,S,,,,,,,,F,11-Jan-1983,GHAZIABAD,,,,,,CASH,,,,,,T.K. MALIK,RENU MALIK,,,,,,,,,,6E;DAYA NANAD NAGAR,GZB,U.P.,,6E;DAYA NANAD NAGAR,GZB,U.P.,,UDF

8,100008,MR,ANIL KUMAR SAHLOT,,AK,P,G,IP SINGH,ACC,ACCOUNT,8-Sep-2008,,9711334977,anilkumar_sahlot@yahoo.com,,,M,,,,,,,,M,21-Jan-1969,GHAZIABAD,,,,,,CASH,,,,,,RAJ VIR SINGH,SARDARI,,,,,,,,,,N-54 SEC-23 GHAZIABAD,GZB,U.P.,,N-54 SEC-23 GHAZIABAD,GZB,U.P.,,UDF

9,100009,MR ,RAKESH BHANDARI,,R.B,P,G,IP SINGH,ACC,ACCOUNT,29-Aug-2008,,9868669906,,,,M,,,,,,,,M,10-Jun-1963,GHAZIABAD,,,,,,CASH,,,,,,B.D. BHANDARI,NARESH BHANDARI,,,,,,,,,,43; CHANDER PURI GZB,GZB,U.P.,,43; CHANDER PURI GZB,GZB,U.P.,,UDF

10,100010,MR,LALIT KUMAR SHARMA,,L.K.S,P,G,IP SINGH,PERS,PERSONNEL,3-Feb-2008,,9871737458,,,,M,,,,,,,,M,16-Dec-1965,GHAZIABAD,,,,,,CASH,,,,,,S.R.S SHARMA,USHA RANI SHARMA,,,,,,,,,,F/77 SEC-12; VIJAY NAGAR,GZB,U.P.,,F/77 SEC-12; VIJAY NAGAR,GZB,U.P.,,UDF

11,100011,MR,SANDEEP SINHA,,SS,P,G,L.K.SHARMA,PERS,PERSONNEL,,,,,,,M,,,,,,,,M,,GHAZIABAD,,,,,,CASH,,,,,,,,,,,,,,,,,,,,,,,,,UDF

12,100012,MR ,SANJAY GAUR,,SG,P,G,IP SINGH,MKT,MARKTING,12-May-2008,,9311587714,spnadham_sanjay@yahoo.com,,,M,,,,,,,,M,24-Oct-1974,GHAZIABAD,,,,,,CASH,,,,,,B.M. SHARMA,SANTOSH RANI SHARMA,,,,,,,,,,C-261-LOHIA NAGAR,GZB,U.P.,,C-261-LOHIA NAGAR,GZB,U.P.,,UDF

13,100013,MR,MAHESH CHAND GUPTA,,MCG,P,G,IP SINGH,PERS,RECORD MANAGER,26-Mar-2008,,9958664834,,,,M,,,,,,,,M,7-Nov-1973,GHAZIABAD,,,,,,CASH,,,,,,KEDAR LAL,GANPATI DEVI,,,,,,,,,,HOUSE NO.309 KAILASH NAGAR GZB,GZB,U.P.,,HOUSE NO.309 KAILASH NAGAR GZB,GZB,U.P.,,UDF

14,100014,MR,MUKESH SHARMA,,MS,P,G,L.K.SHARMA,PERS,EPF MANAGER,27-Mar-2001,,9211778857,,,,M,,,,,,,,M,5-Jul-1960,GHAZIABAD,,,,,,CASH,,,,,,B.R.SHARMA,VEGBATI SHARMA,,,,,,,,,,H-250; GOVINDPURM GZB,GZB,U.P.,,H-250; GOVINDPURM GZB,GZB,U.P.,,UDF

15,100015,MISS,NEHA SETHI,,NS,P,G,IP SINGH,P.A.,PERSONAL ASST,25-Aug-2008,,981725859,nehadethi62008@gmail.com,,,S,,,,,,,,F,14-Jul-1989,GHAZIABAD,,,,,,CASH,,,,,,A.K. SETHI,ASHA SETHI,,,,,,,,,,140/7; PREM NAGAR GZB,GZB,U.P.,,140/7; PREM NAGAR GZB,GZB,U.P.,,UDF

16,100016,MR ,AVTAR SINGH,,AS,P,G,IP SINGH,OPR,OPRETION,30-Jun-2007,,9711030404,,,,M,,,,,,,,M,13-Nov-1970,GHAZIABAD,,,,,,CASH,,,,,,JAI RAM SINGH,RAMESHWARI,,,,,,,,,,VILL-DAGARPUR;POST-RATAUL;DIST-BAGPAT,BAGPAT,U.P.,,VILL-DAGARPUR;POST-RATAUL;DIST-BAGPAT,BAGPAT,U.P.,,UDF

17,100017,MR ,S.K .MAHESHWARI,,SK,P,G,IP SINGH,ACC,ACASH MANAGAR,28-May-2008,,9911234041,,,,M,,,,,,,,M,10-Nov-1959,,,,,,,CASH,,,,,,JAI CHAND LAL MAHESHWARI,MALI DEVI,,,,,,,,,,IIA 108; NEHRU NAGAR GZB,GZB,U.P.,,IIA 108; NEHRU NAGAR GZB,GZB,U.P.,,UDF

18,100018,MR,K. K. SHARMA,,KKS,P,G,IP SINGH,IT,SYSTEM SOFT WAREMANEGMENT ,13-Sep-2008,,,krish8pm@yahoo.com,,,M,,,,,,,,M,18-Sep-1974,KANPUR,,,,,,CASH,,,,,,LT.S.B.SHARMA,LT. V. K. SHARMA,,,,,,,,,,F-52; A NANDRAM GZB,GZB,U.P.,,F-52; A NANDRAM GZB,GZB,U.P.,,UDF

19,100019,MR,VIND KUMAR,,V.K,P,G,IP SINGH,DRIVER,DRIVER,31-Jan-2008,,9958327320,,,,M,,,,,,,,M,10-Feb-1972,BSR,,,,,,CASH,,,,,,LAYAK RAM,PRAKASHU DEVI,,,,,,,,,,C-48; AMAR CLY DELHI,DELHI,DELHI,,C-48; AMAR CLY DELHI,DELHI,DELHI,,UDF

20,100020,MRS.,CHAITALI SINGH,,CS,P,G,PRADEEP SINGH,RECP,RECEPTION,8-May-2008,,9968555956,chatali78@yahoo.com,,,M,,,,,,,,F,27-Nov-1978,MORADABAD,,,,,,CASH,,,,,,S.C. SINGH,INDIRA DEVI,,,,,,,,,,B-45; LOHIA NAGAR GHAZIABAD,GZB,U.P.,,B-45; LOHIA NAGAR GHAZIABAD,GZB,U.P.,,UDF


