,,,,CUSTOMER AGREEMENT - AGREED SALARY BREAKUP,,,,,,,,,,,,,,,,,,
CUSTOMER_ID,AGREED RATE,RP_DESC,DESIGINATION,BASIC,DA (%),ESIC (1.75%),EPF (12%),OTHERS_1 (%),OTHERS_2 (%),DEPT_ID,SERVICE TAX,SERVICE CHARGE,LEVEL_ID,SEQ_NUM,ALLOWANCE_TYPE,AMOUNT_FLAG,DEFAULT_AMOUNT,BILLING_CHARGE,PAYING_CHARGE,SALARY_FLAG,BILLING RATE,PAYING RATE
DRWRNO,,,SECURITYGUEARD,3000,50,1.75,12,,,,12,20,,,,,,,,,4327.5,4327.5
DRWRNO,,,GUNMAN,2000,50,1.75,12,,,,12,20,,,,,,,,,2885,2885
AUNO,,,SECURITYGUEARD,3000,50,1.75,12,,,,12,18,,,,,,,,,4267.5,4267.5
AUNO,,,HOUSEKEEPINGWORKER,1500,50,1.75,12,,,,12,18,,,,,,,,,2133.75,2133.75
