S.NO,CUSTOMER_CODE,CUST_TYPE,CUST-CTG,CUST_NAME,CUST_GROUP,STATE_CODE,REDION_ID,STATUS,AGEXPIRY_DATE,ADD_1,ADD_2,ADD_3,CST_FORM_NUM,CST_ FORM_DATE,LST_FORM_NUM,PAN_NUM,TAN_NUM,STRN_NUM,ACCOUNT_NUM,AGREEMENT_DATE,AGR_EXPIRY_DATE,WEEKEND_OFF,LABOUR_LICENCE_NUM,AGR_STATUS,PAYMENT_DAY,SERVICE_CHARGE,SERVICE_TAX,WORKING_DAYS,MANPOWER_QTY,WORKING_HOUR_QTY
1,AUJL,,,AMAR UJALA,AMARUJALA,PUNJAB,,,,A-5; SPORTS AND SURGICAL GOODS COMPLEX KAPURTHALA ROAD; JALANDHAR,,,,,,,,,,1-Apr-06,31-Mar-08,,,,7,10,12.36,6,26,8
2,AUNO,,,AMAR UJALA,AMARUJALA,U.P.,,,,E- 55; SEC. 8; NOIDA,,,,,,,,,,1-Apr-06,31-Mar-08,,,,7,10,12.36,6,42,8
3,AUAG,,,AMAR UJALA,AMARUJALA,U.P.,,,,NEAR GURU KA TAAL; SIKANDRA ROAD AGRA.,,,,,,,,,,1-Apr-07,31-Mar-09,,,,7,10,12.36,6,4,8
4,AUMRT,,,AMAR UJALA,AMARUJALA,U.P.,,,,164; MOHLAMPUR; DELHI ROAD ; MEERUT,,,,,,,,,,1-Apr-07,31-Mar-08,,,,7,10,12.36,6,16,8
5,AUHLDN,,,AMAR UJALA,AMARUJALA,UT.,,,,137;MANPUR WEST; RAMPUR ROAD; HALDWANI,,,,,,,,,,1-Aug-06,31-Jul-08,,,,7,10,12.36,6,6,8
6,AUALGR,,,AMAR UJALA,AMARUJALA,U.P.,,,,SHEEL PALACE; ACHAL TAAL; G T ROAD ALIGARH,,,,,,,,,,1-Oct-06,30-Sep-09,,,,7,10,12.36,6,7,8
7,AUDDN,,,AMAR UJALA,AMARUJALA,UT.,,,,SHED NO. 2; PATEL NAGAR;INDUSTRIAL ESTATE; DEHRADOON.,,,,,,,,,,1-Apr-06,31-Mar-08,,,,7,10,12.36,6,16,8
8,AUKNP,,,AMAR UJALA,AMARUJALA,U.P.,,,,89; GOVERNMENT INDUSTRIAL ESTATE KALPI ROAD; KANPUR,,,,,,,,,,1-Aug-06,31-Jul-08,,,,7,10,12.36,6,17,8
9,AUVRNS,,,AMAR UJALA,AMARUJALA,U.P.,,,,A-6; BIG INDUSTRIAL ESTATE; CHANDPUR VARANASI,,,,,,,,,,1-Jun-06,30-May-08,,,,7,10,12.36,6,22,8
10,AUALBH,,,AMAR UJALA,AMARUJALA,U.P.,,,,G T ROAD BAMRAULI ; ALLAHABAD,,,,,,,,,,1-Mar-08,28-Feb-09,,,,7,10,12.36,6,19,8
11,AAILALG,,,ANAND AGROCHEM INDIA LTD.,NONE,U.P.,,,,28 KM GOPI LADHUA VILL. ALIGARH,,,,,,,,,,,,,,,7,10,12.36,6,2,8
12,APSKSRP,,,ALPS INDUSTRIES LTD,NONE,U.P.,,,,BAJPUR ROAD KASHIPUR,,,,,,,,,,1-Feb-06,31-Jan-08,,,,7,10,12.36,6,0,12
13,AELSNPT,,,AMAR ELASTO LTD.,NONE,HR.,,,,KUNDLI SONIPAT,,,,,,,,,,1-Apr-07,31-Mar-08,,,,7,10,12.36,6,6,8
14,AINDGZB,,,AMBA INDUSTRIES,NONE,U.P.,,,,C- 156; B.S. ROAD INDUSTIAL AREA; GHAZIABAD,,,,,,,,,,31-Mar-08,28-Feb-09,,,,7,10,12.36,6,4,12
15,BELLTPR,,,BHARAT EXPLOSIVE LTD.,NONE,U.P.,,,,JHANSI ROAD LALITPUR,,,,,,,,,,30-Apr-08,29-Apr-09,,,,7,10,12.36,6,0,8
16,BHLBJR,,,BAJAJ HINDUSTAN LTD. ,NONE,U.P.,,,,BELAI ; BIJNOUR,,,,,,,,,,1-Dec-06,30-Sep-07,,,,7,10,12.36,6,23,8
17,CRTNO,,,C & R TEXTILE,NONE,U.P.,,,,A-19 SEC. 60; NOIDA,,,,,,,,,,12-Dec-06,13-Jul-09,,,,7,15,12.36,6,8,12
18,,,,CURIO CRAFT,NONE,U.P.,,,,C-11; SEC. 57; NOIDA.,,,,,,,,,,1-Apr-07,31-Mar-09,,,,7,10,12.36,6,62,8
19,,,,CITIZEN ISPAT PVT. LTD.,NONE,U.P.,,,,KHASRA NO. 513; DUJANA ROAD; GHAZIABAD,,,,,,,,,,14-Mar-08,13-Mar-09,,,,7,7,12.36,6,18,12
20,,,,NEEL KANTH POLYMERS,NONE,HR.,,,,KHILLA No. 48; PIAU MANIHARI ROAD; KUNDLI ;SONIPAT,,,,,,,,,,1-Aug-08,31-Jul-09,,,,7,10,12.36,6,0,12
21,,,,SUSHEELA STEEL,NONE,U.P.,,,,GHAZIABAD,,,,,,,,,,1-Apr-07,31-Mar-08,,,,7,10,12.36,6,2,12
22,,,,SHARMA MACHINE TOOLS,NONE,U.P.,,,,C-92; INDUSTRIAL AREA; BULANDSAHAR ROAD; GHAZIABAD,,,,,,,,,,20-Mar-08,19-Mar-09,,,,7,10,12.36,6,2,12
23,,,,MOHAN ELECTRO CASTING (P) LTD.,NONE,U.P.,,,,C-25;B.S. INDUSTRIAL AREA; GHAZIABAD,,,,,,,,,,28-Jul-08,27-Jul-09,,,,7,10,12.36,6,4,12
24,,,,MITZVAH ENGG. INC.,NONE,U.P.,,,,A-7\119; SOUTHSIDE GT ROAD INDUSTRIAL ROAD; GHAZIABAD,,,,,,,,,,17-Aug-07,16-Apr-09,,,,7,10,12.36,6,3,12
25,,,,MAHENDRA TRANSFARMERS P. LTD.,NONE,U.P.,,,,F-10; SOUTHSIDE GT ROAD; INDUSTRIAL AREA; GHAZIABAD,,,,,,,,,,1-Apr-07,31-Mar-08,,,,7,8,12.36,6,1,12
26,,,,MAHESHWARI WIRE P. LTD.,NONE,U.P.,,,,19-B;MOHKAMPUR;MEERUT,,,,,,,,,,24-Nov-07,23-Nov-08,,,,7,10,12.36,6,1,12
27,,,,TECHNOCHEM ENTERPRISES,NONE,U.P.,,,,KH-18;KAVI NAGAR GHAZIABAD,,,,,,,,,,15-Sep-07,14-Sep-08,,,,7,10,12.36,6,2,8
28,,,,TRAYASH ENTERPRISES,NONE,U.P.,,,,2751/2752;BHOORGARHI; DASNA; GHAZIABAD,,,,,,,,,,10-Mar-07,9-Mar-08,,,,7,15,12.36,6,6,12
29,,,,PUSHP SONS INDUSTRIES LTD.,NONE,DELHI,,,,B-40;OKHLA PHASE- 1; NEW DELHI,,,,,,,,,,,,,,,7,15,12.36,6,0,12
30,,,,PRATEEK BUILDTECH (INDIA) PVT. LTD.,NONE,DELHI,,,,C-177;RAMPRASTHA GHAZIABAD,,,,,,,,,,1-Apr-08,31-Mar-09,,,,7,15,12.36,6,8,12
31,,,,RBG EXPORT,NONE,U.P.,,,,C-32 SECTOR- 59;NOIDA,,,,,,,,,,1-Nov-05,31-sep-2008,,,,7,15,12.36,6,1,12
32,,,,RRB CHEMICALPVT. LTD.,NONE,U.P.,,,,B-9; RDC RAJ NAGAR GHAZIABAD,,,,,,,,,,5-Mar-08,14-Mar-09,,,,7,15,12.36,6,8,12
33,,,,ECO MART COMPANY,NONE,U.P.,,,,177;ANAND INDUSTRIAL ESTATE; MOHAN NAGAR; GHAZIABAD,,,,,,,,,,1-Apr-07,31-Mar-08,,,,7,15,12.36,6,0,8
34,,,,FIEM INDUSTRIES,NONE,HR.,,,,32-MILE STONE GT ROAD KUNDLI SONEPAT ,,,,,,,,,,1-Apr-07,31-Mar-08,,,,7,10,12.36,6,180,8
35,,,,FIEM INDUSTRIES BANGLORE,NONE,KARNATAK,,,,POST ACHITAPALL DIST KRISHNAGAR P.O. KELAMANGLEM  ROAD ACHITAPALLI,,,,,,,,,,,,,,,7,10,12.36,6,0,8
36,,,,FUTRO COMPONENT ,NONE,U.P.,,,,FUTRO COMPONENT (P) LTD 260; KAUSHALYA ROAD ; HAPUR ROAD ; GHAZIABAD.,,,,,,,,,,4-Jan-07,31-Mar-08,,,,7,10,12.36,6,10,12
37,,,,FLYING GOLDEN ,NONE,U.P.,,,,FLYING GOLDEN AMBEDKAR ROAD GHAZIABAD,,,,,,,,,,4-Jan-07,31-Mar-08,,,,7,10,12.36,6,4,8
38,,,,FIEM INDUSTRIES SINIK FARM,NONE,U.P.,,,,FIEM INDUSTRIES LTD 32; MILL STORE; KARNAL GT ROAD KUNDLI SONEPAT HARYANA SAINIK FARM DELHI ,,,,,,,,,,23-Jun-08,22-Jun-09,,,,7,10,12.36,6,7,12
39,,,,GUJRAT FLUROCHEMICALS LTD.,NONE,U.P.,,,,GUJRAT FLUROCHEMICALS LTD PLOT NO 17 SECTOR -16-A PHILIP CITY INOX TOWER NOIDA,,,,,,,,,,7-Jan-07,30-Jun-08,,,,7,10,12.36,6,9,8
40,,,,GO GOYAL ENGG,NONE,U.P.,,,,GO GOYAL ENGG ENTREPRISES G-60; OMDISTRIAL AREA HARIDWAR (U.P.),,,,,,,,,,4-Jan-07,31-Mar-09,,,,7,10,12.36,6,0,12
41,,,,GARG ASSOCIATES ,NONE,U.P.,,,,GARG ASSOCIATES 5; GANDHI NAGAR ; GHAZIABAD,,,,,,,,,,4-Apr-07,31-Mar-08,,,,7,10,12.36,6,1,12
42,,,,GOLDEN RATHI STAR,NONE,U.P.,,,,GOLDEN RATHI STAR INDUSTRIES LTD KHASARA NO 575-*576 DUJANA ROAD PATWARI KA BAGH GOUTAM BHUD NAGAR 203207,,,,,,,,,,6-Jan-07,30-May-08,,,,7,10,12.36,6,3,12
43,,,,HOTZ INDUSTRIES,NONE,U.P,,,,HOTZ INDUSTRIES LTD PLOT NO 25; SURAJPUR KASNA ROAD GREATER NOIDA U.P.,,,,,,,,,,4-Jan-05,31-Mar-06,,,,7,10,12.36,6,396,8
44,,,,H. R. M.,NONE,U. P.,,,,INDEN RIVER MILLS LTD P.O HINDON NAGAR ; DASNA GHAZIABAD U.P.,,,,,,,,,,,,,,,7,10,12.36,6,10,8
45,,,,JAGAN LAMP,NONE,HR.,,,,JAGAN LAMP LTD NARELA PLAU MANIHARI ROAD KUNDLI,,,,,,,,,,8-Jan-08,31-Jul-09,,,,7,10,12.36,6,2,8
46,,,,INOX AIR PRODUCTS ,NONE,HP,,,,INOX AIR PRODUCTS LTD BADDI HIMACHAL PRADESH,,,,,,,,,,16-Nov-06,15-Nov-08,,,,7,10,12.36,6,40,8
47,,,,INOX AIR PRODUCTS NOIDA,NONE,U.P.,,,,INOX AIR PRODUCTS LTD SURAJPUR KASHNA ROAD G. NOIDA GAUTAMNAGAR,,,,,,,,,,8-Jan-08,31-Jul-09,,,,7,10,12.36,6,8,8
48,,,,CHAUDHARY HAMMER,NONE,U.P.,,,,CHAUDHARY HAMMER  WORKS LIMITED GHAZIABAD,,,,,,,,,,,,,,,7,10,12.36,6,7,12
49,,,,HITECH ENGINEERS,NONE,U.P,,,,HI TECH ENGINEERS KH-18; KAVI NAGAR ;GHAZIABAD,,,,,,,,,,,,,,,7,15,12.36,6,1,8
50,,,,INDO ARYA ,NONE,U.P,,,,INDO ARYA GT ROAD ; SAHIBABAD GHAZIABAD,,,,,,,,,,4-Apr-06,4-Mar-08,,,,7,15,12.36,6,3,12
51,,,,C & R TEXTILE,NONE,U.P.,,,,C & R TEXTILE A-19 SECTER -60;,,,,,,,,,,4-Jan-07,31-Mar-08,,,,7,14,12.36,6,5,8
52,,,,C D INDUSTRIES ,NONE,U.P,,,,C D INDUSTRIES  B S ROAD INDUSTRIAL AREA GHAZIABAD ,,,,,,,,,,4-Jan-07,31-Mar-08,,,,7,14,12.36,6,8,12
53,,,,C D P S ,NONE,U. P.,,,,C D P S B- BLOCK (J) PATEL NAGAR -II GHAZIABAD,,,,,,,,,,4-Jan-07,31-Mar-08,,,,7,14,12.36,6,3,8
54,,,,C D G I,NONE,HR.,,,,C D G I ; INDUSTRIAL AREA MODIPURAM; FARIDABAD,,,,,,,,,,4-Jan-07,31-Mar-08,,,,7,14,12.36,6,0,12
55,,,,M R F  TYPE WORLD,NONE,U.P.,,,,M R F  TYPE WORLD G T ROAD ; NEAR  PAWAN  CINEMA GHAZIABAD,,,,,,,,,,4-Jan-07,31-Mar-08,,,,7,14,12.36,6,1,12
56,,,,KRANTI AUTO,NONE,U.P.,,,,KRANTI AUTOMOBILE LTD .KHERRA NO. L99; ALD VILLAGE DELHI ,,,,,,,,,,4-Jan-07,31-Mar-08,,,,7,14,12.36,6,1,12
57,,,,NEOLI SUGAR,NONE,U.P,,,,NEOLI SUGAR  FACTORY PO- NEOLI DIST-ETAH U.P.,,,,,,,,,,10-Jul-06,10-Jun-07,,,,7,12,12.36,6,40,8
61,,,,NUBERG ENTERPRISES,NONE,U.P.,,,,NUBERG ENTERPRISES A-38-H SECTOR 64 NOIDA,,,,,,,,,,6-Jan-07,30-May-08,,,,7,15,12.36,6,4,12
