S.NO,CUSTOMER_CODE,EMPLOYEE_ID,INITIAL_NAME,EMPLOYEE_NAME,EMP_TRACK_ID,SHORT_NAME,EMP_TYPE,EMP_CTG,Reporting Head  ,DEPT_ID,DESIGNATION,Date Of Joining,RESIGINATION_DATE,PHONE NUM,E-MAIL,BUILDING_ID,FLOOR_NUM,MARITAL_STAUS,PAN_IND,PAN_NUM,EPF_IND,EPF_NUM,ESI_IND,ESI_NUM,NSS_NUM,GENDER,Date Of Birth,BIRTH_CITY,RELATIVE_NAME,RELATION-TYPE,APPLICANT_ID,Barcode Number,BANKER_CODE,SALARY MODE ,BANK NAME FOR SALARY ,BANK_ACT_NUM,SALARY_MODE,PAY_CARD_NUM,,FATHER_NAME,MOTHER_NAME,SPOUSE_NAME,PF_NOMINEE_1,PF_NOMINEE_2,ESI_NOMINEE_1,ESI_NOMINEE_2,% OF PF_NOMINEE_1,% OF PF_NOMINEE_2,% OF ESI_NOMINEE_1,% OF ESI_NOMINEE_2,ADDRESS ,CITY ,STATE,PIN CODE,ADDRESS ,CITY ,STATE,PIN CODE,ESI_HOSPITAL_NAME
1,AUPUNKLA,100001,Mr,BHUWAN CHAND,AUPUNKALA/100001,BNC,C,G,VIKASH UPRETI,ADM,ADM,,,UDF,UDF,UDF,UDF,,,1000001,,,,,UDF,M,,UDF,UDF,UDF,UDF,UDF,UDF,PA,ICICI,4629520312773320,PA,UDF,,UDF,UDF,UDF,UDF,UDF,UDF,UDF,UDF,UDF,UDF,UDF,UDF,UDF,UDF,UDF,UDF,UDF,UDF,UDF,UDF
2,AUPUNKLA,100002,Mr,VIKASH UPRETI,AUPUNKALA/100002,VHU,C,G,VIKASH UPRETI,ADM,ADM,,,UDF,UDF,UDF,UDF,,,1000002,,,,,UDF,M,,UDF,UDF,UDF,UDF,UDF,UDF,PA,ICICI,4629520312773320,PA,UDF,,UDF,UDF,UDF,UDF,UDF,UDF,UDF,UDF,UDF,UDF,UDF,UDF,UDF,UDF,UDF,UDF,UDF,UDF,UDF,UDF
3,AUPUNKLA,100003,Mr,NARESH KUMAR,AUPUNKALA/100003,NHK,C,G,VIKASH UPRETI,ADM,ADM,,,UDF,UDF,UDF,UDF,,,1000003,,,,,UDF,M,,UDF,UDF,UDF,UDF,UDF,UDF,PA,ICICI,4629520312773320,PA,UDF,,UDF,UDF,UDF,UDF,UDF,UDF,UDF,UDF,UDF,UDF,UDF,UDF,UDF,UDF,UDF,UDF,UDF,UDF,UDF,UDF
4,AUPUNKLA,100004,Mr,SARVESH KUMAR,AUPUNKALA/100004,SHK,C,G,VIKASH UPRETI,ADM,ADM,,,UDF,UDF,UDF,UDF,,,1000004,,,,,UDF,M,,UDF,UDF,UDF,UDF,UDF,UDF,PA,ICICI,4629520312773320,PA,UDF,,UDF,UDF,UDF,UDF,UDF,UDF,UDF,UDF,UDF,UDF,UDF,UDF,UDF,UDF,UDF,UDF,UDF,UDF,UDF,UDF
5,AUPUNKLA,100005,Mr,RAJESH KUMAR,AUPUNKALA/100005,RHK,C,G,VIKASH UPRETI,ADM,ADM,,,UDF,UDF,UDF,UDF,,,1000005,,,,,UDF,M,,UDF,UDF,UDF,UDF,UDF,UDF,PA,ICICI,4629520312773320,PA,UDF,,UDF,UDF,UDF,UDF,UDF,UDF,UDF,UDF,UDF,UDF,UDF,UDF,UDF,UDF,UDF,UDF,UDF,UDF,UDF,UDF
6,AUPUNKLA,100006,Mr,MOHAN SINGH,AUPUNKALA/100006,MNS,C,G,VIKASH UPRETI,ADM,ADM,,,UDF,UDF,UDF,UDF,,,1000006,,,,,UDF,M,,UDF,UDF,UDF,UDF,UDF,UDF,PA,ICICI,4629520312773330,PA,UDF,,UDF,UDF,UDF,UDF,UDF,UDF,UDF,UDF,UDF,UDF,UDF,UDF,UDF,UDF,UDF,UDF,UDF,UDF,UDF,UDF
7,AUPUNKLA,100007,Mr,HARJINDER SINGH,AUPUNKALA/100007,HRS,C,G,VIKASH UPRETI,ADM,ADM,,,UDF,UDF,UDF,UDF,,,1000007,,,,,UDF,M,,UDF,UDF,UDF,UDF,UDF,UDF,PA,ICICI,4629520312773330,PA,UDF,,UDF,UDF,UDF,UDF,UDF,UDF,UDF,UDF,UDF,UDF,UDF,UDF,UDF,UDF,UDF,UDF,UDF,UDF,UDF,UDF
8,AUPUNKLA,100008,Mr,RAMESH KUMAR,AUPUNKALA/100008,RHK,C,G,VIKASH UPRETI,ADM,ADM,,,UDF,UDF,UDF,UDF,,,1000008,,,,,UDF,M,,UDF,UDF,UDF,UDF,UDF,UDF,PA,ICICI,4629520312773330,PA,UDF,,UDF,UDF,UDF,UDF,UDF,UDF,UDF,UDF,UDF,UDF,UDF,UDF,UDF,UDF,UDF,UDF,UDF,UDF,UDF,UDF
9,AUPUNKLA,100009,Mr,ASHOK RANA,AUPUNKALA/100009,AKR,C,G,VIKASH UPRETI,ADM,ADM,,,UDF,UDF,UDF,UDF,,,1000009,,,,,UDF,M,,UDF,UDF,UDF,UDF,UDF,UDF,PA,ICICI,4629520312773330,PA,UDF,,UDF,UDF,UDF,UDF,UDF,UDF,UDF,UDF,UDF,UDF,UDF,UDF,UDF,UDF,UDF,UDF,UDF,UDF,UDF,UDF
10,AUPUNKLA,100010,Mr,HANS RAJ,AUPUNKALA/100010,HSR,C,G,VIKASH UPRETI,ADM,ADM,,,UDF,UDF,UDF,UDF,,,1000010,,,,,UDF,M,,UDF,UDF,UDF,UDF,UDF,UDF,PA,ICICI,4629520312773330,PA,UDF,,UDF,UDF,UDF,UDF,UDF,UDF,UDF,UDF,UDF,UDF,UDF,UDF,UDF,UDF,UDF,UDF,UDF,UDF,UDF,UDF
11,AUPUNKLA,100011,Mr,NOKHI RAM,AUPUNKALA/100011,NIM,C,G,VIKASH UPRETI,ADM,ADM,,,UDF,UDF,UDF,UDF,,,1000011,,,,,UDF,M,,UDF,UDF,UDF,UDF,UDF,UDF,PA,ICICI,4629520312773330,PA,UDF,,UDF,UDF,UDF,UDF,UDF,UDF,UDF,UDF,UDF,UDF,UDF,UDF,UDF,UDF,UDF,UDF,UDF,UDF,UDF,UDF
12,AUPUNKLA,100012,Mr,INDER DEEP SINGH,AUPUNKALA/100012,IDS,C,G,VIKASH UPRETI,ADM,ADM,,,UDF,UDF,UDF,UDF,,,1000012,,,,,UDF,M,,UDF,UDF,UDF,UDF,UDF,UDF,PA,ICICI,4629520312773330,PA,UDF,,UDF,UDF,UDF,UDF,UDF,UDF,UDF,UDF,UDF,UDF,UDF,UDF,UDF,UDF,UDF,UDF,UDF,UDF,UDF,UDF
13,AUPUNKLA,100013,Mr,RAJ KUMAR,AUPUNKALA/100013,RJK,C,G,VIKASH UPRETI,ADM,ADM,,,UDF,UDF,UDF,UDF,,,1000013,,,,,UDF,M,,UDF,UDF,UDF,UDF,UDF,UDF,PA,ICICI,4629520312773330,PA,UDF,,UDF,UDF,UDF,UDF,UDF,UDF,UDF,UDF,UDF,UDF,UDF,UDF,UDF,UDF,UDF,UDF,UDF,UDF,UDF,UDF
14,AUPUNKLA,100014,Mr,RAKESH KUMAR-II,AUPUNKALA/100014,RHK2,C,G,VIKASH UPRETI,ADM,ADM,,,UDF,UDF,UDF,UDF,,,1000014,,,,,UDF,M,,UDF,UDF,UDF,UDF,UDF,UDF,PA,ICICI,4629520312773330,PA,UDF,,UDF,UDF,UDF,UDF,UDF,UDF,UDF,UDF,UDF,UDF,UDF,UDF,UDF,UDF,UDF,UDF,UDF,UDF,UDF,UDF
15,AUPUNKLA,100015,Mr,DEVINDER SINGH,AUPUNKALA/100015,DRS,C,G,VIKASH UPRETI,ADM,ADM,,,UDF,UDF,UDF,UDF,,,1000015,,,,,UDF,M,,UDF,UDF,UDF,UDF,UDF,UDF,PA,ICICI,4629520312773330,PA,UDF,,UDF,UDF,UDF,UDF,UDF,UDF,UDF,UDF,UDF,UDF,UDF,UDF,UDF,UDF,UDF,UDF,UDF,UDF,UDF,UDF
16,AUPUNKLA,100016,Mr,MISS ARCHANA RAWAT,AUPUNKALA/100016,MAR,C,G,VIKASH UPRETI,ADM,ADM,,,UDF,UDF,UDF,UDF,,,1000016,,,,,UDF,M,,UDF,UDF,UDF,UDF,UDF,UDF,PA,ICICI,4629520312773340,PA,UDF,,UDF,UDF,UDF,UDF,UDF,UDF,UDF,UDF,UDF,UDF,UDF,UDF,UDF,UDF,UDF,UDF,UDF,UDF,UDF,UDF
17,AUPUNKLA,100017,Mr,RAJESH KUMAR-II,AUPUNKALA/100017,RJ2,C,G,VIKASH UPRETI,ADM,ADM,,,UDF,UDF,UDF,UDF,,,1000017,,,,,UDF,M,,UDF,UDF,UDF,UDF,UDF,UDF,PA,ICICI,4629520312773340,PA,UDF,,UDF,UDF,UDF,UDF,UDF,UDF,UDF,UDF,UDF,UDF,UDF,UDF,UDF,UDF,UDF,UDF,UDF,UDF,UDF,UDF
18,AUPUNKLA,100018,Mr,DHANPAT RAM,AUPUNKALA/100018,DTR,C,G,VIKASH UPRETI,ADM,ADM,,,UDF,UDF,UDF,UDF,,,1000018,,,,,UDF,M,,UDF,UDF,UDF,UDF,UDF,UDF,PA,ICICI,4629520312773340,PA,UDF,,UDF,UDF,UDF,UDF,UDF,UDF,UDF,UDF,UDF,UDF,UDF,UDF,UDF,UDF,UDF,UDF,UDF,UDF,UDF,UDF
19,AUPUNKLA,100019,Mr,MANGAT RAM,AUPUNKALA/100019,MTR,C,G,VIKASH UPRETI,ADM,ADM,,,UDF,UDF,UDF,UDF,,,1000019,,,,,UDF,M,,UDF,UDF,UDF,UDF,UDF,UDF,PA,ICICI,4629520312773340,PA,UDF,,UDF,UDF,UDF,UDF,UDF,UDF,UDF,UDF,UDF,UDF,UDF,UDF,UDF,UDF,UDF,UDF,UDF,UDF,UDF,UDF
20,AUPUNKLA,100020,Mr,RAM BALI,AUPUNKALA/100020,RMB,C,G,VIKASH UPRETI,ADM,ADM,,,UDF,UDF,UDF,UDF,,,1000020,,,,,UDF,M,,UDF,UDF,UDF,UDF,UDF,UDF,PA,ICICI,4629520312773340,PA,UDF,,UDF,UDF,UDF,UDF,UDF,UDF,UDF,UDF,UDF,UDF,UDF,UDF,UDF,UDF,UDF,UDF,UDF,UDF,UDF,UDF
21,AUPUNKLA,100021,Mr,VISHAN SINGH,AUPUNKALA/100021,VNS,C,G,VIKASH UPRETI,ADM,ADM,,,UDF,UDF,UDF,UDF,,,1000021,,,,,UDF,M,,UDF,UDF,UDF,UDF,UDF,UDF,PA,ICICI,4629520312773340,PA,UDF,,UDF,UDF,UDF,UDF,UDF,UDF,UDF,UDF,UDF,UDF,UDF,UDF,UDF,UDF,UDF,UDF,UDF,UDF,UDF,UDF
22,AUPUNKLA,100022,Mr,JASWINDER SINGH,AUPUNKALA/100022,JRS,C,G,VIKASH UPRETI,ADM,ADM,,,UDF,UDF,UDF,UDF,,,1000022,,,,,UDF,M,,UDF,UDF,UDF,UDF,UDF,UDF,PA,ICICI,4629520312773340,PA,UDF,,UDF,UDF,UDF,UDF,UDF,UDF,UDF,UDF,UDF,UDF,UDF,UDF,UDF,UDF,UDF,UDF,UDF,UDF,UDF,UDF
23,AUPUNKLA,100023,Mr,JAGAT RAM,AUPUNKALA/100023,JTR,C,G,VIKASH UPRETI,ADM,ADM,,,UDF,UDF,UDF,UDF,,,1000023,,,,,UDF,M,,UDF,UDF,UDF,UDF,UDF,UDF,PA,ICICI,4629520312773340,PA,UDF,,UDF,UDF,UDF,UDF,UDF,UDF,UDF,UDF,UDF,UDF,UDF,UDF,UDF,UDF,UDF,UDF,UDF,UDF,UDF,UDF
24,AUPUNKLA,100024,Mr,PREETAM KUMAR,AUPUNKALA/100024,PMK,C,G,VIKASH UPRETI,ADM,ADM,,,UDF,UDF,UDF,UDF,,,1000024,,,,,UDF,M,,UDF,UDF,UDF,UDF,UDF,UDF,PA,ICICI,4629520312773340,PA,UDF,,UDF,UDF,UDF,UDF,UDF,UDF,UDF,UDF,UDF,UDF,UDF,UDF,UDF,UDF,UDF,UDF,UDF,UDF,UDF,UDF
25,AUPUNKLA,100025,Mr,PRAVEEN KR,AUPUNKALA/100025,PNK,C,G,VIKASH UPRETI,ADM,ADM,,,UDF,UDF,UDF,UDF,,,1000025,,,,,UDF,M,,UDF,UDF,UDF,UDF,UDF,UDF,PA,ICICI,4629520312773340,PA,UDF,,UDF,UDF,UDF,UDF,UDF,UDF,UDF,UDF,UDF,UDF,UDF,UDF,UDF,UDF,UDF,UDF,UDF,UDF,UDF,UDF
26,AUPUNKLA,100026,Mr,LALOO PD.,AUPUNKALA/100026,LOP,C,G,VIKASH UPRETI,ADM,ADM,,,UDF,UDF,UDF,UDF,,,1000026,,,,,UDF,M,,UDF,UDF,UDF,UDF,UDF,UDF,PA,ICICI,4629520312773350,PA,UDF,,UDF,UDF,UDF,UDF,UDF,UDF,UDF,UDF,UDF,UDF,UDF,UDF,UDF,UDF,UDF,UDF,UDF,UDF,UDF,UDF
27,AUPUNKLA,100027,Mr,RAVI KUMAR,AUPUNKALA/100027,RIK,C,G,VIKASH UPRETI,ADM,ADM,,,UDF,UDF,UDF,UDF,,,1000027,,,,,UDF,M,,UDF,UDF,UDF,UDF,UDF,UDF,PA,ICICI,4629520312773350,PA,UDF,,UDF,UDF,UDF,UDF,UDF,UDF,UDF,UDF,UDF,UDF,UDF,UDF,UDF,UDF,UDF,UDF,UDF,UDF,UDF,UDF
28,AUPUNKLA,100028,Mr,INDER SINGH,AUPUNKALA/100028,IRS,C,G,VIKASH UPRETI,ADM,ADM,,,UDF,UDF,UDF,UDF,,,1000028,,,,,UDF,M,,UDF,UDF,UDF,UDF,UDF,UDF,PA,ICICI,4629520312773350,PA,UDF,,UDF,UDF,UDF,UDF,UDF,UDF,UDF,UDF,UDF,UDF,UDF,UDF,UDF,UDF,UDF,UDF,UDF,UDF,UDF,UDF
29,AUPUNKLA,100029,Mr,KARAN ,AUPUNKALA/100029,KRN,C,G,VIKASH UPRETI,ADM,ADM,,,UDF,UDF,UDF,UDF,,,1000029,,,,,UDF,M,,UDF,UDF,UDF,UDF,UDF,UDF,PA,ICICI,4629520312773350,PA,UDF,,UDF,UDF,UDF,UDF,UDF,UDF,UDF,UDF,UDF,UDF,UDF,UDF,UDF,UDF,UDF,UDF,UDF,UDF,UDF,UDF
,,,,,,,,,,,,,,,,,,,,,,,,,,,,,,,,,,,,,,,,,,,,,,,,,,,,,,,,,,,
,,,,,,,,,,,,,,,,,,,,,,,,,,,,,,,,,,,,,,,,,,,,,,,,,,,,,,,,,,,
,,,,,,,,,,,,,,,,,,,,,,,,,,,,,,,,,,,,,,,,,,,,,,,,,,,,,,,,,,,
,,,,,,,,,,,,,,,,,,,,,,,,,,,,,,,,,,,,,,,,,,,,,,,,,,,,,,,,,,,
,,,,,,,,,,,,,,,,,,,,,,,,,,,,,,,,,,,,,,,,,,,,,,,,,,,,,,,,,,,
,,,,,,,,,,,,,,,,,,,,,,,,,,,,,,,,,,,,,,,,,,,,,,,,,,,,,,,,,,,
,,,,,,,,,,,,,,,,,,,,,,,,,,,,,,,,,,,,,,,,,,,,,,,,,,,,,,,,,,,
,,,,,,,,,,,,,,,,,,,,,,,,,,,,,,,,,,,,,,,,,,,,,,,,,,,,,,,,,,,
,,,,,,,,,,,,,,,,,,,,,,,,,,,,,,,,,,,,,,,,,,,,,,,,,,,,,,,,,,,
,,,,,,,,,,,,,,,,,,,,,,,,,,,,,,,,,,,,,,,,,,,,,,,,,,,,,,,,,,,
,,,,,,,,,,,,,,,,,,,,,,,,,,,,,,,,,,,,,,,,,,,,,,,,,,,,,,,,,,,
,,,,,,,,,,,,,,,,,,,,,,,,,,,,,,,,,,,,,,,,,,,,,,,,,,,,,,,,,,,
,,,,,,,,,,,,,,,,,,,,,,,,,,,,,,,,,,,,,,,,,,,,,,,,,,,,,,,,,,,
,,,,,,,,,,,,,,,,,,,,,,,,,,,,,,,,,,,,,,,,,,,,,,,,,,,,,,,,,,,
,,,,,,,,,,,,,,,,,,,,,,,,,,,,,,,,,,,,,,,,,,,,,,,,,,,,,,,,,,,
,,,,,,,,,,,,,,,,,,,,,,,,,,,,,,,,,,,,,,,,,,,,,,,,,,,,,,,,,,,
,,,,,,,,,,,,,,,,,,,,,,,,,,,,,,,,,,,,,,,,,,,,,,,,,,,,,,,,,,,
,,,,,,,,,,,,,,,,,,,,,,,,,,,,,,,,,,,,,,,,,,,,,,,,,,,,,,,,,,,
,,,,,,,,,,,,,,,,,,,,,,,,,,,,,,,,,,,,,,,,,,,,,,,,,,,,,,,,,,,
,,,,,,,,,,,,,,,,,,,,,,,,,,,,,,,,,,,,,,,,,,,,,,,,,,,,,,,,,,,
,,,,,,,,,,,,,,,,,,,,,,,,,,,,,,,,,,,,,,,,,,,,,,,,,,,,,,,,,,,
,,,,,,,,,,,,,,,,,,,,,,,,,,,,,,,,,,,,,,,,,,,,,,,,,,,,,,,,,,,
,,,,,,,,,,,,,,,,,,,,,,,,,,,,,,,,,,,,,,,,,,,,,,,,,,,,,,,,,,,
,,,,,,,,,,,,,,,,,,,,,,,,,,,,,,,,,,,,,,,,,,,,,,,,,,,,,,,,,,,
,,,,,,,,,,,,,,,,,,,,,,,,,,,,,,,,,,,,,,,,,,,,,,,,,,,,,,,,,,,
,,,,,,,,,,,,,,,,,,,,,,,,,,,,,,,,,,,,,,,,,,,,,,,,,,,,,,,,,,,
,,,,,,,,,,,,,,,,,,,,,,,,,,,,,,,,,,,,,,,,,,,,,,,,,,,,,,,,,,,
,,,,,,,,,,,,,,,,,,,,,,,,,,,,,,,,,,,,,,,,,,,,,,,,,,,,,,,,,,,
,,,,,,,,,,,,,,,,,,,,,,,,,,,,,,,,,,,,,,,,,,,,,,,,,,,,,,,,,,,
,,,,,,,,,,,,,,,,,,,,,,,,,,,,,,,,,,,,,,,,,,,,,,,,,,,,,,,,,,,
,,,,,,,,,,,,,,,,,,,,,,,,,,,,,,,,,,,,,,,,,,,,,,,,,,,,,,,,,,,
,,,,,,,,,,,,,,,,,,,,,,,,,,,,,,,,,,,,,,,,,,,,,,,,,,,,,,,,,,,
,,,,,,,,,,,,,,,,,,,,,,,,,,,,,,,,,,,,,,,,,,,,,,,,,,,,,,,,,,,
,,,,,,,,,,,,,,,,,,,,,,,,,,,,,,,,,,,,,,,,,,,,,,,,,,,,,,,,,,,
,,,,,,,,,,,,,,,,,,,,,,,,,,,,,,,,,,,,,,,,,,,,,,,,,,,,,,,,,,,
,,,,,,,,,,,,,,,,,,,,,,,,,,,,,,,,,,,,,,,,,,,,,,,,,,,,,,,,,,,
,,,,,,,,,,,,,,,,,,,,,,,,,,,,,,,,,,,,,,,,,,,,,,,,,,,,,,,,,,,
,,,,,,,,,,,,,,,,,,,,,,,,,,,,,,,,,,,,,,,,,,,,,,,,,,,,,,,,,,,
,,,,,,,,,,,,,,,,,,,,,,,,,,,,,,,,,,,,,,,,,,,,,,,,,,,,,,,,,,,
,,,,,,,,,,,,,,,,,,,,,,,,,,,,,,,,,,,,,,,,,,,,,,,,,,,,,,,,,,,
,,,,,,,,,,,,,,,,,,,,,,,,,,,,,,,,,,,,,,,,,,,,,,,,,,,,,,,,,,,
,,,,,,,,,,,,,,,,,,,,,,,,,,,,,,,,,,,,,,,,,,,,,,,,,,,,,,,,,,,
,,,,,,,,,,,,,,,,,,,,,,,,,,,,,,,,,,,,,,,,,,,,,,,,,,,,,,,,,,,
,,,,,,,,,,,,,,,,,,,,,,,,,,,,,,,,,,,,,,,,,,,,,,,,,,,,,,,,,,,
,,,,,,,,,,,,,,,,,,,,,,,,,,,,,,,,,,,,,,,,,,,,,,,,,,,,,,,,,,,
,,,,,,,,,,,,,,,,,,,,,,,,,,,,,,,,,,,,,,,,,,,,,,,,,,,,,,,,,,,
,,,,,,,,,,,,,,,,,,,,,,,,,,,,,,,,,,,,,,,,,,,,,,,,,,,,,,,,,,,
,,,,,,,,,,,,,,,,,,,,,,,,,,,,,,,,,,,,,,,,,,,,,,,,,,,,,,,,,,,
,,,,,,,,,,,,,,,,,,,,,,,,,,,,,,,,,,,,,,,,,,,,,,,,,,,,,,,,,,,
,,,,,,,,,,,,,,,,,,,,,,,,,,,,,,,,,,,,,,,,,,,,,,,,,,,,,,,,,,,
,,,,,,,,,,,,,,,,,,,,,,,,,,,,,,,,,,,,,,,,,,,,,,,,,,,,,,,,,,,
,,,,,,,,,,,,,,,,,,,,,,,,,,,,,,,,,,,,,,,,,,,,,,,,,,,,,,,,,,,
,,,,,,,,,,,,,,,,,,,,,,,,,,,,,,,,,,,,,,,,,,,,,,,,,,,,,,,,,,,
,,,,,,,,,,,,,,,,,,,,,,,,,,,,,,,,,,,,,,,,,,,,,,,,,,,,,,,,,,,
,,,,,,,,,,,,,,,,,,,,,,,,,,,,,,,,,,,,,,,,,,,,,,,,,,,,,,,,,,,
,,,,,,,,,,,,,,,,,,,,,,,,,,,,,,,,,,,,,,,,,,,,,,,,,,,,,,,,,,,
,,,,,,,,,,,,,,,,,,,,,,,,,,,,,,,,,,,,,,,,,,,,,,,,,,,,,,,,,,,
,,,,,,,,,,,,,,,,,,,,,,,,,,,,,,,,,,,,,,,,,,,,,,,,,,,,,,,,,,,
,,,,,,,,,,,,,,,,,,,,,,,,,,,,,,,,,,,,,,,,,,,,,,,,,,,,,,,,,,,
1,,,,,,,,,,,,,,,,,,,,,,,,,,,,,,,,,,,,,,,,,,,,,,,,,,,,,,,,,,,
