CUSTOMER ID,MONTH,EMP NAME,EMP ID,EMP TRACK ID,PRASENT,ABSENT
AUPUNKLA,Oct,BHUWAN CHAND,100001,AUPUNKLA/100001,0,31
AUPUNKLA,Oct,VIKASH UPRETI,100001,AUPUNKLA/100002,26,5
AUPUNKLA,Oct,NARESH KUMAR,100001,AUPUNKLA/100003,30,1
AUPUNKLA,Oct,SARVESH KUMAR,100001,AUPUNKLA/100004,31,0
AUPUNKLA,Oct,RAJESH KUMAR,100001,AUPUNKLA/100005,30,1
AUPUNKLA,Oct,MOHAN SINGH,100001,AUPUNKLA/100006,27,4
AUPUNKLA,Oct,HARJINDER SINGH,100001,AUPUNKLA/100007,31,0
AUPUNKLA,Oct,RAMESH KUMAR,100001,AUPUNKLA/100008,31,0
AUPUNKLA,Oct,ASHOK RANA,100001,AUPUNKLA/100009,28,3
AUPUNKLA,Oct,HANS RAJ,100001,AUPUNKLA/100010,6,25
AUPUNKLA,Oct,NOKHI RAM,100001,AUPUNKLA/100011,27,4
AUPUNKLA,Oct,INDER DEEP SINGH,100001,AUPUNKLA/100012,30,1
AUPUNKLA,Oct,RAJ KUMAR,100001,AUPUNKLA/100013,31,0
AUPUNKLA,Oct,RAKESH KUMAR-II,100001,AUPUNKLA/100014,31,0
AUPUNKLA,Oct,DEVINDER SINGH,100001,AUPUNKLA/100015,31,0
AUPUNKLA,Oct,MISS ARCHANA RAWAT,100001,AUPUNKLA/100016,26,5
AUPUNKLA,Oct,RAJESH KUMAR-II,100001,AUPUNKLA/100017,31,0
AUPUNKLA,Oct,DHANPAT RAM,100001,AUPUNKLA/100018,31,0
AUPUNKLA,Oct,MANGAT RAM,100001,AUPUNKLA/100019,31,0
AUPUNKLA,Oct,RAM BALI,100001,AUPUNKLA/100020,18,13
AUPUNKLA,Oct,VISHAN SINGH,100001,AUPUNKLA/100021,31,0
AUPUNKLA,Oct,JASWINDER SINGH,100001,AUPUNKLA/100022,30,1
AUPUNKLA,Oct,JAGAT RAM,100001,AUPUNKLA/100023,31,0
AUPUNKLA,Oct,PREETAM KUMAR,100001,AUPUNKLA/100024,31,0
AUPUNKLA,Oct,PRAVEEN KR,100001,AUPUNKLA/100025,31,0
AUPUNKLA,Oct,LALOO PD.,100001,AUPUNKLA/100026,31,0
AUPUNKLA,Oct,RAVI KUMAR,100001,AUPUNKLA/100027,31,0
AUPUNKLA,Oct,INDER SINGH,100001,AUPUNKLA/100028,29,2
AUPUNKLA,Oct,KARAN ,100001,AUPUNKLA/100029,31,0
