student_name,father_name,mother_name,Mailing Address,City of Mailing Address,State of Mailing Address,Country of Mailing Address,Father Nationality,Mother Nationality,Father Occupation,Mother Occupation,date_of_birth,gender,student_ctg,Admission Mode,class_roll_num,university_roll_num,Enrollment Num,course,stream,year,semester,section,batch
Elina,Pinto,Margret,10 Janpath, Connought Place,National Capital Territory of Delhi,India,India,India,Govt Service,Housewife,01-Jan-1965,Female (F),GEN,Counselling (C),1,111001,111001,Bachelor of Technology,Computer Sc. and engg.,1,1,A,2008-2009
Ravi,Kavi,Kavita,234, Anand Vihar,National Capital Territory of Delhi,India,India,India,Govt Service,Housewife,01-Jan-1970,Male (M),GEN,Counselling (C),2,111002,111002,Bachelor of Technology,Computer Sc. and engg.,1,1,A,2008-2009
Amitabh,Harivansh,Mother Amitabh,234, Shahdra,National Capital Territory of Delhi,India,India,India,Business,Housewife,01-Jan-1969,Male (M),GEN,Counselling (C),3,111003,111003,Bachelor of Technology,Computer Sc. and engg.,1,1,A,2008-2009
Abhishek,Amitabh,Jaya,234, RK Puram,National Capital Territory of Delhi,India,India,India,Govt Service,Housewife,01-Jan-1971,Male (M),GEN,Counselling (C),4,111004,111004,Bachelor of Technology,Computer Sc. and engg.,1,1,A,2008-2009
Course,Course Stream,State,Country,Bachelor of Business Administration,Bachelor of Fashion and Apparel Design (BFAD),Andaman and Nicobar Islands,Afghanistan,Bachelor of Computer Application,BHMCT,Andhra Pradesh,Albania,Bachelor of Technology,Agricultural Engg.,Arunachal Pradesh,Algeria,Master of Business Administration,Agriculture Engineering,Assam,American Samoa,Master of Computer Application,Applied Electronics and Instrumentation Engg.,Bihar,Andorra,Master of Technology,Architecture,Chandigarh,Angola,Post Graduate Diploma in Business Mgt,Bachelor of Pharmacy,Chattisgarh,Anguilla,Bio-Chemical Engg.,Dadra and Nagar Haveli,Antigua,Bio-Technology,Daman and Diu,Argentina,Carpet Technology,Goa,Armenia,Ceramic Technology,Gujarat,Aruba,Chemical and Alcohol Technology,Haryana,Ascension,Chemical and Bio Engg,Himachal Pradesh,Australia,Chemical Engg.,Jammu and Kashmir,Australian External Territories,Civil Engg.,Jharkhand,Austria,Comp. Engg. and Information Technology,Karnataka,Azerbaijan,Computer Engg.,Kerala,Bahamas,Computer Sc. and engg.,Lakshadweep,Bahrain,Computer Science,Madhya Pradesh,Bangladesh,Electrical and Electronics engg.,Maharashtra,Barbados,Electrical Engg.,Manipur,Barbuda,Electronics and Communication Engg.,Meghalaya,Belarus,Electronics and Instrumentation Engg.,Mizoram,Belgium,Electronics and Telecommunication Engg.,Nagaland,Belize,Electronics Engg.,National Capital Territory of Delhi,Benin,Electronics Instrumentation and Controll Engg.,Orissa,Bermuda,Food Technology and Engg.,Puducherry,Bhutan,Industrial and Production Engg.,Punjab,Bolivia,Information Science,Rajasthan,Bosnia and Herzegovina,Information Technology,Sikkim,Botswana,Instrumentation and Control Engg.,Tamil Nadu,Brazil,Instrumentation Engg.,Tripura,British Virgin Islands,Leather Technology,Uttarakhand,Brunei Darussalam,Man-made Fibre Technology,Uttar Pradesh,Bulgaria,Manufacturing Technology,West Bengal,Burkina Faso,Mechanical and Industrial Engg.,Burundi,Mechanical Technology,Cambodia,Metallurgical Engg.,Cameroon,Mining Engg.,Canada,Oil Technology,Cape Verde Islands,Paint Technology,Cayman Islands,Plastic Technology,Central African Republic,Production and Industrial Engg.,Chad,Production Engg.,Chatham Island (New Zealand),Sugar Technology,Chile,Textile Chemistry,China (PRC),Textile Engg.,Christmas Island,Textile Technology,Cocos-Keeling Islands,Finance,CodIvoire (Ivory Coast),Human Resource,Colombia,Information Technology,Comoros,Marketing,Congo,Congo Dem Rep Of Zaire,Cook Islands,Costa Rica,Croatia,Cuba,Cuba (Guantanamo Bay),Curac,Cyprus,Czech Republic,Denmark,Diego Garcia,Djibouti,Dominica,Dominican Republic,Easter Island,East Timor,Ecuador,Egypt,Ellipso (Mobile Satellite service),El Salvador,EMSAT (Mobile Satellite service),Equatorial Guinea,Eritrea,Estonia,Ethiopia,Falkland Islands,Faroe Islands,Fiji Islands,Finland,France,French Antilles,French Guiana,French Polynesia,Gabonese Republic,Gambia,Georgia,Germany,Ghana,Gibraltar,Global Mobile Satellite System (GMSS),Globalstar (Mobile Satellite Service),Greece,Greenland,Grenada,Guadeloupe,Guam,Guantanamo Bay,Guatemala,Guinea,Guinea-Bissau,Guyana,Haiti,Honduras,Hong Kong,Hungary,Iceland,India,Indonesia,Inmarsat (Atlantic Ocean - East),Inmarsat (Atlantic Ocean - West),Inmarsat (Indian Ocean),Inmarsat (Pacific Ocean),Inmarsat SNAC,International Freephone Service,International Shared Cost Service (ISCS),Iran,Iraq,Ireland,Iridium (Mobile Satellite service),Israel,Italy,Jamaica,Japan,Jordan,Kazakhstan,Kenya,Kiribati,Korea (North),Korea (South),Kuwait,Kyrgyz Republic,Laos,Latvia,Lebanon,Lesotho,Liberia,Libya,Liechtenstein,Lithuania,Luxembourg,Macao,Macedonia,Madagascar,Malawi,Malaysia,Maldives,Mali Republic,Malta,Marshall Islands,Martinique,Mauritania,Mauritius,Mayotte Island,Mexico,Micronesia Federal States,Midway Island,Moldova,Monaco,Mongolia,Montenegro,Montserrat,Morocco,Mozambique,Myanmar,Namibia,Nauru,Nepal,Netherlands,Netherlands Antilles,Nevis,New Caledonia,New Zealand,Nicaragua,Niger,Nigeria,Niue,Norfolk Island,Northern Marianas Islands (Saipan Rota and Tinian),Norway,Oman,Pakistan,Palau,Palestinian Settlements,Panama,Papua New Guinea,Paraguay,Peru,Philippines,Poland,Portugal,Puerto Rico,Qatar,Reion Island,Romania,Russia,Rwandese Republic,Samoa,San Marino,SaTomend Principe,Saudi Arabia,Senegal,Serbia,Seychelles Republic,Sierra Leone,Singapore,Slovak Republic,Slovenia,Solomon Islands,Somali Democratic Republic,South Africa,Spain,Sri Lanka,St Helena,St Kitts/Nevis,St Lucia,St Pierre and Miquelon,St Vincent and Grenadines,Sudan,Suriname,Swaziland,Sweden,Switzerland,Syria,Taiwan,Tajikistan,Tanzania,Thailand,Thuraya (Mobile Satellite service),Timor Leste,Togolese Republic,Tokelau,Tonga Islands,Trinidad and Tobago,Tunisia,Turkey,Turkmenistan,Turks and Caicos Islands,Tuvalu,Uganda,Ukraine,United Arab Emirates,United Kingdom,United States of America,Universal Personal Telecommunications (UPT),Uruguay,US Virgin Islands,Uzbekistan,Vanuatu,Vatican City,Venezuela,Vietnam,Wake Island,Wallis and Futuna Islands,Yemen,Zambia,Zanzibar,Zimbabwe,