1,10001,MR,L K SHARMA,MSEGZB/10001,LKS,P,G,IP SINGH,PO,HRMGR,03-Feb-2008,,9871737458,,MEKGU,2nd ,M,,,,,,,,M,16-Dec-1965,Ghaziabad,,,,,,CASH,,,,,,S R S Sharma,Usha Rani Sharma,,,,,,,,,,f/77 sec-23 Gzb,GHAZIABAD,UP,,f/77 sec-23 Gzb,GZB,UP,,
2,10002,MR,Amar Nath Sharma,MSEGZB/10002,ANS,P,G,L K SHARMA,PO,EXECUTIVE,12-Jan-2008,,2871688,,MEKGU,2nd ,M,,,,,,,,M,07-May-1974,Ghaziabad,,,,,,CASH,,,,,,HARI CHAND,GOMTI DEVI,,,,,,,,,,MEERUT ROAD,GZB,UP,,MEERUT ROAD GHAZIABAD,GZB,UP,,
3,10003,MR,Sadeep Sinha,MSEGZB/10003,SS,P,G,IP SINGH,PO,EXECUTIVE,,,,,MEKGU,2nd ,M,,,,,,,,M,,,,,,,,CASH,,,,,,H C SHARMA,G M  DEVI,,,,,,,,,,,,,,,,,,
4,10004,MR,Mukesh Sharma,MSEGZB/10004,MS,P,G,K K  SHARMA,PO,EXECUTIVE,27-Mar-2001,,9211778857,,MEKGU,2nd ,M,,,,,,,,M,06-Jul-1960,Ghaziabad,,,,,,CASH,,,,,,B R Sharma,Vegbati Sharma,,,,,,,,,,H-250;Gov1stpuram,GZB,U P,,H-250;Gov1stpuram GZB,GZB,U P,,
5,10005,MR,Saurabh Kumar,MSEGZB/10005,SK,P,G,L K SHARMA,PO,EXECUTIVE,,,,,MEKGU,2nd ,S,,,,,,,,M,,,,,,,,CASH,,,,,,HARI CHAND,GOMTI DEVI,,,,,,,,,,MEERUT ROAD,GZB,U P ,,MEERUT ROAD GHAZIABAD,GZB,U P ,,
6,10006,MR,Dharmendra Kumar,MSEGZB/10006,DK,P,G,IP SINGH,PO,EXECUTIVE,11-Feb-2008,,9312802753,dharmendra_kutarya@yahoo co in,MEKGU,2nd ,M,,,,,,,,M,05-Feb-1983,Ghaziabad,,,,,,CASH,,,,,,CHHOTE LAL,PAN KUMARI,,,,,,,,,,KRISHNA NAGAR MEERUT ROAD,GZB,U P ,,KRISHNA NAGAR MEERUT ROAD GHAZIABAD,GZB,U P ,,
7,10007,MR,Mahesh Chand,MSEGZB/10007,MC,P,G,IP SINGH,PO,EXECUTIVE,26-Mar-2008,,9958669906,,MEKGU,2nd ,M,,,,,,,,M,07-Nov-1973,,,,,,,CASH,,,,,,T K  MALIK,RENU MALIK,,,,,,,,,,6E;DAYA NANAD ,GZB,U P ,,6E;DAYA NANAD NAGAR,GZB,U P ,,
8,10008,MR,Rajeev Gupta,MSEGZB/10008,RG,P,G,IP SINGH,ACT,A/C-MGR,,,,,MEKGU,1st,M,,,,,,,,M,,,,,,,,CASH,,,,,,RAJ VIR SINGH,SARDARI,,,,,,,,,,N-54 SEC-23 ,GZB,U P ,,N-54 SEC-23 GHAZIABAD,GZB,U P ,,
9,10009,MRS,Neha Malik,MSEGZB/10009,NM,P,G,IP SINGH,ACT,EXECUTIVE,08-Jan-2008,,9899404147,neha malik5@gmail com,MEKGU,2nd ,S,,,,,,,,F,11-Jan-1983,Ghaziabad,,,,,,CASH,,,,,,T K  MALIK,RENU MALIK,,,,,,,,,,6E daya nand nagar,GZB,U P ,,43; CHANDER PURI GZB,GZB,U P ,,
10,10010,MR,Maheshwari,MSEGZB/10010,MM,P,G,IP SINGH,ACT,EXECUTIVE,28-May-2008,,9911234041,,MEKGU,2nd ,M,,,,,,,,M,10-Nov-1959,Ghaziabad,,,,,,CASH,,,,,,Jai Chand lal Maheswari,Mali Devi,,,,,,,,,,11 A108 Nehru nagar Gzb,GZB,U P ,,11A 108 Nehru nagar,GZB,U P ,,
11,10011,MR,Rakesh Bhandari,MSEGZB/10011,RB,P,G,L K SHARMA,ACT,EXECUTIVE,29-Aug-2008,,9868669906,,MEKGU,2nd ,M,,,,,,,,M,10-Jun-1963,Ghaziabad,,,,,,CASH,,,,,,B D Bandari,Narish Bandari,,,,,,,,,,43;Chander Puri G z b,GZB,U P ,,43;Chandra Puri,GZB,U P ,,
12,10012,MR,A K Chaube,MSEGZB/10012,AKC,P,G,IP SINGH,ACT,EXECUTIVE,12-Dec-2006,,2871688,,MEKGU,2nd ,M,,,,,,,,M,06-May-1972,Ghaziabad,,,,,,CASH,,,,,,B M  SHARMA,SANTOSH RANI SHARMA,,,,,,,,,,C-261-LOHIA NAGAR,GZB,U P ,,C-261-LOHIA NAGAR,GZB,U P ,,
13,10013,MR,Anil Kumar Sailot,MSEGZB/10013,AKS,P,G,IP SINGH,ACT,EXECUTIVE,08-Sep-2008,,9711334977,anilkumar_sahlot@yahoo com,MEKGU,2nd ,M,,,,,,,,M,21-Jan-1969,Ghaziabad,,,,,,CASH,,,,,,Raj Vir singh,Sardari,,,,,,,,,,6E DayaNand Nagar,GZB,U P ,,6E DayaNand Nager,GZB,U P ,,
14,10014,MR,S P Singh,MSEGZB/10014,SPS,P,G,L K SHARMA,STR,STR INCHARGE,16-Feb-2007,,,,MEKGU,2nd ,M,,,,,,,,M,,,,,,,,CASH,,,,,,B R SHARMA,VEGBATI SHARMA,,,,,,,,,,H-250; GOV1stPURM ,GZB,U P ,,H-250; GOV1stPURM GZB,GZB,U P ,,
15,10015,MR,Sanjay Gaur,MSEGZB/10015,SG,P,G,IP SINGH,MKT,MKT-MGR,12-May-2008,,9311587714,spnadham_sanjay@yahoo com,MEKGU,1st,M,,,,,,,,M,24-Oct-1974,Ghaziabad,,,,,,CASH,,,,,,B M  SHARMA,SANTOSH RANI SHARMA,,,,,,,,,,c-261-LOHIA NAGAR,GZB,U P ,,c-261-LOHIA NAGAR,GZB,U P ,,
16,10016,MRS,Neha Goyal,MSEGZB/10016,NG,P,G,IP SINGH,MKT,EXECUTIVE,21-Aug-2008,,2756567,mba21neha@yahoo com,MEKGU,2nd ,S,,,,,,,,F,21-Jan-1986,Ghaziabad,,,,,          ,         CASH,,,,,,,,,,,,,,,,,III-F 237 NEHRU NAGAR,GZB,U P ,,III-F 237 NEHRU NAGAR,GZB,U P ,,
17,10017,MR,Pradeep Singh,MSEGZB/10017,PS,P,G,IP SINGH,SRV,OPR-HD,,,,,MEKGU,Gnd,M,,,,,,,,M,,,,,,,,CASH,,,,,,JAI CHAND LAL MAHESHWARI,MALI DEVI,,,,,,,,,,IIA 108; NEHRU NAGAR ,GZB,U P ,,IIA 108; NEHRU NAGAR GZB,GZB,U P ,,
18,10018,MR,Jasbir Singh,MSEGZB/10018,JS,P,G,IP SINGH,SRV,OPR-MGR-MNR,,,,,MEKGU,Gnd,M,,,,,,,,M,,,,,,,,CASH,,,,,,LT S B SHARMA,LT  V  K  SHARMA,,,,,,,,,,,,,,,,,,
19,10019,MR,Jagbir Singh,MSEGZB/10019,JS,P,G,IP SINGH,SRV,,,,,,MEKGU,Gnd,M,,,,,,,,M,,,,,,,,CASH,,,,,,LAYAK RAM,PRAKASHU DEVI,,,,,,,,,,C-48; AMAR CLY ,DELHI,DELHI,,C-48; AMAR CLY DELHI,DELHI,DELHI,,
20,10020,MR,S K Sharma,MSEGZB/10020,SKS,P,G,PRADEEP SINGH,SRV,,,,,,MEKGU,Gnd,M,,,,,,,,M,,,,,,,,CASH,,,,,,S C  SINGH,1stIRA DEVI,,,,,,,,,,B-45; LOHIA NAGAR ,GZB,U P ,,B-45; LOHIA NAGAR GHAZIABAD,GZB,U P ,,
21,10021,MR,A K Taliyan,MSEGZB/10021,AKT,P,G,PRADEEP SINGH,SRV,,,,,,MEKGU,Gnd,M,,,,,,,,M,,,,,,,,CASH,,,,,,,,,,,,,,,,,,,,,,,,,
22,10022,MR,Avtar Singh,MSEGZB/10022,AS,P,G,PRADEEP SINGH,SRV,,30-Jun-2007,,9711030404,,MEKGU,Gnd,M,,,,,,,,M,13-Nov-1970,Ghaziabad,,,,,,CASH,,,,,,Jai Ram Singh,Rameshwari,,,,,,,,,,Vill-Dagarpur;post-Ratul,Bagpat,U P,,Vill-Dagarpur;post-Ratul;d1st Bagpat,Bagpat,U P ,,
23,10023,MR,Sailendra Singh,MSEGZB/10023,SS,P,G,PRADEEP SINGH,SRV,,,,,,MEKGU,Gnd,M,,,,,,,,M,,,,,,,,CASH,,,,,,,,,,,,,,,,,,,,,,,,,
24,10024,MR,B M  Aggarwal,MSEGZB/10024,BMA,P,G,IP SINGH,SRV,OPR-MGR-MNR,,,,,MEKGU,Gnd,M,,,,,,,,M,,,,,,,,CASH,,,,,,,,,,,,,,,,,,,,,,,,,
25,10025,MR,Akhilesh Sharma,MSEGZB/10025,AS,P,G,IP SINGH,SRV,,,,,,MEKGU,Gnd,M,,,,,,,,M,,,,,,,,CASH,,,,,,,,,,,,,,,,,,,,,,,,,
26,10026,MR,Dushyant,MSEGZB/10026,MD,P,G,IP SINGH,SRV,,,,,,MEKGU,Gnd,M,,,,,,,,M,,,,,,,,CASH,,,,,,,,,,,,,,,,,,,,,,,,,
27,10027,MR,Narendra Kumar,MSEGZB/10027,NK,P,G,IP SINGH,SRV,,,,,,MEKGU,Gnd,,,,,,,,,M,,,,,,,,CASH,,,,,,,,,,,,,,,,,,,,,,,,,
28,10028,MR,A K Tripati,MSEGZB/10028,AKT,P,G,IP SINGH,SRV,,,,,,MEKGU,Gnd,,,,,,,,,M,,,,,,,,CASH,,,,,,,,,,,,,,,,,,,,,,,,,
29,10029,MR,Amit Kumar,MSEGZB/10029,AK,P,G,IP SINGH,SRV,,,,,,MEKGU,Gnd,,,,,,,,,M,,,,,,,,CASH,,,,,,,,,,,,,,,,,,,,,,,,,
30,10030,MR,Sailendra Kumar,MSEGZB/10030,SK,P,G,IP SINGH,SRV,,,,,,MEKGU,Gnd,,,,,,,,,M,,,,,,,,CASH,,,,,,,,,,,,,,,,,,,,,,,,,
31,10031,MR,Karan Veer Bhati,MSEGZB/10031,KVB,P,G,IP SINGH,SRV,,,,,,MEKGU,Gnd,,,,,,,,,M,,,,,,,,CASH,,,,,,,,,,,,,,,,,,,,,,,,,
32,10032,AK,Ajay Kumar,MSEGZB/10032,MA,P,G,IP SINGH,SRV,,,,,,MEKGU,Gnd,,,,,,,,,M,,,,,,,,CASH,,,,,,,,,,,,,,,,,,,,,,,,,
33,10033,MRS,Chetali Singh,MSEGZB/10033,CS,P,G,PRADEEP SINGH,SRV,RECEPTION1st,08-May-2008,,9868555956,chatali78@yahoo com,MEKGU,Gnd,M,,,,,,,,F,27-Nov-1978,Ghaziabad,,,,,,CASH,,,,,,S C Singh,1stra Davi,,,,,,,,,,B-45;Lohia Nagar,Gzb,U P ,,B-45;Lohia Nager Ghaziabad,Gzb,U P,,
34,10034,MR,Vinod Kumar,MSEGZB/10034,VK,P,G,PRADEEP SINGH,SRV,DRIVER,,,,,MEKGU,2nd ,,,,,,,,,M,,,,,,,,CASH,,,,,,,,,,,,,,,,,,,,,,,,,
35,10035,MR,Manoj Kumar,MSEGZB/10035,MK,P,G,PRADEEP SINGH,SRV,,,,,,MEKGU,2nd ,,,,,,,,,M,,,,,,,,CASH,,,,,,,,,,,,,,,,,,,,,,,,,
36,10036,MR,Pappu Singh,MSEGZB/10036,PS,P,G,IP SINGH,SRV,PEON,,,,,MEKGU,1st,,,,,,,,,M,,,,,,,,CASH,,,,,,,,,,,,,,,,,,,,,,,,,
37,10037,MR,Manoj Kumar,MSEGZB/10037,MK,P,G,IP SINGH,SRV,,,,,,MEKGU,1st,,,,,,,,,M,,,,,,,,CASH,,,,,,,,,,,,,,,,,,,,,,,,,
38,10038,MISS,Neha Setti,MSEGZB/10038,NS,P,G,IP SINGH,PO,PA,25-Aug-2008,,,,MEKGU,2nd ,S,,,,,,,,F,,,,,,,,CASH,,,,,,,,,,,,,,,,,,,,,,,,,
39,10039,MR,K K  SHARMA,MSEGZB/10039,KKS,P,G,IP SINGH,IT,SYSTEM SOFTWARE MGR,13-Sep-2008,,2870949,krish8pm@yahoo com,MEKGU,2nd ,M,,,,,,,,M,18-Sep-1974,Kanpur,,,,,,CASH,,,,,,LT SB Sharma,LT V K Sharma,,,,,,,,,,F 52;A Nandram,Gzb,U P,,F 52;A Nandram,Gzb,U P,,
