1,AUPKL,100055,Mr,BHUWAN CHAND,AUPKL/100001,BNC,C,G,VIKASH UPRETI,ADM,ADM,,,UDF,UDF,UDF,UDF,,,1000001,,,,,UDF,M,,UDF,UDF,UDF,UDF,UDF,UDF,PA,ICICI,4629520312773320,PA,UDF,,UDF,UDF,UDF,UDF,UDF,UDF,UDF,UDF,UDF,UDF,UDF,UDF,UDF,UDF,UDF,UDF,UDF,UDF,UDF,UDF
2,AUPKL,100056,Mr,VIKASH UPRETI,AUPKL/100002,VHU,C,G,VIKASH UPRETI,ADM,ADM,,,UDF,UDF,UDF,UDF,,,1000002,,,,,UDF,M,,UDF,UDF,UDF,UDF,UDF,UDF,PA,ICICI,4629520312773320,PA,UDF,,UDF,UDF,UDF,UDF,UDF,UDF,UDF,UDF,UDF,UDF,UDF,UDF,UDF,UDF,UDF,UDF,UDF,UDF,UDF,UDF
3,AUPKL,100057,Mr,NARESH KUMAR,AUPKL/100003,NHK,C,G,VIKASH UPRETI,ADM,ADM,,,UDF,UDF,UDF,UDF,,,1000003,,,,,UDF,M,,UDF,UDF,UDF,UDF,UDF,UDF,PA,ICICI,4629520312773320,PA,UDF,,UDF,UDF,UDF,UDF,UDF,UDF,UDF,UDF,UDF,UDF,UDF,UDF,UDF,UDF,UDF,UDF,UDF,UDF,UDF,UDF
4,AUPKL,100058,Mr,SARVESH KUMAR,AUPKL/100004,SHK,C,G,VIKASH UPRETI,ADM,ADM,,,UDF,UDF,UDF,UDF,,,1000004,,,,,UDF,M,,UDF,UDF,UDF,UDF,UDF,UDF,PA,ICICI,4629520312773320,PA,UDF,,UDF,UDF,UDF,UDF,UDF,UDF,UDF,UDF,UDF,UDF,UDF,UDF,UDF,UDF,UDF,UDF,UDF,UDF,UDF,UDF
5,AUPKL,100059,Mr,RAJESH KUMAR,AUPKL/100005,RHK,C,G,VIKASH UPRETI,ADM,ADM,,,UDF,UDF,UDF,UDF,,,1000005,,,,,UDF,M,,UDF,UDF,UDF,UDF,UDF,UDF,PA,ICICI,4629520312773320,PA,UDF,,UDF,UDF,UDF,UDF,UDF,UDF,UDF,UDF,UDF,UDF,UDF,UDF,UDF,UDF,UDF,UDF,UDF,UDF,UDF,UDF
6,AUPKL,100060,Mr,MOHAN SINGH,AUPKL/100006,MNS,C,G,VIKASH UPRETI,ADM,ADM,,,UDF,UDF,UDF,UDF,,,1000006,,,,,UDF,M,,UDF,UDF,UDF,UDF,UDF,UDF,PA,ICICI,4629520312773330,PA,UDF,,UDF,UDF,UDF,UDF,UDF,UDF,UDF,UDF,UDF,UDF,UDF,UDF,UDF,UDF,UDF,UDF,UDF,UDF,UDF,UDF
7,AUPKL,100061,Mr,HARJINDER SINGH,AUPKL/100007,HRS,C,G,VIKASH UPRETI,ADM,ADM,,,UDF,UDF,UDF,UDF,,,1000007,,,,,UDF,M,,UDF,UDF,UDF,UDF,UDF,UDF,PA,ICICI,4629520312773330,PA,UDF,,UDF,UDF,UDF,UDF,UDF,UDF,UDF,UDF,UDF,UDF,UDF,UDF,UDF,UDF,UDF,UDF,UDF,UDF,UDF,UDF
8,AUPKL,100062,Mr,RAMESH KUMAR,AUPKL/100008,RHK,C,G,VIKASH UPRETI,ADM,ADM,,,UDF,UDF,UDF,UDF,,,1000008,,,,,UDF,M,,UDF,UDF,UDF,UDF,UDF,UDF,PA,ICICI,4629520312773330,PA,UDF,,UDF,UDF,UDF,UDF,UDF,UDF,UDF,UDF,UDF,UDF,UDF,UDF,UDF,UDF,UDF,UDF,UDF,UDF,UDF,UDF
9,AUPKL,100063,Mr,ASHOK RANA,AUPKL/100009,AKR,C,G,VIKASH UPRETI,ADM,ADM,,,UDF,UDF,UDF,UDF,,,1000009,,,,,UDF,M,,UDF,UDF,UDF,UDF,UDF,UDF,PA,ICICI,4629520312773330,PA,UDF,,UDF,UDF,UDF,UDF,UDF,UDF,UDF,UDF,UDF,UDF,UDF,UDF,UDF,UDF,UDF,UDF,UDF,UDF,UDF,UDF
10,AUPKL,100064,Mr,HANS RAJ,AUPKL/100010,HSR,C,G,VIKASH UPRETI,ADM,ADM,,,UDF,UDF,UDF,UDF,,,1000010,,,,,UDF,M,,UDF,UDF,UDF,UDF,UDF,UDF,PA,ICICI,4629520312773330,PA,UDF,,UDF,UDF,UDF,UDF,UDF,UDF,UDF,UDF,UDF,UDF,UDF,UDF,UDF,UDF,UDF,UDF,UDF,UDF,UDF,UDF
11,AUPKL,100065,Mr,NOKHI RAM,AUPKL/100011,NIM,C,G,VIKASH UPRETI,ADM,ADM,,,UDF,UDF,UDF,UDF,,,1000011,,,,,UDF,M,,UDF,UDF,UDF,UDF,UDF,UDF,PA,ICICI,4629520312773330,PA,UDF,,UDF,UDF,UDF,UDF,UDF,UDF,UDF,UDF,UDF,UDF,UDF,UDF,UDF,UDF,UDF,UDF,UDF,UDF,UDF,UDF
12,AUPKL,100066,Mr,INDER DEEP SINGH,AUPKL/100012,IDS,C,G,VIKASH UPRETI,ADM,ADM,,,UDF,UDF,UDF,UDF,,,1000012,,,,,UDF,M,,UDF,UDF,UDF,UDF,UDF,UDF,PA,ICICI,4629520312773330,PA,UDF,,UDF,UDF,UDF,UDF,UDF,UDF,UDF,UDF,UDF,UDF,UDF,UDF,UDF,UDF,UDF,UDF,UDF,UDF,UDF,UDF
13,AUPKL,100067,Mr,RAJ KUMAR,AUPKL/100013,RJK,C,G,VIKASH UPRETI,ADM,ADM,,,UDF,UDF,UDF,UDF,,,1000013,,,,,UDF,M,,UDF,UDF,UDF,UDF,UDF,UDF,PA,ICICI,4629520312773330,PA,UDF,,UDF,UDF,UDF,UDF,UDF,UDF,UDF,UDF,UDF,UDF,UDF,UDF,UDF,UDF,UDF,UDF,UDF,UDF,UDF,UDF
14,AUPKL,100068,Mr,RAKESH KUMAR-II,AUPKL/100014,RHK2,C,G,VIKASH UPRETI,ADM,ADM,,,UDF,UDF,UDF,UDF,,,1000014,,,,,UDF,M,,UDF,UDF,UDF,UDF,UDF,UDF,PA,ICICI,4629520312773330,PA,UDF,,UDF,UDF,UDF,UDF,UDF,UDF,UDF,UDF,UDF,UDF,UDF,UDF,UDF,UDF,UDF,UDF,UDF,UDF,UDF,UDF
15,AUPKL,100069,Mr,DEVINDER SINGH,AUPKL/100015,DRS,C,G,VIKASH UPRETI,ADM,ADM,,,UDF,UDF,UDF,UDF,,,1000015,,,,,UDF,M,,UDF,UDF,UDF,UDF,UDF,UDF,PA,ICICI,4629520312773330,PA,UDF,,UDF,UDF,UDF,UDF,UDF,UDF,UDF,UDF,UDF,UDF,UDF,UDF,UDF,UDF,UDF,UDF,UDF,UDF,UDF,UDF
16,AUPKL,100070,Mr,MISS ARCHANA RAWAT,AUPKL/100016,MAR,C,G,VIKASH UPRETI,ADM,ADM,,,UDF,UDF,UDF,UDF,,,1000016,,,,,UDF,M,,UDF,UDF,UDF,UDF,UDF,UDF,PA,ICICI,4629520312773340,PA,UDF,,UDF,UDF,UDF,UDF,UDF,UDF,UDF,UDF,UDF,UDF,UDF,UDF,UDF,UDF,UDF,UDF,UDF,UDF,UDF,UDF
17,AUPKL,100071,Mr,RAJESH KUMAR-II,AUPKL/100017,RJ2,C,G,VIKASH UPRETI,ADM,ADM,,,UDF,UDF,UDF,UDF,,,1000017,,,,,UDF,M,,UDF,UDF,UDF,UDF,UDF,UDF,PA,ICICI,4629520312773340,PA,UDF,,UDF,UDF,UDF,UDF,UDF,UDF,UDF,UDF,UDF,UDF,UDF,UDF,UDF,UDF,UDF,UDF,UDF,UDF,UDF,UDF
18,AUPKL,100072,Mr,DHANPAT RAM,AUPKL/100018,DTR,C,G,VIKASH UPRETI,ADM,ADM,,,UDF,UDF,UDF,UDF,,,1000018,,,,,UDF,M,,UDF,UDF,UDF,UDF,UDF,UDF,PA,ICICI,4629520312773340,PA,UDF,,UDF,UDF,UDF,UDF,UDF,UDF,UDF,UDF,UDF,UDF,UDF,UDF,UDF,UDF,UDF,UDF,UDF,UDF,UDF,UDF
19,AUPKL,100073,Mr,MANGAT RAM,AUPKL/100019,MTR,C,G,VIKASH UPRETI,ADM,ADM,,,UDF,UDF,UDF,UDF,,,1000019,,,,,UDF,M,,UDF,UDF,UDF,UDF,UDF,UDF,PA,ICICI,4629520312773340,PA,UDF,,UDF,UDF,UDF,UDF,UDF,UDF,UDF,UDF,UDF,UDF,UDF,UDF,UDF,UDF,UDF,UDF,UDF,UDF,UDF,UDF
20,AUPKL,100074,Mr,RAM BALI,AUPKL/100020,RMB,C,G,VIKASH UPRETI,ADM,ADM,,,UDF,UDF,UDF,UDF,,,1000020,,,,,UDF,M,,UDF,UDF,UDF,UDF,UDF,UDF,PA,ICICI,4629520312773340,PA,UDF,,UDF,UDF,UDF,UDF,UDF,UDF,UDF,UDF,UDF,UDF,UDF,UDF,UDF,UDF,UDF,UDF,UDF,UDF,UDF,UDF
21,AUPKL,100075,Mr,VISHAN SINGH,AUPKL/100021,VNS,C,G,VIKASH UPRETI,ADM,ADM,,,UDF,UDF,UDF,UDF,,,1000021,,,,,UDF,M,,UDF,UDF,UDF,UDF,UDF,UDF,PA,ICICI,4629520312773340,PA,UDF,,UDF,UDF,UDF,UDF,UDF,UDF,UDF,UDF,UDF,UDF,UDF,UDF,UDF,UDF,UDF,UDF,UDF,UDF,UDF,UDF
22,AUPKL,100076,Mr,JASWINDER SINGH,AUPKL/100022,JRS,C,G,VIKASH UPRETI,ADM,ADM,,,UDF,UDF,UDF,UDF,,,1000022,,,,,UDF,M,,UDF,UDF,UDF,UDF,UDF,UDF,PA,ICICI,4629520312773340,PA,UDF,,UDF,UDF,UDF,UDF,UDF,UDF,UDF,UDF,UDF,UDF,UDF,UDF,UDF,UDF,UDF,UDF,UDF,UDF,UDF,UDF
23,AUPKL,100077,Mr,JAGAT RAM,AUPKL/100023,JTR,C,G,VIKASH UPRETI,ADM,ADM,,,UDF,UDF,UDF,UDF,,,1000023,,,,,UDF,M,,UDF,UDF,UDF,UDF,UDF,UDF,PA,ICICI,4629520312773340,PA,UDF,,UDF,UDF,UDF,UDF,UDF,UDF,UDF,UDF,UDF,UDF,UDF,UDF,UDF,UDF,UDF,UDF,UDF,UDF,UDF,UDF
24,AUPKL,100078,Mr,PREETAM KUMAR,AUPKL/100024,PMK,C,G,VIKASH UPRETI,ADM,ADM,,,UDF,UDF,UDF,UDF,,,1000024,,,,,UDF,M,,UDF,UDF,UDF,UDF,UDF,UDF,PA,ICICI,4629520312773340,PA,UDF,,UDF,UDF,UDF,UDF,UDF,UDF,UDF,UDF,UDF,UDF,UDF,UDF,UDF,UDF,UDF,UDF,UDF,UDF,UDF,UDF
25,AUPKL,100079,Mr,PRAVEEN KR,AUPKL/100025,PNK,C,G,VIKASH UPRETI,ADM,ADM,,,UDF,UDF,UDF,UDF,,,1000025,,,,,UDF,M,,UDF,UDF,UDF,UDF,UDF,UDF,PA,ICICI,4629520312773340,PA,UDF,,UDF,UDF,UDF,UDF,UDF,UDF,UDF,UDF,UDF,UDF,UDF,UDF,UDF,UDF,UDF,UDF,UDF,UDF,UDF,UDF
26,AUPKL,100080,Mr,LALOO PD.,AUPKL/100026,LOP,C,G,VIKASH UPRETI,ADM,ADM,,,UDF,UDF,UDF,UDF,,,1000026,,,,,UDF,M,,UDF,UDF,UDF,UDF,UDF,UDF,PA,ICICI,4629520312773350,PA,UDF,,UDF,UDF,UDF,UDF,UDF,UDF,UDF,UDF,UDF,UDF,UDF,UDF,UDF,UDF,UDF,UDF,UDF,UDF,UDF,UDF
27,AUPKL,100081,Mr,RAVI KUMAR,AUPKL/100027,RIK,C,G,VIKASH UPRETI,ADM,ADM,,,UDF,UDF,UDF,UDF,,,1000027,,,,,UDF,M,,UDF,UDF,UDF,UDF,UDF,UDF,PA,ICICI,4629520312773350,PA,UDF,,UDF,UDF,UDF,UDF,UDF,UDF,UDF,UDF,UDF,UDF,UDF,UDF,UDF,UDF,UDF,UDF,UDF,UDF,UDF,UDF
28,AUPKL,100082,Mr,INDER SINGH,AUPKL/100028,IRS,C,G,VIKASH UPRETI,ADM,ADM,,,UDF,UDF,UDF,UDF,,,1000028,,,,,UDF,M,,UDF,UDF,UDF,UDF,UDF,UDF,PA,ICICI,4629520312773350,PA,UDF,,UDF,UDF,UDF,UDF,UDF,UDF,UDF,UDF,UDF,UDF,UDF,UDF,UDF,UDF,UDF,UDF,UDF,UDF,UDF,UDF
29,AUPKL,100083,Mr,KARAN ,AUPKL/100029,KRN,C,G,VIKASH UPRETI,ADM,ADM,,,UDF,UDF,UDF,UDF,,,1000029,,,,,UDF,M,,UDF,UDF,UDF,UDF,UDF,UDF,PA,ICICI,4629520312773350,PA,UDF,,UDF,UDF,UDF,UDF,UDF,UDF,UDF,UDF,UDF,UDF,UDF,UDF,UDF,UDF,UDF,UDF,UDF,UDF,UDF,UDF
