Allocation Date,Customer Id,Employee Id,Name Initial,Emp Name,Emp Track Id,Emp Short Name,Emp Type,Emp Category,Reporting Head,Department,Position,DOJ,DOR,Ph No,Email,Building Id,Floor No,Marrital Status,PAN Ind,PAN No,EPF Ind,EPF No,ESI Ind,ESI No,NSS No,Gender,DOB,Birth City,Relative Name,Relation Type,Applicant Id,Barcode No,Banker Code,Salary Mode,Bank Name For Salary,Bank Account No,Salary Mode,Paycard No,Level,Father Name,Mother Name,Spouse Name,PF Nominee1,PF Nominee2,ESI Nominee1,ESI Nominee2,% of PF Nominee1,% of PF Nominee2,% of ESI Nominee1,% of ESI Nominee2,Address,City,State,Pin,Address,City,State,Pin,ESI Hospitel Name,Billing Rate(60),Paying Rate,Basic Amt(62),PF Amt,ESI Amt,DA Amt(65),HRA RATE(66),MONTH,PRASENT,ABSENT,ADV INC,ADV DED,Dress(72),Sec Ded,Insurance,Genral Fine,OT,OT Amt,PC(78),OTHERS INC,OTHERS DED,Conveyance,Std Conveyance,W.Off Amt,Wash Allo,Arrear,Shift Allow,Medical Allow
15-Nov-2008,ALPSK,201563,MR,SAMRESH CHAUBEY,10001,,C,G,,SRV,SO,,,,,,,,,,,,,,,M,,,,,,,,,,,,,L1,,,,,,,,,,,,,,,,,,,,UDF,4600,4600,,,,0,0,Nov,27.5,,,,,,,,,,,,,,,,,,,0
15-Nov-2008,ALPSK,201564,MR,JAGTAR SINGH,10002,,C,G,,SRV,ASO,,,,,,,,,,,,,,,M,,,,,,,,,,,,,L1,,,,,,,,,,,,,,,,,,,,UDF,4275,4275,,,,0,0,Nov,25.5,,,,,,,,,,,,,,,,,,,0
15-Nov-2008,ALPSK,201565,MR,VIRENDER SINGH,10003,,C,G,,SRV,ASO,,,,,,,,,,,,,,,M,,,,,,,,,,,,,L1,,,,,,,,,,,,,,,,,,,,UDF,4075,4075,,,,0,0,Nov,26,,,,,,,,,,,,,,,,,,,0
15-Nov-2008,ALPSK,201566,MR,SUJEET KR GUPTA,10004,,C,G,,SRV,ASO,,,,,,,,,,,,,,,M,,,,,,,,,,,,,L1,,,,,,,,,,,,,,,,,,,,UDF,4075,4075,,,,0,0,Nov,41,,,,,,,,,,,,,,,,,,,0
15-Nov-2008,ALPSK,201567,MR,PAPPU,10005,,C,G,,SRV,GM,,,,,,,,,,,,,,,M,,,,,,,,,,,,,L1,,,,,,,,,,,,,,,,,,,,UDF,3450,3450,,,,0,0,Nov,30,,,,,,,,,,,,,,,,,,,0
15-Nov-2008,ALPSK,201568,MR,AKLESH KR SINGH,10006,,C,G,,SRV,GM,,,,,,,,,,,,,,,M,,,,,,,,,,,,,L1,,,,,,,,,,,,,,,,,,,,UDF,3450,3450,,,,0,0,Nov,30,,,,,,,,,,,,,,,,,,,0
15-Nov-2008,ALPSK,201569,MR,PUSHPENDER,10007,,C,G,,SRV,SEC,,,,,,,,,,,,,,,M,,,,,,,,,,,,,L1,,,,,,,,,,,,,,,,,,,,UDF,2850,2850,,,,0,0,Nov,18,,,,,,,,,,,,,,,,,,,0
15-Nov-2008,ALPSK,201570,MR,MADHAW,10008,,C,G,,SRV,SEC,,,,,,,,,,,,,,,M,,,,,,,,,,,,,L1,,,,,,,,,,,,,,,,,,,,UDF,2850,2850,,,,0,0,Nov,33,,,,,,,,,,,,,,,,,,,0
15-Nov-2008,ALPSK,201571,MR,ROHIT KUMAR,10009,,C,G,,SRV,SEC,,,,,,,,,,,,,,,M,,,,,,,,,,,,,L1,,,,,,,,,,,,,,,,,,,,UDF,2850,2850,,,,0,0,Nov,34,,,,265,,,,,,,,,,,,,,,0
15-Nov-2008,ALPSK,201572,MR,JITENDER KR,10010,,C,G,,SRV,SEC,,,,,,,,,,,,,,,M,,,,,,,,,,,,,L1,,,,,,,,,,,,,,,,,,,,UDF,2850,2850,,,,0,0,Nov,33,,,,,,,,,,,,,,,,,,,0
15-Nov-2008,ALPSK,201573,MR,HIMACHAL KR.,10011,,C,G,,SRV,SEC,,,,,,,,,,,,,,,M,,,,,,,,,,,,,L1,,,,,,,,,,,,,,,,,,,,UDF,2850,2850,,,,0,0,Nov,20,,,,,,,,,,,,,,,,,,,0
15-Nov-2008,ALPSK,201574,MR,PREETPAL SINGH,10012,,C,G,,SRV,SEC,,,,,,,,,,,,,,,M,,,,,,,,,,,,,L1,,,,,,,,,,,,,,,,,,,,UDF,2850,2850,,,,0,0,Nov,31,,,,305,,,,,,,,,,,,,,,0
15-Nov-2008,ALPSK,201575,MR,PREM SINGH,10013,,C,G,,SRV,SEC,,,,,,,,,,,,,,,M,,,,,,,,,,,,,L1,,,,,,,,,,,,,,,,,,,,UDF,2850,2850,,,,0,0,Nov,29,,,,,,,,,,,,,,,,,,,0
15-Nov-2008,ALPSK,201576,MR,BREM PAL SINGH,10014,,C,G,,SRV,SEC,,,,,,,,,,,,,,,M,,,,,,,,,,,,,L1,,,,,,,,,,,,,,,,,,,,UDF,2850,2850,,,,0,0,Nov,32,,,,,,,,,,,,,,,,,,,0
15-Nov-2008,ALPSK,201577,MR,BIJENDER SINGH,10015,,C,G,,SRV,SEC,,,,,,,,,,,,,,,M,,,,,,,,,,,,,L1,,,,,,,,,,,,,,,,,,,,UDF,2850,2850,,,,0,0,Nov,24,,,,265,,,,,,,,,,,,,,,0
15-Nov-2008,ALPSK,201578,MR,NARENDRA,10016,,C,G,,SRV,SEC,,,,,,,,,,,,,,,M,,,,,,,,,,,,,L1,,,,,,,,,,,,,,,,,,,,UDF,2850,2850,,,,0,0,Nov,32,,,,265,,,,,,,,,,,,,,,0
15-Nov-2008,ALPSK,201579,MR,SATISH KUMAR,10017,,C,G,,SRV,SEC,,,,,,,,,,,,,,,M,,,,,,,,,,,,,L1,,,,,,,,,,,,,,,,,,,,UDF,2850,2850,,,,0,0,Nov,34,,,,,,,,,,,,,,,,,,,0
15-Nov-2008,ALPSK,201580,MR,RAJ KISHORE,10018,,C,G,,SRV,SEC,,,,,,,,,,,,,,,M,,,,,,,,,,,,,L1,,,,,,,,,,,,,,,,,,,,UDF,2850,2850,,,,0,0,Nov,30,,,,,,,,,,,,,,,,,,,0
15-Nov-2008,ALPSK,201581,MR,SHYAM NARAYAN,10019,,C,G,,SRV,SEC,,,,,,,,,,,,,,,M,,,,,,,,,,,,,L1,,,,,,,,,,,,,,,,,,,,UDF,2850,2850,,,,0,0,Nov,30,,,,,,,,,,,,,,,,,,,0
15-Nov-2008,ALPSK,201582,MR,BALBEER,10020,,C,G,,SRV,SEC,,,,,,,,,,,,,,,M,,,,,,,,,,,,,L1,,,,,,,,,,,,,,,,,,,,UDF,2850,2850,,,,0,0,Nov,24,,,,,,,,,,,,,,,,,,,0
15-Nov-2008,ALPSK,201583,MR,SUJEET KUMAR,10021,,C,G,,SRV,SEC,,,,,,,,,,,,,,,M,,,,,,,,,,,,,L1,,,,,,,,,,,,,,,,,,,,UDF,2850,2850,,,,0,0,Nov,16,,,,,,,,,,,,,,,,,,,0
15-Nov-2008,PARAM,201584,MR,RAJESHWAR,10001,,C,G,,SRV,SEC,,,,,,,,,,,,,,,M,,,,,,,,,,,,,L1,,,,,,,,,,,,,,,,,,,,UDF,4000,4000,,,,0,0,Nov,30,,,,,,,,,,,,,,,,,,,0
15-Nov-2008,PARAM,201585,MR,RAMESH CHAND,10002,,C,G,,SRV,SEC,,,,,,,,,,,,,,,M,,,,,,,,,,,,,L1,,,,,,,,,,,,,,,,,,,,UDF,4000,4000,,,,0,0,Nov,30,,,,,,,,,,,,,,,,,,,0
15-Nov-2008,CHUHL,201586,MR,RAJ BEER SINGH,10001,,C,G,,SRV,SUP,,,,,,,,,,,,,,,M,,,,,,,,,,,,,L1,,,,,,,,,,,,,,,,,,,,UDF,7400,7400,,,,0,0,Nov,24,,,,,,,,,,,,,,,,,,,0
15-Nov-2008,CHUHL,201587,MR,PRASHANT ROY,10002,,C,G,,SRV,SUP,,,,,,,,,,,,,,,M,,,,,,,,,,,,,L1,,,,,,,,,,,,,,,,,,,,UDF,7000,7000,,,,0,0,Nov,31,,,,94,,,,,,,,,,,,,,,0
15-Nov-2008,CHUHL,201588,MR,VIRENDER SINGH,10003,,C,G,,SRV,SUP,,,,,,,,,,,,,,,M,,,,,,,,,,,,,L1,,,,,,,,,,,,,,,,,,,,UDF,7000,7000,,,,0,0,Nov,1,,,,,,,,,,,,,,,,,,,0
15-Nov-2008,CHUHL,201589,MR,V.K.TIWARI,10004,,C,G,,SRV,GM,,,,,,,,,,,,,,,M,,,,,,,,,,,,,L1,,,,,,,,,,,,,,,,,,,,UDF,5500,5500,,,,0,0,Nov,12,,,,,,,,,,,,,,,,,,,0
15-Nov-2008,CHUHL,201590,MR,J.SINGH,10005,,C,G,,SRV,GM,,,,,,,,,,,,,,,M,,,,,,,,,,,,,L1,,,,,,,,,,,,,,,,,,,,UDF,5500,5500,,,,0,0,Nov,13,,,,,,,,,,,,,,,,,,,0
15-Nov-2008,CHUHL,201591,MR,SAMAR PAL SINGH,10006,,C,G,,SRV,GM,,,,,,,,,,,,,,,M,,,,,,,,,,,,,L1,,,,,,,,,,,,,,,,,,,,UDF,5500,5500,,,,0,0,Nov,19,,,,,,,,,,,,,,,,,,,0
15-Nov-2008,CHUHL,201592,MR,SARVESH,10007,,C,G,,SRV,GM,,,,,,,,,,,,,,,M,,,,,,,,,,,,,L1,,,,,,,,,,,,,,,,,,,,UDF,5500,5500,,,,0,0,Nov,18,,,,,,,,,,,,,,,,,,,0
15-Nov-2008,CHUHL,201593,MR,AFTAB,10008,,C,G,,SRV,SEC,,,,,,,,,,,,,,,M,,,,,,,,,,,,,L1,,,,,,,,,,,,,,,,,,,,UDF,5000,5000,,,,0,0,Nov,31,,,,,,,,,,,,,,,,,,,0
15-Nov-2008,CHUHL,201594,MR,RAKESH KUMAR,10009,,C,G,,SRV,SEC,,,,,,,,,,,,,,,M,,,,,,,,,,,,,L1,,,,,,,,,,,,,,,,,,,,UDF,5000,5000,,,,0,0,Nov,29,,,,,,,,,,,,,,,,,,,0
15-Nov-2008,CHUHL,201595,MR,PRADEEP KUMAR,10010,,C,G,,SRV,SEC,,,,,,,,,,,,,,,M,,,,,,,,,,,,,L1,,,,,,,,,,,,,,,,,,,,UDF,5000,5000,,,,0,0,Nov,28,,1000,,,,,,,,,,,,,,,,,0
15-Nov-2008,CHUHL,201596,MR,JITENDER,10011,,C,G,,SRV,SEC,,,,,,,,,,,,,,,M,,,,,,,,,,,,,L1,,,,,,,,,,,,,,,,,,,,UDF,5000,5000,,,,0,0,Nov,31,,200,,,,,,,,,,,,,,,,,0
15-Nov-2008,CHUHL,201597,MR,VIKASH DIXIT,10012,,C,G,,SRV,SEC,,,,,,,,,,,,,,,M,,,,,,,,,,,,,L1,,,,,,,,,,,,,,,,,,,,UDF,5000,5000,,,,0,0,Nov,15,,,,,,,,,,,,,,,,,,,0
15-Nov-2008,CHUHL,201598,MR,AMIT KUMAR,10013,,C,G,,SRV,SEC,,,,,,,,,,,,,,,M,,,,,,,,,,,,,L1,,,,,,,,,,,,,,,,,,,,UDF,5000,5000,,,,0,0,Nov,24,,,,,,,,,,,,,,,,,,,0
15-Nov-2008,CHUHL,201599,MR,VINIT KUMAR,10014,,C,G,,SRV,SEC,,,,,,,,,,,,,,,M,,,,,,,,,,,,,L1,,,,,,,,,,,,,,,,,,,,UDF,5000,5000,,,,0,0,Nov,5,,,,,,,,,,,,,,,,,,,0
15-Nov-2008,CHUHL,201600,MR,MOHIT KUMAR,10015,,C,G,,SRV,SEC,,,,,,,,,,,,,,,M,,,,,,,,,,,,,L1,,,,,,,,,,,,,,,,,,,,UDF,5000,5000,,,,0,0,Nov,1,,,,,,,,,,,,,,,,,,,0
15-Nov-2008,CHUHL,201601,MR,YOGENDER KR,10016,,C,G,,SRV,SEC,,,,,,,,,,,,,,,M,,,,,,,,,,,,,L1,,,,,,,,,,,,,,,,,,,,UDF,5000,5000,,,,0,0,Nov,9,,,,,,,,,,,,,,,,,,,0
15-Nov-2008,TATAE,201602,MR,VINOD KR.DIXIT,10001,,C,G,,SRV,SUP,,,,,,,,,,,,,,,M,,,,,,,,,,,,,L1,,,,,,,,,,,,,,,,,,,,UDF,4450,4450,,,,0,0,Nov,29,,,,,,161,,,,,,,,,,,,,0
15-Nov-2008,TATAE,201603,MR,RAJ KUMAR,10002,,C,G,,SRV,GM,,,,,,,,,,,,,,,M,,,,,,,,,,,,,L1,,,,,,,,,,,,,,,,,,,,UDF,4350,4350,,,,0,0,Nov,11,,,,,,,,,,,,,,,,,,,0
15-Nov-2008,TATAE,201604,MR,RAKESH KUMAR,10003,,C,G,,SRV,GM,,,,,,,,,,,,,,,M,,,,,,,,,,,,,L1,,,,,,,,,,,,,,,,,,,,UDF,4350,4350,,,,0,0,Nov,12,,,,,,161,,,,,,,,,,,,,0
15-Nov-2008,TATAE,201605,MR,AMIT KUMAR,10004,,C,G,,SRV,SEC,,,,,,,,,,,,,,,M,,,,,,,,,,,,,L1,,,,,,,,,,,,,,,,,,,,UDF,3500,3500,,,,0,0,Nov,36,,300,,,,161,,,,,,,,,,,,,0
15-Nov-2008,TATAE,201606,MR,ADESH KUMAR,10005,,C,G,,SRV,SEC,,,,,,,,,,,,,,,M,,,,,,,,,,,,,L1,,,,,,,,,,,,,,,,,,,,UDF,3500,3500,,,,0,0,Nov,36,,,,,,161,,,,,,,,,,,,,0
15-Nov-2008,TATAE,201607,MR,RAM KUMAR,10006,,C,G,,SRV,SEC,,,,,,,,,,,,,,,M,,,,,,,,,,,,,L1,,,,,,,,,,,,,,,,,,,,UDF,3500,3500,,,,0,0,Nov,35,,,,,,161,,,,,,,,,,,,,0
15-Nov-2008,TATAE,201608,MR,VINOD KR. DIXIT,10007,,C,G,,SRV,SEC,,,,,,,,,,,,,,,M,,,,,,,,,,,,,L1,,,,,,,,,,,,,,,,,,,,UDF,3500,3500,,,,0,0,Nov,5,,400,,,,161,,,,,,,,,,,,,0
15-Nov-2008,TATAE,201609,MR,KISHAN CHAND,10008,,C,G,,SRV,SEC,,,,,,,,,,,,,,,M,,,,,,,,,,,,,L1,,,,,,,,,,,,,,,,,,,,UDF,3500,3500,,,,0,0,Nov,11,,,,,,161,,,,,,,,,,,,,0
15-Nov-2008,TATAE,201610,MR,SURENDER SINGH,10009,,C,G,,SRV,SEC,,,,,,,,,,,,,,,M,,,,,,,,,,,,,L1,,,,,,,,,,,,,,,,,,,,UDF,3500,3500,,,,0,0,Nov,35,,,,,,161,,,,,,,,,,,,,0
15-Nov-2008,TATAE,201611,MR,ASIT YADAV,10010,,C,G,,SRV,SEC,,,,,,,,,,,,,,,M,,,,,,,,,,,,,L1,,,,,,,,,,,,,,,,,,,,UDF,3500,3500,,,,0,0,Nov,12,,,,,,161,,,,,,,,,,,,,0
15-Nov-2008,TATAE,201612,MR,JAG RAM,10011,,C,G,,SRV,SEC,,,,,,,,,,,,,,,M,,,,,,,,,,,,,L1,,,,,,,,,,,,,,,,,,,,UDF,3500,3500,,,,0,0,Nov,25,,300,,,,161,,,,,,,,,,,,,0
15-Nov-2008,TATAE,201613,MR,BHUBENSHWAR,10012,,C,G,,SRV,SEC,,,,,,,,,,,,,,,M,,,,,,,,,,,,,L1,,,,,,,,,,,,,,,,,,,,UDF,3500,3500,,,,0,0,Nov,32,,,,,,,,,,,,,,,,,,,0
15-Nov-2008,ISHAN,201614,MR,ASHOK KUMAR,10001,,C,G,,SRV,GM,,,,,,,,,,,,,,,M,,,,,,,,,,,,,L1,,,,,,,,,,,,,,,,,,,,UDF,5000,5000,,,,0,0,Nov,30,,,,,,,,,,,,,,,,,,,0
15-Nov-2008,ISHAN,201615,MR,RAKESH KUMAR,10002,,C,G,,SRV,GM,,,,,,,,,,,,,,,M,,,,,,,,,,,,,L1,,,,,,,,,,,,,,,,,,,,UDF,5000,5000,,,,0,0,Nov,19,,,,,,,,,,,,,,,,,,,0
15-Nov-2008,ISHAN,201616,MR,RAJ KISHORE,10003,,C,G,,SRV,GM,,,,,,,,,,,,,,,M,,,,,,,,,,,,,L1,,,,,,,,,,,,,,,,,,,,UDF,5000,5000,,,,0,0,Nov,22,,,,,,,,,,,,,,,,,,,0
15-Nov-2008,ISHAN,201617,MR,DINESH PANDEY,10004,,C,G,,SRV,SEC,,,,,,,,,,,,,,,M,,,,,,,,,,,,,L1,,,,,,,,,,,,,,,,,,,,UDF,3800,3800,,,,0,0,Nov,29,,,,,,,,,,,,,,,,,,,0
15-Nov-2008,ISHAN,201618,MR,BHUPENDER,10005,,C,G,,SRV,SEC,,,,,,,,,,,,,,,M,,,,,,,,,,,,,L1,,,,,,,,,,,,,,,,,,,,UDF,3800,3800,,,,0,0,Nov,31,,,,,,,,,,,,,,,,,,,0
15-Nov-2008,ISHAN,201619,MR,NAND LAL,10006,,C,G,,SRV,SEC,,,,,,,,,,,,,,,M,,,,,,,,,,,,,L1,,,,,,,,,,,,,,,,,,,,UDF,3800,3800,,,,0,0,Nov,31,,,,,,,,,,,,,,,,,,,0
15-Nov-2008,ISHAN,201620,MR,MUNNA LAL,10007,,C,G,,SRV,SEC,,,,,,,,,,,,,,,M,,,,,,,,,,,,,L1,,,,,,,,,,,,,,,,,,,,UDF,3800,3800,,,,0,0,Nov,31,,,,,,,,,,,,,,,,,,,0
15-Nov-2008,ISHAN,201621,MR,JAG RAM SINGH,10008,,C,G,,SRV,SEC,,,,,,,,,,,,,,,M,,,,,,,,,,,,,L1,,,,,,,,,,,,,,,,,,,,UDF,3800,3800,,,,0,0,Nov,9,,,,,,,,,,,,,,,,,,,0
15-Nov-2008,ISHAN,201622,MR,SANDEEP,10009,,C,G,,SRV,SEC,,,,,,,,,,,,,,,M,,,,,,,,,,,,,L1,,,,,,,,,,,,,,,,,,,,UDF,3800,3800,,,,0,0,Nov,31,,200,,,,,,,,,,,,,,,,,0
15-Nov-2008,NESUM,201623,MR,BIR PAL SINGH,10001,,C,G,,SRV,ASO,,,,,,,,,,,,,,,M,,,,,,,,,,,,,L1,,,,,,,,,,,,,,,,,,,,UDF,8110,8110,,,,0,0,Nov,29,,,,255,,,,,,,,,,,,,,,0
15-Nov-2008,NESUM,201624,MR,DES RAJ SINGH,10002,,C,G,,SRV,GM,,,,,,,,,,,,,,,M,,,,,,,,,,,,,L1,,,,,,,,,,,,,,,,,,,,UDF,4997,4997,,,,0,0,Nov,33,,,,,,,,,,,,,,,,,,,0
15-Nov-2008,NESUM,201625,MR,NARESH KUMAR,10003,,C,G,,SRV,GM,,,,,,,,,,,,,,,M,,,,,,,,,,,,,L1,,,,,,,,,,,,,,,,,,,,UDF,4997,4997,,,,0,0,Nov,36,,,,,,,,,,,,,,,,,,,0
15-Nov-2008,NESUM,201626,MR,DEV RAJ SINGH,10004,,C,G,,SRV,GM,,,,,,,,,,,,,,,M,,,,,,,,,,,,,L1,,,,,,,,,,,,,,,,,,,,UDF,4997,4997,,,,0,0,Nov,30,,,,,,,,,,,,,,,,,,,0
15-Nov-2008,NESUM,201627,MR,BAL RAM SINGH,10005,,C,G,,SRV,GM,,,,,,,,,,,,,,,M,,,,,,,,,,,,,L1,,,,,,,,,,,,,,,,,,,,UDF,4997,4997,,,,0,0,Nov,1,,,,,,,,,,,,,,,,,,,0
15-Nov-2008,NESUM,201628,MR,YATENDER SHARMA,10006,,C,G,,SRV,GM,,,,,,,,,,,,,,,M,,,,,,,,,,,,,L1,,,,,,,,,,,,,,,,,,,,UDF,4997,4997,,,,0,0,Nov,39,,,,,,,,,,,,,,,,,,,0
15-Nov-2008,NESUM,201629,MR,DINESH KUMAR,10007,,C,G,,SRV,GM,,,,,,,,,,,,,,,M,,,,,,,,,,,,,L1,,,,,,,,,,,,,,,,,,,,UDF,4997,4997,,,,0,0,Nov,13,,,,,,,,,,,,,,,,,,,0
15-Nov-2008,NESUM,201630,MR,GAJANDER SINGH,10008,,C,G,,SRV,GM,,,,,,,,,,,,,,,M,,,,,,,,,,,,,L1,,,,,,,,,,,,,,,,,,,,UDF,4997,4997,,,,0,0,Nov,36,,,,,,,,,,,,,,,,,,,0
15-Nov-2008,NESUM,201631,MR,RAJ KISHORE DUBEY,10009,,C,G,,SRV,GM,,,,,,,,,,,,,,,M,,,,,,,,,,,,,L1,,,,,,,,,,,,,,,,,,,,UDF,4997,4997,,,,0,0,Nov,32,,,,,,,,,,,,,,,,,,,0
15-Nov-2008,NESUM,201632,MR,OM NARAYAN,10010,,C,G,,SRV,GM,,,,,,,,,,,,,,,M,,,,,,,,,,,,,L1,,,,,,,,,,,,,,,,,,,,UDF,4997,4997,,,,0,0,Nov,32.5,,,,,,,,,,,,,,,,,,,0
15-Nov-2008,NESUM,201633,MR,GANDA LAL,10011,,C,G,,SRV,GM,,,,,,,,,,,,,,,M,,,,,,,,,,,,,L1,,,,,,,,,,,,,,,,,,,,UDF,4997,4997,,,,0,0,Nov,38.5,,,,,,,,,,,,,,,,,,,0
15-Nov-2008,NESUM,201634,MR,KITAB SINGH,10012,,C,G,,SRV,GM,,,,,,,,,,,,,,,M,,,,,,,,,,,,,L1,,,,,,,,,,,,,,,,,,,,UDF,4997,4997,,,,0,0,Nov,36.5,,,,,,,,,,,,,,,,,,,0
15-Nov-2008,NESUM,201635,MR,VINOD KUMAR -||,10013,,C,G,,SRV,SEC,,,,,,,,,,,,,,,M,,,,,,,,,,,,,L1,,,,,,,,,,,,,,,,,,,,UDF,3958,3958,,,,0,0,Nov,37.5,,,,,,,,,,,,,,,,,,,0
15-Nov-2008,NESUM,201636,MR,JAI VEER SINGH,10014,,C,G,,SRV,SEC,,,,,,,,,,,,,,,M,,,,,,,,,,,,,L1,,,,,,,,,,,,,,,,,,,,UDF,3958,3958,,,,0,0,Nov,32,,,,70,,,,,,,,,,,,,,,0
15-Nov-2008,NESUM,201637,MR,JITENDER KUMAR-|,10015,,C,G,,SRV,SEC,,,,,,,,,,,,,,,M,,,,,,,,,,,,,L1,,,,,,,,,,,,,,,,,,,,UDF,3958,3958,,,,0,0,Nov,4,,,,,,,,,,,,,,,,,,,0
15-Nov-2008,NESUM,201638,MR,PUNIT KUMAR,10016,,C,G,,SRV,SEC,,,,,,,,,,,,,,,M,,,,,,,,,,,,,L1,,,,,,,,,,,,,,,,,,,,UDF,3958,3958,,,,0,0,Nov,30.5,,,,,,,,,,,,,,,,,,,0
15-Nov-2008,NESUM,201639,MR,RAM SURAT BIND,10017,,C,G,,SRV,SEC,,,,,,,,,,,,,,,M,,,,,,,,,,,,,L1,,,,,,,,,,,,,,,,,,,,UDF,3958,3958,,,,0,0,Nov,28,,,,,,,,,,,,,,,,,,,0
15-Nov-2008,NESUM,201640,MR,UMESH KUMAR,10018,,C,G,,SRV,SEC,,,,,,,,,,,,,,,M,,,,,,,,,,,,,L1,,,,,,,,,,,,,,,,,,,,UDF,3958,3958,,,,0,0,Nov,35.5,,,,,,,,,,,,,,,,,,,0
15-Nov-2008,NESUM,201641,MR,AWDESH KUMAR,10019,,C,G,,SRV,SEC,,,,,,,,,,,,,,,M,,,,,,,,,,,,,L1,,,,,,,,,,,,,,,,,,,,UDF,3958,3958,,,,0,0,Nov,23.5,,,,70,,,,,,,,,,,,,,,0
15-Nov-2008,NESUM,201642,MR,CHANDER PAL SINGH,10020,,C,G,,SRV,SEC,,,,,,,,,,,,,,,M,,,,,,,,,,,,,L1,,,,,,,,,,,,,,,,,,,,UDF,3958,3958,,,,0,0,Nov,33.5,,,,,,,,,,,,,,,,,,,0
15-Nov-2008,NESUM,201643,MR,IRFAN AHMED,10021,,C,G,,SRV,SEC,,,,,,,,,,,,,,,M,,,,,,,,,,,,,L1,,,,,,,,,,,,,,,,,,,,UDF,3958,3958,,,,0,0,Nov,25.5,,,,,,,,,,,,,,,,,,,0
15-Nov-2008,NESUM,201644,MR,SATYA NARAYAN,10022,,C,G,,SRV,SEC,,,,,,,,,,,,,,,M,,,,,,,,,,,,,L1,,,,,,,,,,,,,,,,,,,,UDF,3958,3958,,,,0,0,Nov,9,,,,,,,,,,,,,,,,,,,0
15-Nov-2008,NESUM,201645,MR,RINKU SINGH,10023,,C,G,,SRV,SEC,,,,,,,,,,,,,,,M,,,,,,,,,,,,,L1,,,,,,,,,,,,,,,,,,,,UDF,3958,3958,,,,0,0,Nov,40,,,,,,,,,,,,,,,,,,,0
15-Nov-2008,NESUM,201646,MR,NARENDRA SINGH,10024,,C,G,,SRV,SEC,,,,,,,,,,,,,,,M,,,,,,,,,,,,,L1,,,,,,,,,,,,,,,,,,,,UDF,3958,3958,,,,0,0,Nov,42,,,,,,,,,,,,,,,,,,,0
15-Nov-2008,NESUM,201647,MR,ROOP KISHORE,10025,,C,G,,SRV,SEC,,,,,,,,,,,,,,,M,,,,,,,,,,,,,L1,,,,,,,,,,,,,,,,,,,,UDF,3958,3958,,,,0,0,Nov,29.5,,,,,,,,,,,,,,,,,,,0
15-Nov-2008,NESUM,201648,MR,SUBASH CHAND,10026,,C,G,,SRV,SEC,,,,,,,,,,,,,,,M,,,,,,,,,,,,,L1,,,,,,,,,,,,,,,,,,,,UDF,3958,3958,,,,0,0,Nov,28,,,,,,,,,,,,,,,,,,,0
15-Nov-2008,NESUM,201649,MR,JITENDER SINGH-II,10027,,C,G,,SRV,SEC,,,,,,,,,,,,,,,M,,,,,,,,,,,,,L1,,,,,,,,,,,,,,,,,,,,UDF,3958,3958,,,,0,0,Nov,20,,,,,,,,,,,,,,,,,,,0
15-Nov-2008,NESUM,201650,MR,GHANSHYAM,10028,,C,G,,SRV,SEC,,,,,,,,,,,,,,,M,,,,,,,,,,,,,L1,,,,,,,,,,,,,,,,,,,,UDF,3958,3958,,,,0,0,Nov,29.5,,,,70,,,,,,,,,,,,,,,0
15-Nov-2008,NESUM,201651,MR,DHIRENDER SINGH,10029,,C,G,,SRV,SEC,,,,,,,,,,,,,,,M,,,,,,,,,,,,,L1,,,,,,,,,,,,,,,,,,,,UDF,3958,3958,,,,0,0,Nov,33,,,,,,,,,,,,,,,,,,,0
15-Nov-2008,NESUM,201652,MR,SARFARAJ AHMED,10030,,C,G,,SRV,SEC,,,,,,,,,,,,,,,M,,,,,,,,,,,,,L1,,,,,,,,,,,,,,,,,,,,UDF,3958,3958,,,,0,0,Nov,31.5,,,,,,,,,,,,,,,,,,,0
15-Nov-2008,NESUM,201653,MR,VIKASH KUMAR,10031,,C,G,,SRV,SEC,,,,,,,,,,,,,,,M,,,,,,,,,,,,,L1,,,,,,,,,,,,,,,,,,,,UDF,3958,3958,,,,0,0,Nov,15,,,,,,,,,,,,,,,,,,,0
15-Nov-2008,NESUM,201654,MR,NAVAL KISHORE,10032,,C,G,,SRV,SEC,,,,,,,,,,,,,,,M,,,,,,,,,,,,,L1,,,,,,,,,,,,,,,,,,,,UDF,3958,3958,,,,0,0,Nov,19.5,,,,,,,,,,,,,,,,,,,0
15-Nov-2008,NESUM,201655,MR,MITHLESH KUMAR,10033,,C,G,,SRV,SEC,,,,,,,,,,,,,,,M,,,,,,,,,,,,,L1,,,,,,,,,,,,,,,,,,,,UDF,3958,3958,,,,0,0,Nov,25,,,,,,,,,,,,,,,,,,,0
15-Nov-2008,NESUM,201656,MR,AJAY PAL SINGH,10034,,C,G,,SRV,SEC,,,,,,,,,,,,,,,M,,,,,,,,,,,,,L1,,,,,,,,,,,,,,,,,,,,UDF,3958,3958,,,,0,0,Nov,42,,,,,,,,,,,,,,,,,,,0
15-Nov-2008,NESUM,201657,MR,SATY NARAYAN,10035,,C,G,,SRV,SEC,,,,,,,,,,,,,,,M,,,,,,,,,,,,,L1,,,,,,,,,,,,,,,,,,,,UDF,3958,3958,,,,0,0,Nov,33.5,,,,,,,,,,,,,,,,,,,0
15-Nov-2008,NESUM,201658,MR,AJAY CHOUBEY,10036,,C,G,,SRV,SEC,,,,,,,,,,,,,,,M,,,,,,,,,,,,,L1,,,,,,,,,,,,,,,,,,,,UDF,3958,3958,,,,0,0,Nov,42,,,,,,,,,,,,,,,,,,,0
15-Nov-2008,NESUM,201659,MR,RAM CHANDER,10037,,C,G,,SRV,SEC,,,,,,,,,,,,,,,M,,,,,,,,,,,,,L1,,,,,,,,,,,,,,,,,,,,UDF,3958,3958,,,,0,0,Nov,7,,,,,,,,,,,,,,,,,,,0
15-Nov-2008,NESUM,201660,MR,KISHORE LAL,10038,,C,G,,SRV,SEC,,,,,,,,,,,,,,,M,,,,,,,,,,,,,L1,,,,,,,,,,,,,,,,,,,,UDF,3958,3958,,,,0,0,Nov,9.5,,,,730,100,,,,,,,,,,,,,,0
