1,100001,MISS,NEHA GOEL,MSEG/0001,NG,P,G,IP SINGH,MKT,MARKTING,21-Aug-2008,,2756567,mba21neha@yahoo.com,UDF,UDF,S,UDF,UDF,UDF,UDF,UDF,UDF,UDF,F,21-Jan-1986,GHAZIABAD,UDF,UDF,UDF,UDF,UDF,CASH,UDF,UDF,UDF,UDF,,NA,NA,UDF,UDF,UDF,UDF,UDF,UDF,UDF,UDF,UDF,III-F 237 NEHRU NAGAR,GHAZIABAD,UP,NA,III-F 237 NEHRU NAGAR,GZB,UP,NA,UDF
2,100002,MR,SAURABH SHARMA,MSEG/0002,SS,P,G,L.K.SHARMA,PO,PERSONNEL,13-Dec-2007,,9718103779,saurabh_personnel@yahoo.com,UDF,UDF,S,UDF,UDF,UDF,UDF,UDF,UDF,UDF,M,11-Mar-1986,FIROZABAD,UDF,UDF,UDF,UDF,UDF,CASH,UDF,UDF,UDF,UDF,,S.C. SHARMA,SHASHI SHARMA,UDF,UDF,UDF,UDF,UDF,UDF,UDF,UDF,UDF,VIJAY NAGAR GHAZIABAD,GZB,UP,NA,VIJAY NAGAR GHAZIABAD,GZB,UP,NA,UDF
3,100003,MR ,A.K CHOUBY,MSEG/0003,AK,P,G,IP SINGH,OPR,OPRETION,12-Dec-2006,,2871688,NA,UDF,UDF,M,UDF,UDF,UDF,UDF,UDF,UDF,UDF,M,06-May-1972,GHAZIABAD,UDF,UDF,UDF,UDF,UDF,CASH,UDF,UDF,UDF,UDF,,H.C.SHARMA,G.M .DEVI,UDF,UDF,UDF,UDF,UDF,UDF,UDF,UDF,UDF,NA,NA,NA,NA,NA,NA,,NA,UDF
4,100004,MR ,DHARMENDRA KUMAR,MSEG/0004,DK,P,G,K.K. SHARMA,IT,SOFTWARE EX,11-Feb-2008,,9312802753,dharmendra_kutarya@yahoo.co.in,UDF,UDF,M,UDF,UDF,UDF,UDF,UDF,UDF,UDF,M,05-Feb-1983,MAMIRPUR,UDF,UDF,UDF,UDF,UDF,CASH,UDF,UDF,UDF,UDF,,CHHOTE LAL,PAN KUMARI,UDF,UDF,UDF,UDF,UDF,UDF,UDF,UDF,UDF,KAILASH NAGAR GHAZIABAD,GZB,U.P,NA,KAILASH NAGAR GHAZIABAD,GZB,U.P,NA,UDF
5,100005,MR,AMAR NATH ,MSEG/0005,ANS,P,G,L.K.SHARMA,PO,PERSONNEL,12-Jan-2007,,2871688,NA,UDF,UDF,M,UDF,UDF,UDF,UDF,UDF,UDF,UDF,M,07-May-1974,GHAZIABAD,UDF,UDF,UDF,UDF,UDF,CASH,UDF,UDF,UDF,UDF,,HARI CHAND,GOMTI DEVI,UDF,UDF,UDF,UDF,UDF,UDF,UDF,UDF,UDF,MEERUT ROAD GHAZIABAD,GZB,U.P.,NA,MEERUT ROAD GHAZIABAD,GZB,U.P.,NA,UDF
6,100006,MR,SHATISH PAL SINGH,MSEG/0006,SP,P,G,IP SINGH,STR,STORE INCHARGE,18-Feb-2007,,9213628596,NA,UDF,UDF,M,UDF,UDF,UDF,UDF,UDF,UDF,UDF,M,05-Jul-1968,GHAZIABAD,UDF,UDF,UDF,UDF,UDF,CASH,UDF,UDF,UDF,UDF,,BIJENDER SINGH,RAJENDRU DEVI,UDF,UDF,UDF,UDF,UDF,UDF,UDF,UDF,UDF,KRISHNA NAGAR MEERUT ROAD GHAZIABAD,GZB,U.P.,NA,KRISHNA NAGAR MEERUT ROAD GHAZIABAD,GZB,U.P.,NA,UDF
7,100007,MISS,NEHA MALIK,MSEG/0007,NM,P,G,IP SINGH,OPR,OPRETION,08-Jan-2008,,989944147,NA,UDF,UDF,S,UDF,UDF,UDF,UDF,UDF,UDF,UDF,F,11-Jan-1983,GHAZIABAD,UDF,UDF,UDF,UDF,UDF,CASH,UDF,UDF,UDF,UDF,,T.K. MALIK,RENU MALIK,UDF,UDF,UDF,UDF,UDF,UDF,UDF,UDF,UDF,6E;DAYA NANAD NAGAR,GZB,U.P.,NA,6E;DAYA NANAD NAGAR,GZB,U.P.,NA,UDF
8,100008,MR,ANIL KUMAR SAHLOT,MSEG/0008,AK,P,G,IP SINGH,ACT,ACCOUNT,08-Sep-2008,,9711334977,anilkumar_sahlot@yahoo.com,UDF,UDF,M,UDF,UDF,UDF,UDF,UDF,UDF,UDF,M,21-Jan-1969,GHAZIABAD,UDF,UDF,UDF,UDF,UDF,CASH,UDF,UDF,UDF,UDF,,RAJ VIR SINGH,SARDARI,UDF,UDF,UDF,UDF,UDF,UDF,UDF,UDF,UDF,N-54 SEC-23 GHAZIABAD,GZB,U.P.,NA,N-54 SEC-23 GHAZIABAD,GZB,U.P.,NA,UDF
9,100009,MR ,RAKESH BHANDARI,MSEG/0009,R.B,P,G,IP SINGH,ACT,ACCOUNT,29-Aug-2008,,9868669906,NA,UDF,UDF,M,UDF,UDF,UDF,UDF,UDF,UDF,UDF,M,10-Jun-1963,GHAZIABAD,UDF,UDF,UDF,UDF,UDF,CASH,UDF,UDF,UDF,UDF,,B.D. BHANDARI,NARESH BHANDARI,UDF,UDF,UDF,UDF,UDF,UDF,UDF,UDF,UDF,43; CHANDER PURI GZB,GZB,U.P.,NA,43; CHANDER PURI GZB,GZB,U.P.,NA,UDF
10,100010,MR,LALIT KUMAR SHARMA,MSEG/0010,L.K.S,P,G,IP SINGH,PO,PERSONNEL,03-Feb-2008,,9871737458,NA,UDF,UDF,M,UDF,UDF,UDF,UDF,UDF,UDF,UDF,M,16-Dec-1965,GHAZIABAD,UDF,UDF,UDF,UDF,UDF,CASH,UDF,UDF,UDF,UDF,,S.R.S SHARMA,USHA RANI SHARMA,UDF,UDF,UDF,UDF,UDF,UDF,UDF,UDF,UDF,F/77 SEC-12; VIJAY NAGAR,GZB,U.P.,NA,F/77 SEC-12; VIJAY NAGAR,GZB,U.P.,NA,UDF
11,100011,MR,SANDEEP SINHA,MSEG/0011,SS,P,G,L.K.SHARMA,PO,PERSONNEL,,,1234567890,NA,UDF,UDF,M,UDF,UDF,UDF,UDF,UDF,UDF,UDF,M,01-Apr-1969,GHAZIABAD,UDF,UDF,UDF,UDF,UDF,CASH,UDF,UDF,UDF,UDF,,NA,NA,UDF,UDF,UDF,UDF,UDF,UDF,UDF,UDF,UDF,NA,NA,NA,NA,NA,NA,NA,NA,UDF
12,100012,MR ,SANJAY GAUR,MSEG/0012,SG,P,G,IP SINGH,MKT,MARKTING,12-May-2008,,9311587714,spnadham_sanjay@yahoo.com,UDF,UDF,M,UDF,UDF,UDF,UDF,UDF,UDF,UDF,M,24-Oct-1974,GHAZIABAD,UDF,UDF,UDF,UDF,UDF,CASH,UDF,UDF,UDF,UDF,,B.M. SHARMA,SANTOSH RANI SHARMA,UDF,UDF,UDF,UDF,UDF,UDF,UDF,UDF,UDF,C-261-LOHIA NAGAR,GZB,U.P.,NA,C-261-LOHIA NAGAR,GZB,U.P.,NA,UDF
13,100013,MR,MAHESH CHAND GUPTA,MSEG/0013,MCG,P,G,IP SINGH,PO,RECORD MANAGER,26-Mar-2008,,9958664834,NA,UDF,UDF,M,UDF,UDF,UDF,UDF,UDF,UDF,UDF,M,07-Nov-1973,GHAZIABAD,UDF,UDF,UDF,UDF,UDF,CASH,UDF,UDF,UDF,UDF,,KEDAR LAL,GANPATI DEVI,UDF,UDF,UDF,UDF,UDF,UDF,UDF,UDF,UDF,HOUSE NO.309 KAILASH NAGAR GZB,GZB,U.P.,NA,HOUSE NO.309 KAILASH NAGAR GZB,GZB,U.P.,NA,UDF
14,100014,MR,MUKESH SHARMA,MSEG/0014,MS,P,G,L.K.SHARMA,PO,EPF MANAGER,27-Mar-2001,,9211778857,NA,UDF,UDF,M,UDF,UDF,UDF,UDF,UDF,UDF,UDF,M,05-Jul-1960,GHAZIABAD,UDF,UDF,UDF,UDF,UDF,CASH,UDF,UDF,UDF,UDF,,B.R.SHARMA,VEGBATI SHARMA,UDF,UDF,UDF,UDF,UDF,UDF,UDF,UDF,UDF,H-250; GOVINDPURM GZB,GZB,U.P.,NA,H-250; GOVINDPURM GZB,GZB,U.P.,NA,UDF
15,100015,MISS,NEHA SETHI,MSEG/0015,NS,P,G,IP SINGH,P.A.,PERSONAL ASST,25-Aug-2008,,981725859,nehadethi62008@gmail.com,UDF,UDF,S,UDF,UDF,UDF,UDF,UDF,UDF,UDF,F,14-Jul-1989,GHAZIABAD,UDF,UDF,UDF,UDF,UDF,CASH,UDF,UDF,UDF,UDF,,A.K. SETHI,ASHA SETHI,UDF,UDF,UDF,UDF,UDF,UDF,UDF,UDF,UDF,140/7; PREM NAGAR GZB,GZB,U.P.,NA,140/7; PREM NAGAR GZB,GZB,U.P.,NA,UDF
16,100016,MR ,AVTAR SINGH,MSEG/0016,AS,P,G,IP SINGH,OPR,OPRETION,30-Jun-2007,,9711030404,NA,UDF,UDF,M,UDF,UDF,UDF,UDF,UDF,UDF,UDF,M,13-Nov-1970,GHAZIABAD,UDF,UDF,UDF,UDF,UDF,CASH,UDF,UDF,UDF,UDF,,JAI RAM SINGH,RAMESHWARI,UDF,UDF,UDF,UDF,UDF,UDF,UDF,UDF,UDF,VILL-DAGARPUR;POST-RATAUL;DIST-BAGPAT,BAGPAT,U.P.,NA,VILL-DAGARPUR;POST-RATAUL;DIST-BAGPAT,BAGPAT,U.P.,NA,UDF
17,100017,MR ,S.K .MAHESHWARI,MSEG/0017,SK,P,G,IP SINGH,ACT,ACASH MANAGAR,28-May-2008,,9911234041,NA,UDF,UDF,M,UDF,UDF,UDF,UDF,UDF,UDF,UDF,M,10-Nov-1959,NA1234567890,UDF,UDF,UDF,UDF,UDF,CASH,UDF,UDF,UDF,UDF,,JAI CHAND LAL MAHESHWARI,MALI DEVI,UDF,UDF,UDF,UDF,UDF,UDF,UDF,UDF,UDF,IIA 108; NEHRU NAGAR GZB,GZB,U.P.,NA,IIA 108; NEHRU NAGAR GZB,GZB,U.P.,NA,UDF
18,100018,MR,K. K. SHARMA,MSEG/0018,KKS,P,G,IP SINGH,IT,SYSTEM SOFTWARE MANAGER ,13-Sep-2008,,1234567890,krish8pm@yahoo.com,UDF,UDF,M,UDF,UDF,UDF,UDF,UDF,UDF,UDF,M,18-Sep-1974,KANPUR,UDF,UDF,UDF,UDF,UDF,CASH,UDF,UDF,UDF,UDF,,LT.S.B.SHARMA,LT. V. K. SHARMA,UDF,UDF,UDF,UDF,UDF,UDF,UDF,UDF,UDF,F-52; A NANDRAM GZB,GZB,U.P.,NA,F-52; A NANDRAM GZB,GZB,U.P.,NA,UDF
19,100019,MR,VIND KUMAR,MSEG/0019,V.K,P,G,IP SINGH,PO,DRIVER,31-Jan-2008,,9958327320,NA,UDF,UDF,M,UDF,UDF,UDF,UDF,UDF,UDF,UDF,M,10-Feb-1972,BSR,UDF,UDF,UDF,UDF,UDF,CASH,UDF,UDF,UDF,UDF,,LAYAK RAM,PRAKASHU DEVI,UDF,UDF,UDF,UDF,UDF,UDF,UDF,UDF,UDF,C-48; AMAR CLY DELHI,DELHI,DELHI,NA,C-48; AMAR CLY DELHI,DELHI,DELHI,NA,UDF
20,100020,MRS.,CHAITALI SINGH,MSEG/0020,CS,P,G,PRADEEP SINGH,PO,RECEPTION,08-May-2008,,9968555956,chatali78@yahoo.com,UDF,UDF,M,UDF,UDF,UDF,UDF,UDF,UDF,UDF,F,27-Nov-1978,MORADABAD,UDF,UDF,UDF,UDF,UDF,CASH,UDF,UDF,UDF,UDF,,S.C. SINGH,INDIRA DEVI,UDF,UDF,UDF,UDF,UDF,UDF,UDF,UDF,UDF,B-45; LOHIA NAGAR GHAZIABAD,GZB,U.P.,NA,B-45; LOHIA NAGAR GHAZIABAD,GZB,U.P.,NA,UDF
21,100021,MR.,PRADEEP SINGH,MSEG/0021,PS,P,G,IP SINGH,OPP,OPRETION,,,9213313156,p-pardeep74@yahoo.com,UDF,UDF,M,UDF,UDF,UDF,UDF,UDF,UDF,UDF,M,27-Nov-1974,KANPUR,UDF,UDF,UDF,UDF,UDF,CASH,UDF,UDF,UDF,UDF,,M.S. PARMAR,SHANTI SINGH,UDF,UDF,UDF,UDF,UDF,UDF,UDF,UDF,UDF,C-140; GAMA-I,NOIDA,U.P.,NA,C-140; GAMA-I,NOIDA,U.P.,NA,UDF
22,100022,MR,JASBIR SINGH,MSEG/0022,JS,P,G,PRADEEP SINGH,OPP,OPRETION,,,9968211288,NA,UDF,UDF,M,UDF,UDF,UDF,UDF,UDF,UDF,UDF,M,01-May-1964,GZB,UDF,UDF,UDF,UDF,UDF,CASH,UDF,UDF,UDF,UDF,,SUKH BIR SINGH,INDERWATI,UDF,UDF,UDF,UDF,UDF,UDF,UDF,UDF,UDF,VILL & P.O. SADERPUR,GZB,U.P.,NA,VILL & P.O. SADERPUR,GZB,U.P.,NA,UDF
23,100023,MR,A.K. TALIYAN,MSEG/0023,AKT,P,G,PRADEEP SINGH,OPP,OPRETION,,,1234567890,NA,UDF,UDF,M,UDF,UDF,UDF,UDF,UDF,UDF,UDF,M,25-Nov-1968,MEERUT,UDF,UDF,UDF,UDF,UDF,CASH,UDF,UDF,UDF,UDF,,NA,NA,UDF,UDF,UDF,UDF,UDF,UDF,UDF,UDF,UDF,NA,NA,NA,NA,NA,NA,NA,NA,UDF
24,100024,MR,JAGBIR SINGH,MSEG/0024,JBS,P,G,PRADEEP SINGH,OPP,AREA INSP.,,,1234567890,NA,UDF,UDF,M,UDF,UDF,UDF,UDF,UDF,UDF,UDF,M,05-Aug-1965,MURADABAD,UDF,UDF,UDF,UDF,UDF,CASH,UDF,UDF,UDF,UDF,,NA,NA,UDF,UDF,UDF,UDF,UDF,UDF,UDF,UDF,UDF,NA,NA,NA,NA,NA,NA,NA,NA,UDF
25,100025,MR,S. K  SHARMA,MSEG/0025,SKS,P,G,JASBIR SINGH,OPP,AREA INSP.,,,1234567890,NA,UDF,UDF,M,UDF,UDF,UDF,UDF,UDF,UDF,UDF,M,01-Jan-1968,GHAZIABAD,UDF,UDF,UDF,UDF,UDF,CASH,UDF,UDF,UDF,UDF,,NA,NA,UDF,UDF,UDF,UDF,UDF,UDF,UDF,UDF,UDF,NA,NA,NA,NA,NA,NA,NA,NA,UDF
26,100026,MR ,M.K SHARMA,MSEG/0026,MKS,P,G,A. K . TALIYAN,OPP,AREA INSP.,,,98911754494,sharma.mk@roeketmail.com,UDF,UDF,M,UDF,UDF,UDF,UDF,UDF,UDF,UDF,M,28-Feb-1969,MEERUT,UDF,UDF,UDF,UDF,UDF,CASH,UDF,UDF,UDF,UDF,,SATYA PRAKASH,PUSHP LATA ,UDF,UDF,UDF,UDF,UDF,UDF,UDF,UDF,UDF,531; SANIK COLONY SARDHA ROAD,GZB,U.P.,NA,531; SANIK COLONY SARDHA ROAD,GZB,U.P.,NA,UDF
27,100027,MR,B.M AGAWAL,MSEG/0027,BM,P,G,PRADEEP SINGH,G.M.,G. MANAGAR,,,1234567890,NA,UDF,UDF,M,UDF,UDF,UDF,UDF,UDF,UDF,UDF,M,16-Aug-2008,GHAZIABAD,UDF,UDF,UDF,UDF,UDF,CASH,UDF,UDF,UDF,UDF,,NA,NA,UDF,UDF,UDF,UDF,UDF,UDF,UDF,UDF,UDF,NA,NA,NA,NA,NA,NA,NA,NA,UDF
28,100028,MR,HAR PAL SINGH,MSEG/0028,HP,P,G,B.M AGAWAL,OPP,NA,,,9990315695,NA,UDF,UDF,M,UDF,UDF,UDF,UDF,UDF,UDF,UDF,M,04-Oct-1956,MEERUT,UDF,UDF,UDF,UDF,UDF,CASH,UDF,UDF,UDF,UDF,,RAM CHANDER,SHANTI DEVI,UDF,UDF,UDF,UDF,UDF,UDF,UDF,UDF,UDF,14- CHITRAGUPT VIHAR SEC-23;SANJAY NAGAR,GZB,U.P.,NA,14- CHITRAGUPT VIHAR SEC-23;SANJAY NAGAR,GZB,U.P.,NA,UDF
29,100029,MR,SHAILENDER  SHARMA,MSEG/0029,SS,P,G,B.M AGAWAL,OPP,NA,,,9897960797,NA,UDF,UDF,M,UDF,UDF,UDF,UDF,UDF,UDF,UDF,M,06-Jun-1958,KOTDWAR,UDF,UDF,UDF,UDF,UDF,CASH,UDF,UDF,UDF,UDF,,S.N SHARMA,SATYA WATI,UDF,UDF,UDF,UDF,UDF,UDF,UDF,UDF,UDF,H.NO. 117 GALI NO.9-B SANIK NAGAR MEERUT,MEERUT,U.P,NA,H.NO. 117 GALI NO.9-B SANIK NAGAR MEERUT,MEERUT,U.P,NA,UDF
30,100030,MR,MANOJ KUMAR,MSEG/0030,MK,P,G,IP SINGH,ADM,OFFICE BOY,,,1234567890,NA,UDF,UDF,M,UDF,UDF,UDF,UDF,UDF,UDF,UDF,M,12-Nov-1976,MODINAGAR,UDF,UDF,UDF,UDF,UDF,CASH,UDF,UDF,UDF,UDF,,NA,NA,UDF,UDF,UDF,UDF,UDF,UDF,UDF,UDF,UDF,NA,NA,NA,NA,NA,NA,NA,NA,UDF
