SL NO,Customer Id,Employee Id,Name Initial,Emp Name,Emp Track Id,Emp Short Name,Emp Type,Emp Category,Reporting Head,Department,Position,DOJ,DOR,Ph No ,Email,Building Id,Floor No,Marrital Status,PAN Ind,PAN No,EPF Ind,EPF No,ESI Ind,ESI No,NSS No,Gender,DOB,Birth City,Relative Name,Relation Type,Applicant Id,Barcode No,Banker Code,Salary Mode,Bank Name For Salary,Bank Account No,Salary Mode,Paycard No,Level,Father Name,Mother Name,Spouse Name,PF Nominee1,PF Nominee2,ESI Nominee1,ESI Nominee2,% of PF Nominee1,% of PF Nominee2,% of ESI Nominee1,% of ESI Nominee2,Address,City,State,Pin,Address,City,State,Pin,ESI Hospitel Name
274,KRATO,20274,Mr,MD WAZIR AHMAD,10001,,C,G,,SRV,SEC,,,,,,,,,,,,,,,M,,,,,,,,,,,,,L1,,,,,,,,,,,,,,,,,,,,UDF
275,KRATO,20275,Mr,SHAILESH,10002,,C,G,,SRV,SEC,,,,,,,,,,,,,,,M,,,,,,,,,,,,,L1,,,,,,,,,,,,,,,,,,,,UDF
276,SFARM,20276,Mr,VED PAL SINGH,10001,,C,G,,SRV,GM,,,,,,,,,,,,,,,M,,,,,,,,,,,,,L1,SHAB SINGH,,,,,,,,,,,,,,,,,,,UDF
277,SFARM,20277,Mr,ARVIND KUMAR,10002,,C,G,,SRV,GM,,,,,,,,,,,,,,,M,,,,,,,,,,,,,L1,,,,,,,,,,,,,,,,,,,,UDF
278,SFARM,20278,Mr,JAG RAJ SINGH,10003,,C,G,,SRV,SEC,,,,,,,,,,,,,,,M,,,,,,,,,,,,,L1,NAWAL SINGH,,,,,,,,,,,,,,,,,,,UDF
279,SFARM,20279,Mr,RAM KUMAR,10004,,C,G,,SRV,SG,,,,,,,,,,,,,,,M,,,,,,,,,,,,,L1,,,,,,,,,,,,,,,,,,,,UDF
280,SFARM,20280,Mr,SURENDER  SINGH,10005,,C,G,,SRV,SG,,,,,,,,,,,,,,,M,,,,,,,,,,,,,L1,NAVAL SINGH,,,,,,,,,,,,,,,,,,,UDF
281,SFARM,20281,Mr,RAJNESH,10006,,C,G,,SRV,SG,,,,,,,,,,,,,,,M,,,,,,,,,,,,,L1,,,,,,,,,,,,,,,,,,,,UDF
282,SFARM,20282,Mr,JITENDER SINGH,10007,,C,G,,SRV,SG,,,,,,,,,,,,,,,M,,,,,,,,,,,,,L1,,,,,,,,,,,,,,,,,,,,UDF
283,AMARE,20283,Mr,MOTI LAL,10001,,C,G,,SRV,SO,,,,,,,,,,,,,,,M,,,,,,,,,,,,,L1,,,,,,,,,,,,,,,,,,,,UDF
284,AMARE,20284,Mr,HARVANSH JHA,10002,,C,G,,SRV,SEC,,,,,,,,,,,,,,,M,,,,,,,,,,,,,L1,,,,,,,,,,,,,,,,,,,,UDF
285,AMARE,20285,Mr,GAJENDER,10003,,C,G,,SRV,SEC,,,,,,,,,,,,,,,M,,,,,,,,,,,,,L1,,,,,,,,,,,,,,,,,,,,UDF
286,AMARE,20286,Mr,RADHEY KISHAN,10004,,C,G,,SRV,SEC,,,,,,,,,,,,,,,M,,,,,,,,,,,,,L1,,,,,,,,,,,,,,,,,,,,UDF
287,AMARE,20287,Mr,BINI RAM,10005,,C,G,,SRV,SEC,,,,,,,,,,,,,,,M,,,,,,,,,,,,,L1,,,,,,,,,,,,,,,,,,,,UDF
288,AMARE,20288,Mr,PRADEEP KUMAR,10006,,C,G,,SRV,SEC,,,,,,,,,,,,,,,M,,,,,,,,,,,,,L1,,,,,,,,,,,,,,,,,,,,UDF
289,AMARE,20289,Mr,SURESH KR,10007,,C,G,,SRV,SEC,,,,,,,,,,,,,,,M,,,,,,,,,,,,,L1,,,,,,,,,,,,,,,,,,,,UDF
290,KOENT,20290,Mr,SARVESH,10001,,C,G,,SRV,SEC,,,,,,,,,,,,,,,M,,,,,,,,,,,,,L1,,,,,,,,,,,,,,,,,,,,UDF
291,KOENT,20291,Mr,RAM HAIT VERMA,10002,,C,G,,SRV,SEC,,,,,,,,,,,,,,,M,,,,,,,,,,,,,L1,,,,,,,,,,,,,,,,,,,,UDF
292,KOENT,20292,Mr,SHRI NATH,10003,,C,G,,SRV,SEC,,,,,,,,,,,,,,,M,,,,,,,,,,,,,L1,,,,,,,,,,,,,,,,,,,,UDF
293,KOENT,20293,Mr,INDER DEV,10004,,C,G,,SRV,SEC,,,,,,,,,,,,,,,M,,,,,,,,,,,,,L1,,,,,,,,,,,,,,,,,,,,UDF
294,KOENT,20294,Mr,SHAILESH,10005,,C,G,,SRV,SEC,,,,,,,,,,,,,,,M,,,,,,,,,,,,,L1,,,,,,,,,,,,,,,,,,,,UDF
295,KOENT,20295,Mr,KAMLESH,10006,,C,G,,SRV,SEC,,,,,,,,,,,,,,,M,,,,,,,,,,,,,L1,,,,,,,,,,,,,,,,,,,,UDF
296,KSMF,20296,Mr,DHARAM PAL,10001,,C,G,,SRV,SO,,,,,,,,,,,,,,,M,,,,,,,,,,,,,L1,,,,,,,,,,,,,,,,,,,,UDF
297,KSMF,20297,Mr,PRITAM SINGH,10002,,C,G,,SRV,SEC,,,,,,,,,,,,,,,M,,,,,,,,,,,,,L1,,,,,,,,,,,,,,,,,,,,UDF
298,KSMF,20298,Mr,ARJUN SINGH,10003,,C,G,,SRV,SEC,,,,,,,,,,,,,,,M,,,,,,,,,,,,,L1,,,,,,,,,,,,,,,,,,,,UDF
299,KSMF,20299,Mr,SANGRAM SINGH,10004,,C,G,,SRV,SEC,,,,,,,,,,,,,,,M,,,,,,,,,,,,,L1,,,,,,,,,,,,,,,,,,,,UDF
300,KSMF,20300,Mr,DHARAM PAL,10005,,C,G,,SRV,SEC,,,,,,,,,,,,,,,M,,,,,,,,,,,,,L1,,,,,,,,,,,,,,,,,,,,UDF
301,KSMF,20301,Mr,WAZIR AHMED,10006,,C,G,,SRV,SEC,,,,,,,,,,,,,,,M,,,,,,,,,,,,,L1,,,,,,,,,,,,,,,,,,,,UDF
302,CEMW,20302,Mr,B N SINGH,10001,,C,G,,SRV,SO,,,,,,,,,,,,,,,M,,,,,,,,,,,,,L1,,,,,,,,,,,,,,,,,,,,UDF
303,CEMW,20303,Mr,SANJAY KUMAR,10002,,C,G,,SRV,HG,,,,,,,,,,,,,,,M,,,,,,,,,,,,,L1,,,,,,,,,,,,,,,,,,,,UDF
304,CEMW,20304,Mr,SHYAM KUMAR,10003,,C,G,,SRV,SEC,,,,,,,,,,,,,,,M,,,,,,,,,,,,,L1,,,,,,,,,,,,,,,,,,,,UDF
305,CEMW,20305,Mr,RADHEY SHYAM,10004,,C,G,,SRV,SEC,,,,,,,,,,,,,,,M,,,,,,,,,,,,,L1,,,,,,,,,,,,,,,,,,,,UDF
306,CEMW,20306,Mr,SAMSHER SINGH,10005,,C,G,,SRV,SEC,,,,,,,,,,,,,,,M,,,,,,,,,,,,,L1,,,,,,,,,,,,,,,,,,,,UDF
307,CEMW,20307,Mr,RAM KRIT,10006,,C,G,,SRV,SEC,,,,,,,,,,,,,,,M,,,,,,,,,,,,,L1,,,,,,,,,,,,,,,,,,,,UDF
308,CEMW,20308,Mr,RENU DEVI,10007,,C,G,,SRV,LG,,,,,,,,,,,,,,,M,,,,,,,,,,,,,L1,,,,,,,,,,,,,,,,,,,,UDF
309,CEMW,20309,Mr,RAMITA,10008,,C,G,,SRV,LG,,,,,,,,,,,,,,,M,,,,,,,,,,,,,L1,,,,,,,,,,,,,,,,,,,,UDF
310,DEHOU,20310,Mr,JAI BHAGWAN,10001,,C,G,,SRV,SEC,,,,,,,,,,,,,,,M,,,,,,,,,,,,,L1,,,,,,,,,,,,,,,,,,,,UDF
311,DEHOU,20311,Mr,ALOK KUMAR,10002,,C,G,,SRV,SEC,,,,,,,,,,,,,,,M,,,,,,,,,,,,,L1,,,,,,,,,,,,,,,,,,,,UDF
312,DEHOU,20312,Mr,BRIJESH DUBEY,10003,,C,G,,SRV,SEC,,,,,,,,,,,,,,,M,,,,,,,,,,,,,L1,,,,,,,,,,,,,,,,,,,,UDF
313,DEHOU,20313,Mr,ASHOK GUPTA,10004,,C,G,,SRV,SEC,,,,,,,,,,,,,,,M,,,,,,,,,,,,,L1,,,,,,,,,,,,,,,,,,,,UDF
314,DEHOU,20314,Mr,ROOPA DEVI,10005,,C,G,,SRV,LSG,,,,,,,,,,,,,,,M,,,,,,,,,,,,,L1,,,,,,,,,,,,,,,,,,,,UDF
315,NEEL,20315,Mr,ASHOK CHORASYA,10001,,C,G,,SRV,SEC,,,,,,,,,,,,,,,M,,,,,,,,,,,,,L1,,,,,,,,,,,,,,,,,,,,UDF
316,NEEL,20316,Mr,NARAYAN BHAGAT,10002,,C,G,,SRV,SEC,,,,,,,,,,,,,,,M,,,,,,,,,,,,,L1,,,,,,,,,,,,,,,,,,,,UDF
317,OSFD,20317,Mr,SATISH KUMAR,10001,,C,G,,SRV,SEC,,,,,,,,,,,,,,,M,,,,,,,,,,,,,L1,,,,,,,,,,,,,,,,,,,,UDF
318,OSFD,20318,Mr,SARVESH,10002,,C,G,,SRV,SEC,,,,,,,,,,,,,,,M,,,,,,,,,,,,,L1,,,,,,,,,,,,,,,,,,,,UDF
319,OSFD,20319,Mr,ASHOK KUMAR,10003,,C,G,,SRV,SEC,,,,,,,,,,,,,,,M,,,,,,,,,,,,,L1,,,,,,,,,,,,,,,,,,,,UDF
320,VSENT,20320,Mr,VIJAI PAL SINGH,10001,,C,G,,SRV,SEC,,,,,,,,,,,,,,,M,,,,,,,,,,,,,L1,,,,,,,,,,,,,,,,,,,,UDF
321,VSENT,20321,Mr,RISHI RAM,10002,,C,G,,SRV,SEC,,,,,,,,,,,,,,,M,,,,,,,,,,,,,L1,,,,,,,,,,,,,,,,,,,,UDF
322,ANAM,20322,Mr,NAVEEN,10001,,C,G,,SRV,SEC,,,,,,,,,,,,,,,M,,,,,,,,,,,,,L1,,,,,,,,,,,,,,,,,,,,UDF
323,ANAM,20323,Mr,PAPPU,10002,,C,G,,SRV,SEC,,,,,,,,,,,,,,,M,,,,,,,,,,,,,L1,,,,,,,,,,,,,,,,,,,,UDF
324,ANAM,20324,Mr,SHYAM BHARI,10003,,C,G,,SRV,SEC,,,,,,,,,,,,,,,M,,,,,,,,,,,,,L1,,,,,,,,,,,,,,,,,,,,UDF
325,ANAM,20325,Mr,KIRAN PAL,10004,,C,G,,SRV,SEC,,,,,,,,,,,,,,,M,,,,,,,,,,,,,L1,,,,,,,,,,,,,,,,,,,,UDF
326,ANAM,20326,Mr,RAKESH,10005,,C,G,,SRV,SEC,,,,,,,,,,,,,,,M,,,,,,,,,,,,,L1,,,,,,,,,,,,,,,,,,,,UDF
327,ANAM,20327,Mr,ARJUN,10006,,C,G,,SRV,SEC,,,,,,,,,,,,,,,M,,,,,,,,,,,,,L1,,,,,,,,,,,,,,,,,,,,UDF
328,ANAM,20328,Mr,ALAM SINGH,10007,,C,G,,SRV,SEC,,,,,,,,,,,,,,,M,,,,,,,,,,,,,L1,,,,,,,,,,,,,,,,,,,,UDF
329,ANAM,20329,Mr,MANOJ RAI,10008,,C,G,,SRV,SEC,,,,,,,,,,,,,,,M,,,,,,,,,,,,,L1,,,,,,,,,,,,,,,,,,,,UDF
330,SAMSP,20330,Mr,SITA RAM,10001,,C,G,,SRV,SEC,,,,,,,,,,,,,,,M,,,,,,,,,,,,,L1,,,,,,,,,,,,,,,,,,,,UDF
331,SAMSP,20331,Mr,M D SHAHID,10002,,C,G,,SRV,SEC,,,,,,,,,,,,,,,M,,,,,,,,,,,,,L1,,,,,,,,,,,,,,,,,,,,UDF
332,SAMSP,20332,Mr,ASHOK KUMAR,10003,,C,G,,SRV,SEC,,,,,,,,,,,,,,,M,,,,,,,,,,,,,L1,,,,,,,,,,,,,,,,,,,,UDF
333,FIERI,20333,Mr,CHANDER PAL,10001,,C,G,,SRV,SO,,,,,,,,,,,,,,,M,,,,,,,,,,,,,L1,RAGHU VIR SINGH,,,,,,,,,,,,,,,,,,,UDF
334,FIERI,20334,Mr,ASHOK KUMAR,10002,,C,G,,SRV,GM,,,,,,,,,,,,,,,M,,,,,,,,,,,,,L1,NETRA PAL,,,,,,,,,,,,,,,,,,,UDF
335,FIERI,20335,Mr,RAM NARESH,10003,,C,G,,SRV,GM,,,,,,,,,,,,,,,M,,,,,,,,,,,,,L1,KALI CHARAN,,,,,,,,,,,,,,,,,,,UDF
336,FIERI,20336,Mr,DAL VIR SINGH,10004,,C,G,,SRV,GM,,,,,,,,,,,,,,,M,,,,,,,,,,,,,L1,NAK RAM,,,,,,,,,,,,,,,,,,,UDF
337,FIERI,20337,Mr,PAWAN KUMAR,10005,,C,G,,SRV,SEC,,,,,,,,,,,,,,,M,,,,,,,,,,,,,L1,SANTU RAM,,,,,,,,,,,,,,,,,,,UDF
338,FIERI,20338,Mr,KAM LESH DIXIT,10006,,C,G,,SRV,SEC,,,,,,,,,,,,,,,M,,,,,,,,,,,,,L1,SHYAM BEHARI,,,,,,,,,,,,,,,,,,,UDF
339,FIERI,20339,Mr,SANTOSH KR,10007,,C,G,,SRV,SEC,,,,,,,,,,,,,,,M,,,,,,,,,,,,,L1,MOTI LAL,,,,,,,,,,,,,,,,,,,UDF
340,FIERI,20340,Mr,DHARAM VEER SINGH,10008,,C,G,,SRV,SEC,,,,,,,,,,,,,,,M,,,,,,,,,,,,,L1,JANAK SINGH,,,,,,,,,,,,,,,,,,,UDF
341,FIERI,20341,Mr,MITHUN KUMAR,10009,,C,G,,SRV,SEC,,,,,,,,,,,,,,,M,,,,,,,,,,,,,L1,VIJAY BAHADUR,,,,,,,,,,,,,,,,,,,UDF
342,FIERI,20342,Mr,LALLAN KR,10010,,C,G,,SRV,SEC,,,,,,,,,,,,,,,M,,,,,,,,,,,,,L1,ANANDI,,,,,,,,,,,,,,,,,,,UDF
343,FIERI,20343,Mr,SACHINANAD SINGH,10011,,C,G,,SRV,SEC,,,,,,,,,,,,,,,M,,,,,,,,,,,,,L1,RAM CHANDER,,,,,,,,,,,,,,,,,,,UDF
344,FIERI,20344,Mr,B N SINGH,10012,,C,G,,SRV,SEC,,,,,,,,,,,,,,,M,,,,,,,,,,,,,L1,RADHA KISHAN,,,,,,,,,,,,,,,,,,,UDF
345,JAGAN,20345,Mr,GOVIND SINGH,10001,,C,G,,SRV,SEC,,,,,,,,,,,,,,,M,,,,,,,,,,,,,L1,,,,,,,,,,,,,,,,,,,,UDF
346,JAGAN,20346,Mr,BALESHWAR,10002,,C,G,,SRV,SEC,,,,,,,,,,,,,,,M,,,,,,,,,,,,,L1,,,,,,,,,,,,,,,,,,,,UDF
347,JAGAN,20347,Mr,A N  PANDEY,10003,,C,G,,SRV,SEC,,,,,,,,,,,,,,,M,,,,,,,,,,,,,L1,,,,,,,,,,,,,,,,,,,,UDF
348,JAGAN,20348,Mr,HIRDESH,10004,,C,G,,SRV,SEC,,,,,,,,,,,,,,,M,,,,,,,,,,,,,L1,,,,,,,,,,,,,,,,,,,,UDF
349,SWACS,20349,Mr,S P  SINGH,10001,,C,G,,SRV,SEC,,,,,,,,,,,,,,,M,,,,,,,,,,,,,L1,,,,,,,,,,,,,,,,,,,,UDF
350,SWACS,20350,Mr,C L TRIVEDI,10002,,C,G,,SRV,SEC,,,,,,,,,,,,,,,M,,,,,,,,,,,,,L1,,,,,,,,,,,,,,,,,,,,UDF
351,SWACS,20351,Mr,VINIT KUMAR,10003,,C,G,,SRV,SEC,,,,,,,,,,,,,,,M,,,,,,,,,,,,,L1,,,,,,,,,,,,,,,,,,,,UDF
352,FIEKU,20352,Mr,VIRENDER SINGH,10001,,C,G,,SRV,GM,,,,,,,,,,,,,,,M,,,,,,,,,,,,,L1,SHRI CHAND,,,,,,,,,,,,,,,,,,,UDF
353,FIEKU,20353,Mr,SATYA NARAYAN,10002,,C,G,,SRV,GM,,,,,,,,,,,,,,,M,,,,,,,,,,,,,L1,MAHINDRA,,,,,,,,,,,,,,,,,,,UDF
354,FIEKU,20354,Mr,NEERAJ PATHAK,10003,,C,G,,SRV,GM,,,,,,,,,,,,,,,M,,,,,,,,,,,,,L1,,,,,,,,,,,,,,,,,,,,UDF
355,FIEKU,20355,Mr,SHAILESH KUMAR,10004,,C,G,,SRV,SEC,,,,,,,,,,,,,,,M,,,,,,,,,,,,,L1,BIHARI MEHTO,,,,,,,,,,,,,,,,,,,UDF
356,FIEKU,20356,Mr,MUKESH KUMAR,10005,,C,G,,SRV,SEC,,,,,,,,,,,,,,,M,,,,,,,,,,,,,L1,PREM CHAND,,,,,,,,,,,,,,,,,,,UDF
357,FIEKU,20357,Mr,MUKESH SINGH-II,10006,,C,G,,SRV,SEC,,,,,,,,,,,,,,,M,,,,,,,,,,,,,L1,VISHNU DEV,,,,,,,,,,,,,,,,,,,UDF
358,FIEKU,20358,Mr,JITENDER KUMAR,10007,,C,G,,SRV,SEC,,,,,,,,,,,,,,,M,,,,,,,,,,,,,L1,,,,,,,,,,,,,,,,,,,,UDF
359,FIEKU,20359,Mr,ABDUL QUAM,10008,,C,G,,SRV,SEC,,,,,,,,,,,,,,,M,,,,,,,,,,,,,L1,,,,,,,,,,,,,,,,,,,,UDF
360,FIEKU,20360,Mr,SACHITRA NAND,10009,,C,G,,SRV,SEC,,,,,,,,,,,,,,,M,,,,,,,,,,,,,L1,,,,,,,,,,,,,,,,,,,,UDF
361,FIEKU,20361,Mr,ALOK KUMAR,10010,,C,G,,SRV,SEC,,,,,,,,,,,,,,,M,,,,,,,,,,,,,L1,,,,,,,,,,,,,,,,,,,,UDF
362,FIEKU,20362,Mr,ABHISEKH PANDEY,10011,,C,G,,SRV,SEC,,,,,,,,,,,,,,,M,,,,,,,,,,,,,L1,BAKHUND RATI PANDEY,,,,,,,,,,,,,,,,,,,UDF
363,FIEKU,20363,Mr,INDER JEET,10012,,C,G,,SRV,SEC,,,,,,,,,,,,,,,M,,,,,,,,,,,,,L1,JAGDISH RAM,,,,,,,,,,,,,,,,,,,UDF
364,FIEKU,20364,Mr,SANJAY,10013,,C,G,,SRV,SEC,,,,,,,,,,,,,,,M,,,,,,,,,,,,,L1,RAM NANDAN,,,,,,,,,,,,,,,,,,,UDF
365,FIEKU,20365,Mr,KUWAR PAL SINGH,10014,,C,G,,SRV,SEC,,,,,,,,,,,,,,,M,,,,,,,,,,,,,L1,JAGDISH SINGH,,,,,,,,,,,,,,,,,,,UDF
366,FIEKU,20366,Mr,UMESHWAR CHOUBEY,10015,,C,G,,SRV,SEC,,,,,,,,,,,,,,,M,,,,,,,,,,,,,L1,,,,,,,,,,,,,,,,,,,,UDF
367,FIEKU,20367,Mr,MEENA DEVI,10016,,C,G,,SRV,LG,,,,,,,,,,,,,,,M,,,,,,,,,,,,,L1,SAMSHER SINGH,,,,,,,,,,,,,,,,,,,UDF
368,FIEKU,20368,Mr,PUSHPA DEVI,10017,,C,G,,SRV,LG,,,,,,,,,,,,,,,M,,,,,,,,,,,,,L1,RAM LAL,,,,,,,,,,,,,,,,,,,UDF
369,FIEKU,20369,Mr,SUDESH DEVI,10018,,C,G,,SRV,LG,,,,,,,,,,,,,,,M,,,,,,,,,,,,,L1,SURENDER SINGH,,,,,,,,,,,,,,,,,,,UDF
370,FIEKU,20370,Mr,RENU,10019,,C,G,,SRV,LG,,,,,,,,,,,,,,,M,,,,,,,,,,,,,L1,,,,,,,,,,,,,,,,,,,,UDF
371,FIEKU,20371,Mr,P N  SUKLA,10020,,C,G,,SRV,SEC,,,,,,,,,,,,,,,M,,,,,,,,,,,,,L1,LAXMAN,,,,,,,,,,,,,,,,,,,UDF
372,FIEKU,20372,Mr,NANDAN,10021,,C,G,,SRV,SEC,,,,,,,,,,,,,,,M,,,,,,,,,,,,,L1,HAR SINGH,,,,,,,,,,,,,,,,,,,UDF
373,FIEKU,20373,Mr,ABHISEKH TIWARI,10022,,C,G,,SRV,SEC,,,,,,,,,,,,,,,M,,,,,,,,,,,,,L1,ASHOK TIWARI,,,,,,,,,,,,,,,,,,,UDF
374,FIEKU,20374,Mr,BARKAT ULLA KHAN,10023,,C,G,,SRV,SEC,,,,,,,,,,,,,,,M,,,,,,,,,,,,,L1,,,,,,,,,,,,,,,,,,,,UDF
375,FIEKU,20375,Mr,ROSHAN LAL,10024,,C,G,,SRV,SEC,,,,,,,,,,,,,,,M,,,,,,,,,,,,,L1,,,,,,,,,,,,,,,,,,,,UDF
376,FIEKU,20376,Mr,MANOJ KUMAR,10025,,C,G,,SRV,SEC,,,,,,,,,,,,,,,M,,,,,,,,,,,,,L1,,,,,,,,,,,,,,,,,,,,UDF
377,FIEKU,20377,Mr,PRADEEP,10026,,C,G,,SRV,SEC,,,,,,,,,,,,,,,M,,,,,,,,,,,,,L1,,,,,,,,,,,,,,,,,,,,UDF
378,FIEKU,20378,Mr,BRIJESH,10027,,C,G,,SRV,SEC,,,,,,,,,,,,,,,M,,,,,,,,,,,,,L1,,,,,,,,,,,,,,,,,,,,UDF
379,FIEKU,20379,Mr,RAJESH YADAV,10028,,C,G,,SRV,SEC,,,,,,,,,,,,,,,M,,,,,,,,,,,,,L1,,,,,,,,,,,,,,,,,,,,UDF
380,FIEKU,20380,Mr,CHANDERSHAKER,10029,,C,G,,SRV,SEC,,,,,,,,,,,,,,,M,,,,,,,,,,,,,L1,,,,,,,,,,,,,,,,,,,,UDF
381,FIENG,20381,Mr,BAL DEV SINGH,10001,,C,G,,SRV,HP,,,,,,,,,,,,,,,M,,,,,,,,,,,,,L1,,,,,,,,,,,,,,,,,,,,UDF
382,FIENG,20382,Mr,ANUPA,10002,,C,G,,SRV,HP,,,,,,,,,,,,,,,M,,,,,,,,,,,,,L1,,,,,,,,,,,,,,,,,,,,UDF
383,FIENG,20383,Mr,NEERAJ CHOUAN,10003,,C,G,,SRV,HP,,,,,,,,,,,,,,,M,,,,,,,,,,,,,L1,,,,,,,,,,,,,,,,,,,,UDF
384,FIENG,20384,Mr,RAVINDER SINGH,10004,,C,G,,SRV,HP,,,,,,,,,,,,,,,M,,,,,,,,,,,,,L1,,,,,,,,,,,,,,,,,,,,UDF
385,FIENG,20385,Mr,NAGENDER DASS,10005,,C,G,,SRV,SW,,,,,,,,,,,,,,,M,,,,,,,,,,,,,L1,,,,,,,,,,,,,,,,,,,,UDF
386,FIENG,20386,Mr,BAL BEER,10006,,C,G,,SRV,HP,,,,,,,,,,,,,,,M,,,,,,,,,,,,,L1,,,,,,,,,,,,,,,,,,,,UDF
387,FIENG,20387,Mr,MEENA KUMARI,10007,,C,G,,SRV,HP,,,,,,,,,,,,,,,M,,,,,,,,,,,,,L1,,,,,,,,,,,,,,,,,,,,UDF
388,FIENG,20388,Mr,RANJEET SINGH,10008,,C,G,,SRV,HP,,,,,,,,,,,,,,,M,,,,,,,,,,,,,L1,,,,,,,,,,,,,,,,,,,,UDF
389,FIENG,20389,Mr,BALA DEVI,10009,,C,G,,SRV,HP,,,,,,,,,,,,,,,M,,,,,,,,,,,,,L1,,,,,,,,,,,,,,,,,,,,UDF
390,FIENG,20390,Mr,JYOTI,10010,,C,G,,SRV,HP,,,,,,,,,,,,,,,M,,,,,,,,,,,,,L1,,,,,,,,,,,,,,,,,,,,UDF
391,FIENG,20391,Mr,USHA DEVI,10011,,C,G,,SRV,HP,,,,,,,,,,,,,,,M,,,,,,,,,,,,,L1,,,,,,,,,,,,,,,,,,,,UDF
392,FIENG,20392,Mr,JAS PAL SINGH,10012,,C,G,,SRV,HP,,,,,,,,,,,,,,,M,,,,,,,,,,,,,L1,,,,,,,,,,,,,,,,,,,,UDF
393,FIENG,20393,Mr,SUKH DEV,10013,,C,G,,SRV,HP,,,,,,,,,,,,,,,M,,,,,,,,,,,,,L1,,,,,,,,,,,,,,,,,,,,UDF
394,FIENG,20394,Mr,RAVI KANT,10014,,C,G,,SRV,HP,,,,,,,,,,,,,,,M,,,,,,,,,,,,,L1,,,,,,,,,,,,,,,,,,,,UDF
395,FIENG,20395,Mr,SATENDER,10015,,C,G,,SRV,HP,,,,,,,,,,,,,,,M,,,,,,,,,,,,,L1,,,,,,,,,,,,,,,,,,,,UDF
396,FIENG,20396,Mr,RAJESH KUMAR,10016,,C,G,,SRV,HP,,,,,,,,,,,,,,,M,,,,,,,,,,,,,L1,,,,,,,,,,,,,,,,,,,,UDF
397,FIENG,20397,Mr,BEER SINGH,10017,,C,G,,SRV,HP,,,,,,,,,,,,,,,M,,,,,,,,,,,,,L1,,,,,,,,,,,,,,,,,,,,UDF
398,FIENG,20398,Mr,RAJ KUMAR,10018,,C,G,,SRV,HP,,,,,,,,,,,,,,,M,,,,,,,,,,,,,L1,,,,,,,,,,,,,,,,,,,,UDF
399,FIENG,20399,Mr,AJAY KUMAR,10019,,C,G,,SRV,HP,,,,,,,,,,,,,,,M,,,,,,,,,,,,,L1,,,,,,,,,,,,,,,,,,,,UDF
400,AMUDS,20400,Mr,Ajay Singh,10001,,C,G,,SRV,WRK,,,,,,,,,,,,,,,M,,,,,,,,,,,,,L1,,,,,,,,,,,,,,,,,,,,UDF
401,AMUDS,20401,Mr,Rajendra Singh,10002,,C,G,,SRV,WRK,,,,,,,,,,,,,,,M,,,,,,,,,,,,,L1,,,,,,,,,,,,,,,,,,,,UDF
402,AMUDS,20402,Mr,Sarnam Singh,10003,,C,G,,SRV,WRK,,,,,,,,,,,,,,,M,,,,,,,,,,,,,L1,,,,,,,,,,,,,,,,,,,,UDF
403,AMUDS,20403,Mr,Praveen Kumar-I,10004,,C,G,,SRV,WRK,,,,,,,,,,,,,,,M,,,,,,,,,,,,,L1,,,,,,,,,,,,,,,,,,,,UDF
404,AMUDS,20404,Mr,Omkar Singh,10005,,C,G,,SRV,WRK,,,,,,,,,,,,,,,M,,,,,,,,,,,,,L1,,,,,,,,,,,,,,,,,,,,UDF
405,AMUDS,20405,Mr,Kuldeep Kumar,10006,,C,G,,SRV,WRK,,,,,,,,,,,,,,,M,,,,,,,,,,,,,L1,,,,,,,,,,,,,,,,,,,,UDF
406,AMUDS,20406,Mr,Neeraj Sharma,10007,,C,G,,SRV,WRK,,,,,,,,,,,,,,,M,,,,,,,,,,,,,L1,,,,,,,,,,,,,,,,,,,,UDF
407,AMUDS,20407,Mr,Sanjay Kumar,10008,,C,G,,SRV,WRK,,,,,,,,,,,,,,,M,,,,,,,,,,,,,L1,,,,,,,,,,,,,,,,,,,,UDF
408,AMUDS,20408,Mr,Kusum,10009,,C,G,,SRV,WRK,,,,,,,,,,,,,,,M,,,,,,,,,,,,,L1,,,,,,,,,,,,,,,,,,,,UDF
409,AMUDS,20409,Mr,Bimla,10010,,C,G,,SRV,WRK,,,,,,,,,,,,,,,M,,,,,,,,,,,,,L1,,,,,,,,,,,,,,,,,,,,UDF
410,AMUDS,20410,Mr,HemRaj,10011,,C,G,,SRV,WRK,,,,,,,,,,,,,,,M,,,,,,,,,,,,,L1,,,,,,,,,,,,,,,,,,,,UDF
411,AMUDS,20411,Mr,Ashwani,10012,,C,G,,SRV,WRK,,,,,,,,,,,,,,,M,,,,,,,,,,,,,L1,,,,,,,,,,,,,,,,,,,,UDF
412,AMUDS,20412,Mr,Rajesh Kumar,10013,,C,G,,SRV,WRK,,,,,,,,,,,,,,,M,,,,,,,,,,,,,L1,,,,,,,,,,,,,,,,,,,,UDF
413,AMUDS,20413,Mr,Praveen Kumar (2),10014,,C,G,,SRV,WRK,,,,,,,,,,,,,,,M,,,,,,,,,,,,,L1,,,,,,,,,,,,,,,,,,,,UDF
414,AMUDS,20414,Mr,REETA GAUTAM,10015,,C,G,,SRV,WRK,,,,,,,,,,,,,,,M,,,,,,,,,,,,,L1,,,,,,,,,,,,,,,,,,,,UDF
415,AMUDS,20415,Mr,SANDEEP KUMAR,10016,,C,G,,SRV,WRK,,,,,,,,,,,,,,,M,,,,,,,,,,,,,L1,,,,,,,,,,,,,,,,,,,,UDF
416,AMUDS,20416,Mr,HAPPY,10017,,C,G,,SRV,WRK,,,,,,,,,,,,,,,M,,,,,,,,,,,,,L1,,,,,,,,,,,,,,,,,,,,UDF
417,AMUDS,20417,Mr,VICTORIA,10018,,C,G,,SRV,WRK,,,,,,,,,,,,,,,M,,,,,,,,,,,,,L1,,,,,,,,,,,,,,,,,,,,UDF
418,AMUDS,20418,Mr,SUBHASH,10019,,C,G,,SRV,WRK,,,,,,,,,,,,,,,M,,,,,,,,,,,,,L1,,,,,,,,,,,,,,,,,,,,UDF
419,AMUDS,20419,Mr,VED PRAKASH,10020,,C,G,,SRV,WRK,,,,,,,,,,,,,,,M,,,,,,,,,,,,,L1,,,,,,,,,,,,,,,,,,,,UDF
420,AMUN,20420,Mr,SANJEEV KR SINGH,10001,,C,G,,SRV,WRK,,,,,,,,,,,5560,,7966362,,M,,,,,,,,,,,,,L1,,,,,,,,,,,,,,,,,,,,UDF
421,AMUN,20421,Mr,SATYA PRAKESH DUBEY,10002,,C,G,,SRV,WRK,,,,,,,,,,,9423,,8072079,,M,,,,,,,,,,,,,L1,,,,,,,,,,,,,,,,,,,,UDF
422,AMUN,20422,Mr,LAL BABU ,10003,,C,G,,SRV,WRK,,,,,,,,,,,3467,,7654137,,M,,,,,,,,,,,,,L1,,,,,,,,,,,,,,,,,,,,UDF
423,AMUN,20423,Mr,SURESH KUMAR,10004,,C,G,,SRV,WRK,,,,,,,,,,,4193,,796630,,M,,,,,,,,,,,,,L1,,,,,,,,,,,,,,,,,,,,UDF
424,AMUN,20424,Mr,YOGENDER SIROHI,10005,,C,G,,SRV,WRK,,,,,,,,,,,2817,,7654259,,M,,,,,,,,,,,,,L1,,,,,,,,,,,,,,,,,,,,UDF
425,AMUN,20425,Mr,SANJAY KUMAR SINGH,10006,,C,G,,SRV,WRK,,,,,,,,,,,2818,,7654250,,M,,,,,,,,,,,,,L1,,,,,,,,,,,,,,,,,,,,UDF
426,AMUN,20426,Mr,VIKASH,10007,,C,G,,SRV,WRK,,,,,,,,,,,7538,,8240301,,M,,,,,,,,,,,,,L1,,,,,,,,,,,,,,,,,,,,UDF
427,AMUN,20427,Mr,KRISHAN KUMAR TOMAR,10008,,C,G,,SRV,WRK,,,,,,,,,,,4586,,8610605,,M,,,,,,,,,,,,,L1,,,,,,,,,,,,,,,,,,,,UDF
428,AMUN,20428,Mr,MITHILESHWAR SINGH,10009,,C,G,,SRV,WRK,,,,,,,,,,,7547,,84121389,,M,,,,,,,,,,,,,L1,,,,,,,,,,,,,,,,,,,,UDF
429,AMUN,20429,Mr,YOGHAMBER SINGH,10010,,C,G,,SRV,WRK,,,,,,,,,,,7548,,8421187,,M,,,,,,,,,,,,,L1,,,,,,,,,,,,,,,,,,,,UDF
430,AMUN,20430,Mr,SHIV NARAYAN TIWARI,10011,,C,G,,SRV,WRK,,,,,,,,,,,7550,,84211881,,M,,,,,,,,,,,,,L1,,,,,,,,,,,,,,,,,,,,UDF
431,AMUN,20431,Mr,HEMANT KUMAR SHARMA,10012,,C,G,,SRV,WRK,,,,,,,,,,,7552,,8421341,,M,,,,,,,,,,,,,L1,,,,,,,,,,,,,,,,,,,,UDF
432,AMUN,20432,Mr,YOGESH KAUSHIK,10013,,C,G,,SRV,WRK,,,,,,,,,,,7553,,8421390,,M,,,,,,,,,,,,,L1,,,,,,,,,,,,,,,,,,,,UDF
433,AMUN,20433,Mr,SUNIL,10014,,C,G,,SRV,WRK,,,,,,,,,,,8149,,8609153,,M,,,,,,,,,,,,,L1,,,,,,,,,,,,,,,,,,,,UDF
434,AMUN,20434,Mr,MANOJ THAPA,10015,,C,G,,SRV,WRK,,,,,,,,,,,9152,,8892732,,M,,,,,,,,,,,,,L1,,,,,,,,,,,,,,,,,,,,UDF
435,AMUN,20435,Mr,MUKESH ,10016,,C,G,,SRV,WRK,,,,,,,,,,,9499,,,,M,,,,,,,,,,,,,L1,,,,,,,,,,,,,,,,,,,,UDF
436,AMUN,20436,Mr,GYANDRA TIWARI,10017,,C,G,,SRV,WRK,,,,,,,,,,,9615,,,,M,,,,,,,,,,,,,L1,,,,,,,,,,,,,,,,,,,,UDF
437,AMUN,20437,Mr,BALI DAN SINGH,10018,,C,G,,SRV,WRK,,,,,,,,,,,9616,,,,M,,,,,,,,,,,,,L1,,,,,,,,,,,,,,,,,,,,UDF
438,AMUN,20438,Mr,RAJEEV KUMAR,10019,,C,G,,SRV,WRK,,,,,,,,,,,9752,,,,M,,,,,,,,,,,,,L1,,,,,,,,,,,,,,,,,,,,UDF
439,AMUN,20439,Mr,VARUN SHARMA,10020,,C,G,,SRV,WRK,,,,,,,,,,,9916,,,,M,,,,,,,,,,,,,L1,,,,,,,,,,,,,,,,,,,,UDF
440,AMUN,20440,Mr,RAJAN SINGH RAI,10021,,C,G,,SRV,WRK,,,,,,,,,,,9917,,,,M,,,,,,,,,,,,,L1,,,,,,,,,,,,,,,,,,,,UDF
441,AMUN,20441,Mr,PRASHANT PAWAR,10022,,C,G,,SRV,WRK,,,,,,,,,,,9918,,,,M,,,,,,,,,,,,,L1,,,,,,,,,,,,,,,,,,,,UDF
442,AMUN,20442,Mr,PANKAJ SINGH,10023,,C,G,,SRV,WRK,,,,,,,,,,,,,,,M,,,,,,,,,,,,,L1,,,,,,,,,,,,,,,,,,,,UDF
443,AMUN,20443,Mr,RANJIT ACHARYA,10024,,C,G,,SRV,WRK,,,,,,,,,,,,,,,M,,,,,,,,,,,,,L1,,,,,,,,,,,,,,,,,,,,UDF
444,AMUN,20444,Mr,HARISH KUMAR,10025,,C,G,,SRV,WRK,,,,,,,,,,,,,,,M,,,,,,,,,,,,,L1,,,,,,,,,,,,,,,,,,,,UDF
445,AMUN,20445,Mr,SAFI ULLAH,10026,,C,G,,SRV,WRK,,,,,,,,,,,,,,,M,,,,,,,,,,,,,L1,,,,,,,,,,,,,,,,,,,,UDF
446,AMUN,20446,Mr,AJAY-II,10027,,C,G,,SRV,WRK,,,,,,,,,,,,,,,M,,,,,,,,,,,,,L1,,,,,,,,,,,,,,,,,,,,UDF
447,AMUN,20447,Mr,RAM PRAVESH RAWAT,10028,,C,G,,SRV,WRK,,,,,,,,,,,,,,,M,,,,,,,,,,,,,L1,,,,,,,,,,,,,,,,,,,,UDF
448,AMUN,20448,Mr,DHIRENDER KUMAR,10029,,C,G,,SRV,WRK,,,,,,,,,,,,,,,M,,,,,,,,,,,,,L1,,,,,,,,,,,,,,,,,,,,UDF
449,AMUN,20449,Mr,RIYAZ HAIDAR,10030,,C,G,,SRV,WRK,,,,,,,,,,,,,,,M,,,,,,,,,,,,,L1,,,,,,,,,,,,,,,,,,,,UDF
450,AMUN,20450,Mr,PRASHANT KUMAR,10031,,C,G,,SRV,WRK,,,,,,,,,,,,,,,M,,,,,,,,,,,,,L1,,,,,,,,,,,,,,,,,,,,UDF
451,AMUN,20451,Mr,NARANDER KUMAR ,10032,,C,G,,SRV,WRK,,,,,,,,,,,,,,,M,,,,,,,,,,,,,L1,,,,,,,,,,,,,,,,,,,,UDF
452,AMUN,20452,Mr,LOKESH SINGH,10033,,C,G,,SRV,WRK,,,,,,,,,,,,,,,M,,,,,,,,,,,,,L1,,,,,,,,,,,,,,,,,,,,UDF
453,AMUN,20453,Mr,AJAY KUMAR-III,10034,,C,G,,SRV,WRK,,,,,,,,,,,,,,,M,,,,,,,,,,,,,L1,,,,,,,,,,,,,,,,,,,,UDF
454,AMUN,20454,Mr,ALOK KUMAR SHARMA,10035,,C,G,,SRV,WRK,,,,,,,,,,,,,,,M,,,,,,,,,,,,,L1,,,,,,,,,,,,,,,,,,,,UDF
455,AMUN,20455,Mr,HANUMAN TIWARI ,10036,,C,G,,SRV,WRK,,,,,,,,,,,2819,,7654123,,M,,,,,,,,,,,,,L1,,,,,,,,,,,,,,,,,,,,UDF
456,AMUN,20456,Mr,DILIP PANDEY ,10037,,C,G,,SRV,WRK,,,,,,,,,,,2824,,7653265,,M,,,,,,,,,,,,,L1,,,,,,,,,,,,,,,,,,,,UDF
457,AMUN,20457,Mr,MAHENDRA SINGH,10038,,C,G,,SRV,WRK,,,,,,,,,,,2826,,7654134,,M,,,,,,,,,,,,,L1,,,,,,,,,,,,,,,,,,,,UDF
458,AMUN,20458,Mr,DASHRATH SINGH,10039,,C,G,,SRV,WRK,,,,,,,,,,,2828,,7654145,,M,,,,,,,,,,,,,L1,,,,,,,,,,,,,,,,,,,,UDF
459,AMUN,20459,Mr,NAND KISHOR MISHRA,10040,,C,G,,SRV,WRK,,,,,,,,,,,2830,,7654132,,M,,,,,,,,,,,,,L1,,,,,,,,,,,,,,,,,,,,UDF
460,AMUN,20460,Mr,AJAY KUMAR-I,10041,,C,G,,SRV,WRK,,,,,,,,,,,7623,,8421388,,M,,,,,,,,,,,,,L1,,,,,,,,,,,,,,,,,,,,UDF
461,AMUN,20461,Mr,ANKUSH SHARMA,10042,,C,G,,SRV,WRK,,,,,,,,,,,7624,,8609154,,M,,,,,,,,,,,,,L1,,,,,,,,,,,,,,,,,,,,UDF
462,AMUN,20462,Mr,VIPIN SHARMA,10043,,C,G,,SRV,WRK,,,,,,,,,,,,,,,M,,,,,,,,,,,,,L1,,,,,,,,,,,,,,,,,,,,UDF
463,AMUN,20463,Mr,MANOJ KUMAR,10044,,C,G,,SRV,WRK,,,,,,,,,,,,,,,M,,,,,,,,,,,,,L1,,,,,,,,,,,,,,,,,,,,UDF
464,BSMBN,20464,Mr,RAJ SINGH YADAV,10001,,C,G,,SRV,SO,,,,,,,,,,,UP/19966/6583,,,,M,,,,,,,,,,,,,L1,,,,,,,,,,,,,,,,,,,,UDF
465,BSMBN,20465,Mr,T R BUDHIKOYA,10002,,C,G,,SRV,SO,,,,,,,,,,,,,,,M,,,,,,,,,,,,,L1,,,,,,,,,,,,,,,,,,,,UDF
466,BSMBN,20466,Mr,KAMANDER SINGH,10003,,C,G,,SRV,CGM,,,,,,,,,,,,,,,M,,,,,,,,,,,,,L1,,,,,,,,,,,,,,,,,,,,UDF
467,BSMBN,20467,Mr,RAJIV KUMAR,10004,,C,G,,SRV,CGM,,,,,,,,,,,,,,,M,,,,,,,,,,,,,L1,,,,,,,,,,,,,,,,,,,,UDF
468,BSMBN,20468,Mr,SUSHIL KUMAR,10005,,C,G,,SRV,CGM,,,,,,,,,,,,,,,M,,,,,,,,,,,,,L1,,,,,,,,,,,,,,,,,,,,UDF
469,BSMBN,20469,Mr,ANIL KUMAR,10006,,C,G,,SRV,CGM,,,,,,,,,,,,,,,M,,,,,,,,,,,,,L1,,,,,,,,,,,,,,,,,,,,UDF
470,BSMBN,20470,Mr,PARAM SINGH,10007,,C,G,,SRV,CGM,,,,,,,,,,,,,,,M,,,,,,,,,,,,,L1,,,,,,,,,,,,,,,,,,,,UDF
471,BSMBN,20471,Mr,INDER RAJ SINGH,10008,,C,G,,SRV,EXMSG,,,,,,,,,,,,,,,M,,,,,,,,,,,,,L1,,,,,,,,,,,,,,,,,,,,UDF
472,BSMBN,20472,Mr,K K GURANG,10009,,C,G,,SRV,EXMSG,,,,,,,,,,,UP/19966/6602,,,,M,,,,,,,,,,,,,L1,,,,,,,,,,,,,,,,,,,,UDF
473,BSMBN,20473,Mr,SAMAR PAL,10010,,C,G,,SRV,CSG,,,,,,,,,,,UP/19966/6606,,,,M,,,,,,,,,,,,,L1,,,,,,,,,,,,,,,,,,,,UDF
474,BSMBN,20474,Mr,BHUPENDRA SINGH,10011,,C,G,,SRV,CSG,,,,,,,,,,,UP/19966/6610,,,,M,,,,,,,,,,,,,L1,,,,,,,,,,,,,,,,,,,,UDF
475,BSMBN,20475,Mr,RAVI KUMAR,10012,,C,G,,SRV,CSG,,,,,,,,,,,,,,,M,,,,,,,,,,,,,L1,,,,,,,,,,,,,,,,,,,,UDF
476,BSMBN,20476,Mr,JITENDER KUMAR,10013,,C,G,,SRV,CSG,,,,,,,,,,,UP/19966/6616,,,,M,,,,,,,,,,,,,L1,,,,,,,,,,,,,,,,,,,,UDF
477,BSMBN,20477,Mr,NAGANDER SINGH,10014,,C,G,,SRV,CSG,,,,,,,,,,,UP/19966/6622,,,,M,,,,,,,,,,,,,L1,,,,,,,,,,,,,,,,,,,,UDF
478,BSMBN,20478,Mr,DEEPAK SINGH,10015,,C,G,,SRV,CSG,,,,,,,,,,,UP/19966/6627,,,,M,,,,,,,,,,,,,L1,,,,,,,,,,,,,,,,,,,,UDF
479,BSMBN,20479,Mr,RAM KUMAR,10016,,C,G,,SRV,CSG,,,,,,,,,,,UP/19966/6629,,,,M,,,,,,,,,,,,,L1,,,,,,,,,,,,,,,,,,,,UDF
480,BSMBN,20480,Mr,MUNNI SINGH,10017,,C,G,,SRV,CSG,,,,,,,,,,,UP/19966/6631,,,,M,,,,,,,,,,,,,L1,,,,,,,,,,,,,,,,,,,,UDF
481,BSMBN,20481,Mr,KAMIT KUMAR,10018,,C,G,,SRV,CSG,,,,,,,,,,,,,,,M,,,,,,,,,,,,,L1,,,,,,,,,,,,,,,,,,,,UDF
482,BSMBN,20482,Mr,SUBODH KUMAR,10019,,C,G,,SRV,CSG,,,,,,,,,,,,,,,M,,,,,,,,,,,,,L1,,,,,,,,,,,,,,,,,,,,UDF
483,BSMBN,20483,Mr,DEVENDRA KUMAR,10020,,C,G,,SRV,CSG,,,,,,,,,,,,,,,M,,,,,,,,,,,,,L1,,,,,,,,,,,,,,,,,,,,UDF
484,BSMBN,20484,Mr,PREETAM SINGH,10021,,C,G,,SRV,CSG,,,,,,,,,,,,,,,M,,,,,,,,,,,,,L1,,,,,,,,,,,,,,,,,,,,UDF
485,BSMBN,20485,Mr,HARSH MOHAN,10022,,C,G,,SRV,CSG,,,,,,,,,,,,,,,M,,,,,,,,,,,,,L1,,,,,,,,,,,,,,,,,,,,UDF
486,BSMBN,20486,Mr,RAJBEER SINGH,10023,,C,G,,SRV,CSG,,,,,,,,,,,,,,,M,,,,,,,,,,,,,L1,,,,,,,,,,,,,,,,,,,,UDF
487,BSMBN,20487,Mr,SURAJ BHAN SINGH,10024,,C,G,,SRV,CSG,,,,,,,,,,,,,,,M,,,,,,,,,,,,,L1,,,,,,,,,,,,,,,,,,,,UDF
488,BSMBN,20488,Mr,NAVNEET SINGH,10025,,C,G,,SRV,CSG,,,,,,,,,,,,,,,M,,,,,,,,,,,,,L1,,,,,,,,,,,,,,,,,,,,UDF
489,FIKUH,20489,Mr,NEETU,10001,,C,G,,SRV,HP,,,,,,,,,,,6526,,8057916,,M,,,,,,,,,,,,,L1,RAM SWAROOP,,,,,,,,,,,,,,,,,,,UDF
490,FIKUH,20490,Mr,KAVITA,10002,,C,G,,SRV,HP,,,,,,,,,,,7978,,8058615,,M,,,,,,,,,,,,,L1,SATISH,,,,,,,,,,,,,,,,,,,UDF
491,FIKUH,20491,Mr,SANTOSH,10003,,C,G,,SRV,HP,,,,,,,,,,,8202,,8058783,,M,,,,,,,,,,,,,L1,LATE MAHESH CHAND,,,,,,,,,,,,,,,,,,,UDF
492,FIKUH,20492,Mr,SHASHI,10004,,C,G,,SRV,HP,,,,,,,,,,,6507,,8057911,,M,,,,,,,,,,,,,L1,RAJBEER,,,,,,,,,,,,,,,,,,,UDF
493,FIKUH,20493,Mr,PUTUL,10005,,C,G,,SRV,HP,,,,,,,,,,,8203,,8058788,,M,,,,,,,,,,,,,L1,DURJAISH JHA,,,,,,,,,,,,,,,,,,,UDF
494,FIKUH,20494,Mr,PRIYA,10006,,C,G,,SRV,HP,,,,,,,,,,,8428,,8057977,,M,,,,,,,,,,,,,L1,PRILU SINGH,,,,,,,,,,,,,,,,,,,UDF
495,FIKUH,20495,Mr,AMRITA,10007,,C,G,,SRV,HP,,,,,,,,,,,7990,,8058623,,M,,,,,,,,,,,,,L1,DEVI LAL,,,,,,,,,,,,,,,,,,,UDF
496,FIKUH,20496,Mr,SUSHEELA,10008,,C,G,,SRV,HP,,,,,,,,,,,6485,,8057882,,M,,,,,,,,,,,,,L1,SHOBRAN GUPTA,,,,,,,,,,,,,,,,,,,UDF
497,FIKUH,20497,Mr,SUSHMA,10009,,C,G,,SRV,HP,,,,,,,,,,,8807,,8058636,,M,,,,,,,,,,,,,L1,SHIV KUMAR,,,,,,,,,,,,,,,,,,,UDF
498,FIKUH,20498,Mr,SANGEETA,10010,,C,G,,SRV,HP,,,,,,,,,,,8212,,8058837,,M,,,,,,,,,,,,,L1,RAJ PAL SINGH,,,,,,,,,,,,,,,,,,,UDF
499,FIKUH,20499,Mr,PRIYA JHA,10011,,C,G,,SRV,HP,,,,,,,,,,,8214,,8058836,,M,,,,,,,,,,,,,L1,RAJ KUMAR JHA,,,,,,,,,,,,,,,,,,,UDF
500,FIKUH,20500,Mr,SEEMA,10012,,C,G,,SRV,HP,,,,,,,,,,,7609,,8058359,,M,,,,,,,,,,,,,L1,HARISH PATI,,,,,,,,,,,,,,,,,,,UDF
501,FIKUH,20501,Mr,BABITA,10013,,C,G,,SRV,HP,,,,,,,,,,,6516,,8057899,,M,,,,,,,,,,,,,L1,RAM PRASAD,,,,,,,,,,,,,,,,,,,UDF
502,FIKUH,20502,Mr,ANJU ,10014,,C,G,,SRV,HP,,,,,,,,,,,7739,,8058387,,M,,,,,,,,,,,,,L1,RAJENDER SINGH,,,,,,,,,,,,,,,,,,,UDF
503,FIKUH,20503,Mr,MINAKSHI,10015,,C,G,,SRV,HP,,,,,,,,,,,8061,,8058640,,M,,,,,,,,,,,,,L1,LATE RAM SINGH,,,,,,,,,,,,,,,,,,,UDF
504,FIKUH,20504,Mr,BABITA,10016,,C,G,,SRV,HP,,,,,,,,,,,6621,,8057961,,M,,,,,,,,,,,,,L1,CHARAN SINGH,,,,,,,,,,,,,,,,,,,UDF
505,FIKUH,20505,Mr,VINOD,10017,,C,G,,SRV,HP,,,,,,,,,,,8224,,7559236,,M,,,,,,,,,,,,,L1,RAGHUVIR SINGH,,,,,,,,,,,,,,,,,,,UDF
506,FIKUH,20506,Mr,PRATIMA KUMARI,10018,,C,G,,SRV,HP,,,,,,,,,,,6630,,8057972,,M,,,,,,,,,,,,,L1,BRIJESHWAR PRASAD,,,,,,,,,,,,,,,,,,,UDF
507,FIKUH,20507,Mr,RAJU,10019,,C,G,,SRV,HP,,,,,,,,,,,8231,,7559319,,M,,,,,,,,,,,,,L1,JAY KISHAN,,,,,,,,,,,,,,,,,,,UDF
508,FIKUH,20508,Mr,MAMTA,10020,,C,G,,SRV,HP,,,,,,,,,,,6636,,8057968,,M,,,,,,,,,,,,,L1,RAM PHAL,,,,,,,,,,,,,,,,,,,UDF
509,FIKUH,20509,Mr,PRAMOD,10021,,C,G,,SRV,HP,,,,,,,,,,,8232,,7559235,,M,,,,,,,,,,,,,L1,SHIV KUMAR MISHRA,,,,,,,,,,,,,,,,,,,UDF
510,FIKUH,20510,Mr,RAKESH,10022,,C,G,,SRV,HP,,,,,,,,,,,8234,,7559323,,M,,,,,,,,,,,,,L1,SURESH PRASAD,,,,,,,,,,,,,,,,,,,UDF
511,FIKUH,20511,Mr,POONAM RANI,10023,,C,G,,SRV,HP,,,,,,,,,,,,,8058073,,M,,,,,,,,,,,,,L1,INDER PAL,,,,,,,,,,,,,,,,,,,UDF
512,FIKUH,20512,Mr,NEERAJ,10024,,C,G,,SRV,HP,,,,,,,,,,,,,8058071,,M,,,,,,,,,,,,,L1,ASHOK,,,,,,,,,,,,,,,,,,,UDF
513,FIKUH,20513,Mr,KAVITA,10025,,C,G,,SRV,HP,,,,,,,,,,,6866,,8058088,,M,,,,,,,,,,,,,L1,ASHOK SHARMA,,,,,,,,,,,,,,,,,,,UDF
514,FIKUH,20514,Mr,KRISHANA KANIHYA,10026,,C,G,,SRV,HP,,,,,,,,,,,8241,,7559338,,M,,,,,,,,,,,,,L1,RAJMAL,,,,,,,,,,,,,,,,,,,UDF
515,FIKUH,20515,Mr,AMRISH,10027,,C,G,,SRV,HP,,,,,,,,,,,8363,,7559696,,M,,,,,,,,,,,,,L1,RAM JEE YADAV,,,,,,,,,,,,,,,,,,,UDF
516,FIKUH,20516,Mr,REENA,10028,,C,G,,SRV,HP,,,,,,,,,,,7155,,8058194,,M,,,,,,,,,,,,,L1,SANJEEV,,,,,,,,,,,,,,,,,,,UDF
517,FIKUH,20517,Mr,VINIT,10029,,C,G,,SRV,HP,,,,,,,,,,,6655,,5198271,,M,,,,,,,,,,,,,L1,PREM SINGH,,,,,,,,,,,,,,,,,,,UDF
518,FIKUH,20518,Mr,SANJEEV ,10030,,C,G,,SRV,HP,,,,,,,,,,,6656,,5198272,,M,,,,,,,,,,,,,L1,KANCHAN PRASAD,,,,,,,,,,,,,,,,,,,UDF
519,FIKUH,20519,Mr,DINESH KUMAR,10031,,C,G,,SRV,HP,,,,,,,,,,,6672,,5198626,,M,,,,,,,,,,,,,L1,RAMESHWAR,,,,,,,,,,,,,,,,,,,UDF
520,FIKUH,20520,Mr,RAJ KUMAR,10032,,C,G,,SRV,HP,,,,,,,,,,,7977,,7559226,,M,,,,,,,,,,,,,L1,CHANDAR PAL,,,,,,,,,,,,,,,,,,,UDF
521,FIKUH,20521,Mr,RAJESH KUMAR,10033,,C,G,,SRV,HP,,,,,,,,,,,8252,,7559231,,M,,,,,,,,,,,,,L1,YOGESHWAR CHAUDHARY,,,,,,,,,,,,,,,,,,,UDF
522,FIKUH,20522,Mr,BHARAT CHAND,10034,,C,G,,SRV,HP,,,,,,,,,,,6772,,5199486,,M,,,,,,,,,,,,,L1,GAGAN CHAND,,,,,,,,,,,,,,,,,,,UDF
523,FIKUH,20523,Mr,PRABHAT KR ,10035,,C,G,,SRV,HP,,,,,,,,,,,6881,,5199691,,M,,,,,,,,,,,,,L1,RAM CHAND,,,,,,,,,,,,,,,,,,,UDF
524,FIKUH,20524,Mr,PAPPU SHAH,10036,,C,G,,SRV,HP,,,,,,,,,,,6895,,7550009,,M,,,,,,,,,,,,,L1,SHANKAR,,,,,,,,,,,,,,,,,,,UDF
525,FIKUH,20525,Mr,RAGHU NATH,10037,,C,G,,SRV,HP,,,,,,,,,,,7002,,7550669,,M,,,,,,,,,,,,,L1,MAHENDRA SAH,,,,,,,,,,,,,,,,,,,UDF
526,FIKUH,20526,Mr,SUJEET ,10038,,C,G,,SRV,HP,,,,,,,,,,,8098,,7558310,,M,,,,,,,,,,,,,L1,RAVINDRA THAKUR,,,,,,,,,,,,,,,,,,,UDF
527,FIKUH,20527,Mr,SURENDER,10039,,C,G,,SRV,HP,,,,,,,,,,,7080,,7551958,,M,,,,,,,,,,,,,L1,SUKHDEV,,,,,,,,,,,,,,,,,,,UDF
528,FIKUH,20528,Mr,ASHOK KUMAR,10040,,C,G,,SRV,HP,,,,,,,,,,,7159,,5197366,,M,,,,,,,,,,,,,L1,TRIVENI,,,,,,,,,,,,,,,,,,,UDF
529,FIKUH,20529,Mr,DAYA RAM,10041,,C,G,,SRV,HP,,,,,,,,,,,7169,,5198570,,M,,,,,,,,,,,,,L1,SRI NARAYAN,,,,,,,,,,,,,,,,,,,UDF
530,FIKUH,20530,Mr,SANTOSH,10042,,C,G,,SRV,HP,,,,,,,,,,,7179,,7552088,,M,,,,,,,,,,,,,L1,LAXMAN,,,,,,,,,,,,,,,,,,,UDF
531,FIKUH,20531,Mr,DINESH,10043,,C,G,,SRV,HP,,,,,,,,,,,7182,,5195411,,M,,,,,,,,,,,,,L1,OM PRAKASH,,,,,,,,,,,,,,,,,,,UDF
532,FIKUH,20532,Mr,CHANDER MOHAN,10044,,C,G,,SRV,HP,,,,,,,,,,,8274,,7559333,,M,,,,,,,,,,,,,L1,NAGINA ROY,,,,,,,,,,,,,,,,,,,UDF
533,FIKUH,20533,Mr,MEENAKSHI,10045,,C,G,,SRV,HP,,,,,,,,,,,7395,,8058254,,M,,,,,,,,,,,,,L1,BABU RAM,,,,,,,,,,,,,,,,,,,UDF
534,FIKUH,20534,Mr,POONAM ,10046,,C,G,,SRV,HP,,,,,,,,,,,7417,,8058297,,M,,,,,,,,,,,,,L1,HARBIR SINGH,,,,,,,,,,,,,,,,,,,UDF
535,FIKUH,20535,Mr,SHABANA,10047,,C,G,,SRV,HP,,,,,,,,,,,7421,,8058303,,M,,,,,,,,,,,,,L1,ABDUL SALAM,,,,,,,,,,,,,,,,,,,UDF
536,FIKUH,20536,Mr,RAJPATI DEVI,10048,,C,G,,SRV,HP,,,,,,,,,,,7426,,8058309,,M,,,,,,,,,,,,,L1,SANJAY,,,,,,,,,,,,,,,,,,,UDF
537,FIKUH,20537,Mr,RAM NATH,10049,,C,G,,SRV,HP,,,,,,,,,,,8281,,7559712,,M,,,,,,,,,,,,,L1,PALU SINGH,,,,,,,,,,,,,,,,,,,UDF
538,FIKUH,20538,Mr,JITESH,10050,,C,G,,SRV,HP,,,,,,,,,,,7436,,7554034,,M,,,,,,,,,,,,,L1,DINESHWAR DHAR,,,,,,,,,,,,,,,,,,,UDF
539,FIKUH,20539,Mr,AMIT KUMAR,10051,,C,G,,SRV,HP,,,,,,,,,,,7438,,7554084,,M,,,,,,,,,,,,,L1,AMRESH,,,,,,,,,,,,,,,,,,,UDF
540,FIKUH,20540,Mr,RAJPAL,10052,,C,G,,SRV,HP,,,,,,,,,,,7445,,7554498,,M,,,,,,,,,,,,,L1,RATAN PAL,,,,,,,,,,,,,,,,,,,UDF
541,FIKUH,20541,Mr,SHEET KUMAR,10053,,C,G,,SRV,HP,,,,,,,,,,,7521,,7555157,,M,,,,,,,,,,,,,L1,GHURAHU RAM,,,,,,,,,,,,,,,,,,,UDF
542,FIKUH,20542,Mr,RAM DAHEEN,10054,,C,G,,SRV,HP,,,,,,,,,,,7607,,7555561,,M,,,,,,,,,,,,,L1,RAJ NATH,,,,,,,,,,,,,,,,,,,UDF
543,FIKUH,20543,Mr,PAPPU,10055,,C,G,,SRV,HP,,,,,,,,,,,7759,,7556263,,M,,,,,,,,,,,,,L1,DHARAMNATH,,,,,,,,,,,,,,,,,,,UDF
544,FIKUH,20544,Mr,RAJESH,10056,,C,G,,SRV,HP,,,,,,,,,,,7779,,7556758,,M,,,,,,,,,,,,,L1,MEHI LAL,,,,,,,,,,,,,,,,,,,UDF
545,FIKUH,20545,Mr,RAVINDER,10057,,C,G,,SRV,HP,,,,,,,,,,,7784,,7556873,,M,,,,,,,,,,,,,L1,MAHABIR,,,,,,,,,,,,,,,,,,,UDF
546,FIKUH,20546,Mr,KRISHNA KUMAR,10058,,C,G,,SRV,HP,,,,,,,,,,,7877,,7557030,,M,,,,,,,,,,,,,L1,DEVI PD PANDEY,,,,,,,,,,,,,,,,,,,UDF
547,FIKUH,20547,Mr,DINESH,10059,,C,G,,SRV,HP,,,,,,,,,,,8290,,5198120,,M,,,,,,,,,,,,,L1,MAHADEV PRASAD,,,,,,,,,,,,,,,,,,,UDF
548,FIKUH,20548,Mr,JAVINDER,10060,,C,G,,SRV,HP,,,,,,,,,,,8291,,5198424,,M,,,,,,,,,,,,,L1,PERMESH WAR,,,,,,,,,,,,,,,,,,,UDF
549,FIKUH,20549,Mr,SURESH,10061,,C,G,,SRV,HP,,,,,,,,,,,8433,,7560438,,M,,,,,,,,,,,,,L1,RAJ SINGH,,,,,,,,,,,,,,,,,,,UDF
550,FIKUH,20550,Mr,SANTOSH,10062,,C,G,,SRV,HP,,,,,,,,,,,8450,,8058884,,M,,,,,,,,,,,,,L1,DASRAT LAL,,,,,,,,,,,,,,,,,,,UDF
551,FIKUH,20551,Mr,RENU,10063,,C,G,,SRV,HP,,,,,,,,,,,8451,,8058885,,M,,,,,,,,,,,,,L1,SORAJ SINGH,,,,,,,,,,,,,,,,,,,UDF
552,FIKUH,20552,Mr,KULDEEP,10064,,C,G,,SRV,HP,,,,,,,,,,,8453,,7560649,,M,,,,,,,,,,,,,L1,ATAR SINGH,,,,,,,,,,,,,,,,,,,UDF
553,FIKUH,20553,Mr,MINAKSHI,10065,,C,G,,SRV,HP,,,,,,,,,,,8473,,8058895,,M,,,,,,,,,,,,,L1,DHARAMBEER SINGH,,,,,,,,,,,,,,,,,,,UDF
554,FIKUH,20554,Mr,SANTOSH,10066,,C,G,,SRV,HP,,,,,,,,,,,8476,,7560699,,M,,,,,,,,,,,,,L1,LAXMAN PRASAD,,,,,,,,,,,,,,,,,,,UDF
555,FIKUH,20555,Mr,RAKHI,10067,,C,G,,SRV,HP,,,,,,,,,,,8474,,8058893,,M,,,,,,,,,,,,,L1,PROMOD,,,,,,,,,,,,,,,,,,,UDF
556,FIKUH,20556,Mr,PARVEEN,10068,,C,G,,SRV,HP,,,,,,,,,,,8481,,8058892,,M,,,,,,,,,,,,,L1,MONU,,,,,,,,,,,,,,,,,,,UDF
557,FIKUH,20557,Mr,SANJAY KUMAR,10069,,C,G,,SRV,HP,,,,,,,,,,,8487,,7560733,,M,,,,,,,,,,,,,L1,HERDEV,,,,,,,,,,,,,,,,,,,UDF
558,FIKUH,20558,Mr,RAGHVENDRA,10070,,C,G,,SRV,HP,,,,,,,,,,,8493,,7560725,,M,,,,,,,,,,,,,L1,RAM KRIPAL,,,,,,,,,,,,,,,,,,,UDF
559,FIKUH,20559,Mr,MD  SALIM,10071,,C,G,,SRV,HP,,,,,,,,,,,8496,,7560727,,M,,,,,,,,,,,,,L1,MH  MUSLIM,,,,,,,,,,,,,,,,,,,UDF
560,FIKUH,20560,Mr,SHIV KUMAR,10072,,C,G,,SRV,HP,,,,,,,,,,,8498,,7560748,,M,,,,,,,,,,,,,L1,DAYANAND,,,,,,,,,,,,,,,,,,,UDF
561,FIKUH,20561,Mr,BRIJ NANDAN,10073,,C,G,,SRV,HP,,,,,,,,,,,8502,,7560795,,M,,,,,,,,,,,,,L1,CHOTTEN SINGH,,,,,,,,,,,,,,,,,,,UDF
562,FIKUH,20562,Mr,SUBASH,10074,,C,G,,SRV,HP,,,,,,,,,,,8617,,7561187,,M,,,,,,,,,,,,,L1,MADHU PRASAD,,,,,,,,,,,,,,,,,,,UDF
563,FIKUH,20563,Mr,SANTOSH,10075,,C,G,,SRV,HP,,,,,,,,,,,8630,,7561180,,M,,,,,,,,,,,,,L1,SHIV RATAN THAKUR,,,,,,,,,,,,,,,,,,,UDF
564,FIKUH,20564,Mr,MANOJ PANDEY,10076,,C,G,,SRV,HP,,,,,,,,,,,8639,,7561260,,M,,,,,,,,,,,,,L1,RAVI PRAKASH,,,,,,,,,,,,,,,,,,,UDF
565,FIKUH,20565,Mr,SANGEETA,10077,,C,G,,SRV,HP,,,,,,,,,,,8654,,8058971,,M,,,,,,,,,,,,,L1,SATENDRA KUMAR,,,,,,,,,,,,,,,,,,,UDF
566,FIKUH,20566,Mr,RINKU,10078,,C,G,,SRV,HP,,,,,,,,,,,8656,,8058975,,M,,,,,,,,,,,,,L1,MOHAN PRASAD,,,,,,,,,,,,,,,,,,,UDF
567,FIKUH,20567,Mr,SHETLA PD,10079,,C,G,,SRV,HP,,,,,,,,,,,8659,,7561237,,M,,,,,,,,,,,,,L1,HARI NATH,,,,,,,,,,,,,,,,,,,UDF
568,FIKUH,20568,Mr,MEENA,10080,,C,G,,SRV,HP,,,,,,,,,,,8675,,8058991,,M,,,,,,,,,,,,,L1,PANKAJ,,,,,,,,,,,,,,,,,,,UDF
569,FIKUH,20569,Mr,ANJUL,10081,,C,G,,SRV,HP,,,,,,,,,,,8678,,8058989,,M,,,,,,,,,,,,,L1,JAI PAL GUPTA,,,,,,,,,,,,,,,,,,,UDF
570,FIKUH,20570,Mr,KAVITA,10082,,C,G,,SRV,HP,,,,,,,,,,,8681,,8058988,,M,,,,,,,,,,,,,L1,JAGDISH,,,,,,,,,,,,,,,,,,,UDF
571,FIKUH,20571,Mr,BRIJESH,10083,,C,G,,SRV,HP,,,,,,,,,,,8693,,7561486,,M,,,,,,,,,,,,,L1,ATTAR SINGH,,,,,,,,,,,,,,,,,,,UDF
572,FIKUH,20572,Mr,RANJEET KR,10084,,C,G,,SRV,HP,,,,,,,,,,,8697,,7561476,,M,,,,,,,,,,,,,L1,SHAYAM SUNDER,,,,,,,,,,,,,,,,,,,UDF
573,FIKUH,20573,Mr,RAJ KUMARI,10085,,C,G,,SRV,HP,,,,,,,,,,,8710,,8059018,,M,,,,,,,,,,,,,L1,KANHAIYA LAL,,,,,,,,,,,,,,,,,,,UDF
574,FIKUH,20574,Mr,LALITESH,10086,,C,G,,SRV,HP,,,,,,,,,,,8713,,8059021,,M,,,,,,,,,,,,,L1,MANGLI PD ,,,,,,,,,,,,,,,,,,,UDF
575,FIKUH,20575,Mr,JANGEJ RAJ,10087,,C,G,,SRV,HP,,,,,,,,,,,8802,,12772979,,M,,,,,,,,,,,,,L1,JAY PAL,,,,,,,,,,,,,,,,,,,UDF
576,FIKUH,20576,Mr,VINOD ,10088,,C,G,,SRV,HP,,,,,,,,,,,8803,,12773039,,M,,,,,,,,,,,,,L1,ANANDI SAH,,,,,,,,,,,,,,,,,,,UDF
577,FIKUH,20577,Mr,CHANDRABHUSHAN,10089,,C,G,,SRV,HP,,,,,,,,,,,8898,,12785200,,M,,,,,,,,,,,,,L1,RAM ASHISH SHARMA,,,,,,,,,,,,,,,,,,,UDF
578,FIKUH,20578,Mr,RAM RAJ YADEV,10090,,C,G,,SRV,HP,,,,,,,,,,,8955,,12746767,,M,,,,,,,,,,,,,L1,VIKASH,,,,,,,,,,,,,,,,,,,UDF
579,FIKUH,20579,Mr,RENU,10091,,C,G,,SRV,HP,,,,,,,,,,,8963,,12746771,,M,,,,,,,,,,,,,L1,GAJENDRA,,,,,,,,,,,,,,,,,,,UDF
580,FIKUH,20580,Mr,RAM ACHAL,10092,,C,G,,SRV,HP,,,,,,,,,,,8964,,12746780,,M,,,,,,,,,,,,,L1,SATU,,,,,,,,,,,,,,,,,,,UDF
581,FIKUH,20581,Mr,ANAND KUMAR,10093,,C,G,,SRV,HP,,,,,,,,,,,8969,,12746758,,M,,,,,,,,,,,,,L1,AMAR SINGH,,,,,,,,,,,,,,,,,,,UDF
582,FIKUH,20582,Mr,POONAM,10094,,C,G,,SRV,HP,,,,,,,,,,,8971,,12761879,,M,,,,,,,,,,,,,L1,SOMNATH,,,,,,,,,,,,,,,,,,,UDF
583,FIKUH,20583,Mr,UPENDER,10095,,C,G,,SRV,HP,,,,,,,,,,,8973,,12746779,,M,,,,,,,,,,,,,L1,HARDEV MAHTO,,,,,,,,,,,,,,,,,,,UDF
584,FIKUH,20584,Mr,POONAM,10096,,C,G,,SRV,HP,,,,,,,,,,,8978,,12761884,,M,,,,,,,,,,,,,L1,SOMBIR SINGH,,,,,,,,,,,,,,,,,,,UDF
585,FIKUH,20585,Mr,REMESH,10097,,C,G,,SRV,HP,,,,,,,,,,,8985,,12761898,,M,,,,,,,,,,,,,L1,BHAIYA LAL,,,,,,,,,,,,,,,,,,,UDF
586,FIKUH,20586,Mr,KIRAN,10098,,C,G,,SRV,HP,,,,,,,,,,,8997,,12761850,,M,,,,,,,,,,,,,L1,SANJAY,,,,,,,,,,,,,,,,,,,UDF
587,FIKUH,20587,Mr,SHRI PAL,10099,,C,G,,SRV,HP,,,,,,,,,,,8998,,12755953,,M,,,,,,,,,,,,,L1,THAN SINGH,,,,,,,,,,,,,,,,,,,UDF
588,FIKUH,20588,Mr,PRADEEP,10100,,C,G,,SRV,HP,,,,,,,,,,,9002,,12755946,,M,,,,,,,,,,,,,L1,RAM PRAVESH,,,,,,,,,,,,,,,,,,,UDF
589,FIKUH,20589,Mr,MANOJ KUMAR,10101,,C,G,,SRV,HP,,,,,,,,,,,9011,,12763048,,M,,,,,,,,,,,,,L1,RAVINDRA,,,,,,,,,,,,,,,,,,,UDF
590,FIKUH,20590,Mr,RAJ KUMAR SINGH,10102,,C,G,,SRV,HP,,,,,,,,,,,9014,,12763062,,M,,,,,,,,,,,,,L1,RAM BHAJAN,,,,,,,,,,,,,,,,,,,UDF
591,FIKUH,20591,Mr,BADRI NATH,10103,,C,G,,SRV,HP,,,,,,,,,,,9026,,12770001,,M,,,,,,,,,,,,,L1,SARJU PRASAD,,,,,,,,,,,,,,,,,,,UDF
592,FIKUH,20592,Mr,RAJESH KUMAR,10104,,C,G,,SRV,HP,,,,,,,,,,,9029,,12770018,,M,,,,,,,,,,,,,L1,RAJENDER SINGH,,,,,,,,,,,,,,,,,,,UDF
593,FIKUH,20593,Mr,CHITRANJAN,10105,,C,G,,SRV,HP,,,,,,,,,,,9032,,12770003,,M,,,,,,,,,,,,,L1,NARAYAN CHAND,,,,,,,,,,,,,,,,,,,UDF
594,FIKUH,20594,Mr,ANITA,10106,,C,G,,SRV,HP,,,,,,,,,,,9034,,12769997,,M,,,,,,,,,,,,,L1,BALWAN SHARMA,,,,,,,,,,,,,,,,,,,UDF
595,FIKUH,20595,Mr,HARENDER,10107,,C,G,,SRV,HP,,,,,,,,,,,9040,,12772974,,M,,,,,,,,,,,,,L1,JAMUNA SINGH,,,,,,,,,,,,,,,,,,,UDF
596,FIKUH,20596,Mr,VIKRAM,10108,,C,G,,SRV,HP,,,,,,,,,,,9043,,12773034,,M,,,,,,,,,,,,,L1,PRTIPALSINGH,,,,,,,,,,,,,,,,,,,UDF
597,FIKUH,20597,Mr,RAJU B K,10109,,C,G,,SRV,HP,,,,,,,,,,,9058,,12778263,,M,,,,,,,,,,,,,L1,DHAN BAHADUR,,,,,,,,,,,,,,,,,,,UDF
598,FIKUH,20598,Mr,SAVITA,10110,,C,G,,SRV,HP,,,,,,,,,,,9061,,92785217,,M,,,,,,,,,,,,,L1,MAHESH SINGH,,,,,,,,,,,,,,,,,,,UDF
599,FIKUH,20599,Mr,PRIYANKA,10111,,C,G,,SRV,HP,,,,,,,,,,,9063,,12785209,,M,,,,,,,,,,,,,L1,AKHILESH,,,,,,,,,,,,,,,,,,,UDF
600,FIKUH,20600,Mr,GULABUDDIN,10112,,C,G,,SRV,HP,,,,,,,,,,,9066,,12786215,,M,,,,,,,,,,,,,L1,RAMJAN,,,,,,,,,,,,,,,,,,,UDF
601,FIKUH,20601,Mr,DOLAMANI ,10113,,C,G,,SRV,HP,,,,,,,,,,,9134,,12809173,,M,,,,,,,,,,,,,L1,GUNSAGAR,,,,,,,,,,,,,,,,,,,UDF
602,FIKUH,20602,Mr,SUNIL GUPTA,10114,,C,G,,SRV,HP,,,,,,,,,,,9135,,12809241,,M,,,,,,,,,,,,,L1,GIRJA SHANKAR,,,,,,,,,,,,,,,,,,,UDF
603,FIKUH,20603,Mr,MANISH ,10115,,C,G,,SRV,HP,,,,,,,,,,,9138,,12809196,,M,,,,,,,,,,,,,L1,BHARATCHOUDHARY,,,,,,,,,,,,,,,,,,,UDF
604,FIKUH,20604,Mr,PREETI,10116,,C,G,,SRV,HP,,,,,,,,,,,9140,,12809226,,M,,,,,,,,,,,,,L1,BRIJ BHUSHAN,,,,,,,,,,,,,,,,,,,UDF
605,FIKUH,20605,Mr,SONIYA,10117,,C,G,,SRV,HP,,,,,,,,,,,9145,,12829717,,M,,,,,,,,,,,,,L1,TARA CHAND,,,,,,,,,,,,,,,,,,,UDF
606,FIKUH,20606,Mr,REENA,10118,,C,G,,SRV,HP,,,,,,,,,,,9146,,12829716,,M,,,,,,,,,,,,,L1,DHARAM VEER,,,,,,,,,,,,,,,,,,,UDF
607,FIKUH,20607,Mr,PREMA,10119,,C,G,,SRV,HP,,,,,,,,,,,9218,,1312367917,,M,,,,,,,,,,,,,L1,BRIJ BHUSHAN,,,,,,,,,,,,,,,,,,,UDF
608,FIKUH,20608,Mr,PAPPU,10120,,C,G,,SRV,HP,,,,,,,,,,,9220,,1312367910,,M,,,,,,,,,,,,,L1,VASIST NARAYAN,,,,,,,,,,,,,,,,,,,UDF
609,FIKUH,20609,Mr,DINESH,10121,,C,G,,SRV,HP,,,,,,,,,,,9222,,1312367905,,M,,,,,,,,,,,,,L1,CHANDER BHAN SINGH,,,,,,,,,,,,,,,,,,,UDF
610,FIKUH,20610,Mr,SUBHAN,10122,,C,G,,SRV,HP,,,,,,,,,,,9227,,1312379713,,M,,,,,,,,,,,,,L1,KINA RAM,,,,,,,,,,,,,,,,,,,UDF
611,FIKUH,20611,Mr,SURENDER,10123,,C,G,,SRV,HP,,,,,,,,,,,9233,,1312379727,,M,,,,,,,,,,,,,L1,JAI BHAG WAN,,,,,,,,,,,,,,,,,,,UDF
612,FIKUH,20612,Mr,SUDHER KR ,10124,,C,G,,SRV,HP,,,,,,,,,,,9234,,1312379722,,M,,,,,,,,,,,,,L1,MAHESH,,,,,,,,,,,,,,,,,,,UDF
613,FIKUH,20613,Mr,RAM KISHORE,10125,,C,G,,SRV,HP,,,,,,,,,,,9235,,1312379664,,M,,,,,,,,,,,,,L1,LAXMI NARAYAN,,,,,,,,,,,,,,,,,,,UDF
614,FIKUH,20614,Mr,SAVITA,10126,,C,G,,SRV,HP,,,,,,,,,,,9239,,1312379698,,M,,,,,,,,,,,,,L1,RAKESH,,,,,,,,,,,,,,,,,,,UDF
615,FIKUH,20615,Mr,RANVIJAY PAL,10127,,C,G,,SRV,HP,,,,,,,,,,,9240,,1312386169,,M,,,,,,,,,,,,,L1,JAGNATH PAL,,,,,,,,,,,,,,,,,,,UDF
616,FIKUH,20616,Mr,RAJENDER KUMAR,10128,,C,G,,SRV,HP,,,,,,,,,,,9249,,1312386163,,M,,,,,,,,,,,,,L1,JIVACCH PRASAD,,,,,,,,,,,,,,,,,,,UDF
617,FIKUH,20617,Mr,AMRESH,10129,,C,G,,SRV,HP,,,,,,,,,,,9252,,1312386141,,M,,,,,,,,,,,,,L1,RAM CHANDER,,,,,,,,,,,,,,,,,,,UDF
618,FIKUH,20618,Mr,BINEET,10130,,C,G,,SRV,HP,,,,,,,,,,,9255,,1312386143,,M,,,,,,,,,,,,,L1,NARENDER,,,,,,,,,,,,,,,,,,,UDF
619,FIKUH,20619,Mr,PRAMOD,10131,,C,G,,SRV,HP,,,,,,,,,,,9257,,1312386158,,M,,,,,,,,,,,,,L1,DORI LAL,,,,,,,,,,,,,,,,,,,UDF
620,FIKUH,20620,Mr,VIMLESH,10132,,C,G,,SRV,HP,,,,,,,,,,,9261,,1312396188,,M,,,,,,,,,,,,,L1,BHAIYA LAL,,,,,,,,,,,,,,,,,,,UDF
621,FIKUH,20621,Mr,SARVESH,10133,,C,G,,SRV,HP,,,,,,,,,,,9265,,1312404085,,M,,,,,,,,,,,,,L1,MEDNI PRASAD,,,,,,,,,,,,,,,,,,,UDF
622,FIKUH,20622,Mr,UPENDER,10134,,C,G,,SRV,HP,,,,,,,,,,,9272,,1312404090,,M,,,,,,,,,,,,,L1,PRABHU YADAV,,,,,,,,,,,,,,,,,,,UDF
623,FIKUH,20623,Mr,VIVEK,10135,,C,G,,SRV,HP,,,,,,,,,,,9275,,1312404094,,M,,,,,,,,,,,,,L1,MUNNU SINGH,,,,,,,,,,,,,,,,,,,UDF
624,FIKUH,20624,Mr,NIRBHAY,10136,,C,G,,SRV,HP,,,,,,,,,,,9276,,1312403925,,M,,,,,,,,,,,,,L1,KRISHAN NANDAN,,,,,,,,,,,,,,,,,,,UDF
625,FIKUH,20625,Mr,ROHTASH,10137,,C,G,,SRV,HP,,,,,,,,,,,,,1313173412,,M,,,,,,,,,,,,,L1,KALAM SINGH,,,,,,,,,,,,,,,,,,,UDF
626,FIKUH,20626,Mr,PYARELAL,10138,,C,G,,SRV,HP,,,,,,,,,,,,,1313173410,,M,,,,,,,,,,,,,L1,RADHEY SHYAM,,,,,,,,,,,,,,,,,,,UDF
627,FIKUH,20627,Mr,DHARMENDRA,10139,,C,G,,SRV,HP,,,,,,,,,,,,,1313173407,,M,,,,,,,,,,,,,L1,RAM SIWN SAO,,,,,,,,,,,,,,,,,,,UDF
628,FIKUH,20628,Mr,UPENDER PRJAPATI,10140,,C,G,,SRV,HP,,,,,,,,,,,,,1313173421,,M,,,,,,,,,,,,,L1,KANDHYA LAL,,,,,,,,,,,,,,,,,,,UDF
629,FIKUH,20629,Mr,ANIL,10141,,C,G,,SRV,HP,,,,,,,,,,,,,,,M,,,,,,,,,,,,,L1,CHAMRU SHA,,,,,,,,,,,,,,,,,,,UDF
630,FIKUH,20630,Mr,AMIT,10142,,C,G,,SRV,HP,,,,,,,,,,,,,1313173394,,M,,,,,,,,,,,,,L1,DESH RAJ SINGH,,,,,,,,,,,,,,,,,,,UDF
631,FIKUH,20631,Mr,SIKENDER,10143,,C,G,,SRV,HP,,,,,,,,,,,,,,,M,,,,,,,,,,,,,L1,RAM CHANDER,,,,,,,,,,,,,,,,,,,UDF
632,FIKUH,20632,Mr,SONELAL,10144,,C,G,,SRV,HP,,,,,,,,,,,,,1313173418,,M,,,,,,,,,,,,,L1,SHIV PRASHAD,,,,,,,,,,,,,,,,,,,UDF
633,FIKUH,20633,Mr,NAGENDRA SINGH,10145,,C,G,,SRV,HP,,,,,,,,,,,,,,,M,,,,,,,,,,,,,L1,BABU SAHEV SINGH,,,,,,,,,,,,,,,,,,,UDF
634,FIKUH,20634,Mr,ADITYA NARAYAN SINGH,10146,,C,G,,SRV,HP,,,,,,,,,,,,,,,M,,,,,,,,,,,,,L1,SHIV NATH SINGH,,,,,,,,,,,,,,,,,,,UDF
635,FIKUH,20635,Mr,NAND KISHORE SINGH,10147,,C,G,,SRV,HP,,,,,,,,,,,,,,,M,,,,,,,,,,,,,L1,MAHENDER SINGH,,,,,,,,,,,,,,,,,,,UDF
636,FIKUH,20636,Mr,RAKESH KR MISHRA,10148,,C,G,,SRV,HP,,,,,,,,,,,,,,,M,,,,,,,,,,,,,L1,MUKTI NATH,,,,,,,,,,,,,,,,,,,UDF
637,FIKUH,20637,Mr,LAL BHADUR,10149,,C,G,,SRV,HP,,,,,,,,,,,,,,,M,,,,,,,,,,,,,L1,SITA RAM,,,,,,,,,,,,,,,,,,,UDF
638,FIKUH,20638,Mr,GEETANJALI,10150,,C,G,,SRV,HP,,,,,,,,,,,,,,,M,,,,,,,,,,,,,L1,NARESH,,,,,,,,,,,,,,,,,,,UDF
639,FIKUH,20639,Mr,SAVITRI,10151,,C,G,,SRV,HP,,,,,,,,,,,,,,,M,,,,,,,,,,,,,L1,RAGVED PAL,,,,,,,,,,,,,,,,,,,UDF
640,FIKUH,20640,Mr,KAMLESH,10152,,C,G,,SRV,HP,,,,,,,,,,,,,,,M,,,,,,,,,,,,,L1,RAM CHANDER ,,,,,,,,,,,,,,,,,,,UDF
641,FIKUH,20641,Mr,HARENDER,10153,,C,G,,SRV,HP,,,,,,,,,,,,,,,M,,,,,,,,,,,,,L1,,,,,,,,,,,,,,,,,,,,UDF
642,BHEXL,20642,Mr,JADO RAM,10001,,C,G,,SRV,SO,,,,,,,,,,,,,,,M,,,,,,,,,,,,,L1,,,,,,,,,,,,,,,,,,,,UDF
643,BHEXL,20643,Mr,V K NIGAM,10002,,C,G,,SRV,ASO,,,,,,,,,,,,,,,M,,,,,,,,,,,,,L1,,,,,,,,,,,,,,,,,,,,UDF
644,BHEXL,20644,Mr,S K VERMA,10003,,C,G,,SRV,ASO,,,,,,,,,,,,,,,M,,,,,,,,,,,,,L1,,,,,,,,,,,,,,,,,,,,UDF
645,BHEXL,20645,Mr,R K  VERMA,10004,,C,G,,SRV,ASO,,,,,,,,,,,,,,,M,,,,,,,,,,,,,L1,,,,,,,,,,,,,,,,,,,,UDF
646,BHEXL,20646,Mr,BABU SINGH ,10005,,C,G,,SRV,GMAN,,,,,,,,,,,,,,,M,,,,,,,,,,,,,L1,,,,,,,,,,,,,,,,,,,,UDF
647,BHEXL,20647,Mr,BRINDER KUMAR,10006,,C,G,,SRV,GMAN,,,,,,,,,,,,,,,M,,,,,,,,,,,,,L1,,,,,,,,,,,,,,,,,,,,UDF
648,BHEXL,20648,Mr,RAVINDER SINGH,10007,,C,G,,SRV,GMAN,,,,,,,,,,,,,,,M,,,,,,,,,,,,,L1,,,,,,,,,,,,,,,,,,,,UDF
649,BHEXL,20649,Mr,SURESH SINGH,10008,,C,G,,SRV,GMAN,,,,,,,,,,,,,,,M,,,,,,,,,,,,,L1,,,,,,,,,,,,,,,,,,,,UDF
650,BHEXL,20650,Mr,SANJAY SINGH,10009,,C,G,,SRV,GMAN,,,,,,,,,,,,,,,M,,,,,,,,,,,,,L1,,,,,,,,,,,,,,,,,,,,UDF
651,BHEXL,20651,Mr,NAVAL KISHORE,10010,,C,G,,SRV,GMAN,,,,,,,,,,,,,,,M,,,,,,,,,,,,,L1,,,,,,,,,,,,,,,,,,,,UDF
652,BHEXL,20652,Mr,JITENDER KARWARIYA,10011,,C,G,,SRV,GMAN,,,,,,,,,,,,,,,M,,,,,,,,,,,,,L1,,,,,,,,,,,,,,,,,,,,UDF
653,BHEXL,20653,Mr,MAHESH KUMAR,10012,,C,G,,SRV,SEC,,,,,,,,,,,,,,,M,,,,,,,,,,,,,L1,,,,,,,,,,,,,,,,,,,,UDF
654,BHEXL,20654,Mr,SUKH DEV PD ,10013,,C,G,,SRV,SEC,,,,,,,,,,,,,,,M,,,,,,,,,,,,,L1,,,,,,,,,,,,,,,,,,,,UDF
655,BHEXL,20655,Mr,SUKH RAM,10014,,C,G,,SRV,SEC,,,,,,,,,,,,,,,M,,,,,,,,,,,,,L1,,,,,,,,,,,,,,,,,,,,UDF
656,BHEXL,20656,Mr,SHIV DAYAL,10015,,C,G,,SRV,SEC,,,,,,,,,,,,,,,M,,,,,,,,,,,,,L1,,,,,,,,,,,,,,,,,,,,UDF
657,BHEXL,20657,Mr,SANTOSH PATARIA,10016,,C,G,,SRV,SEC,,,,,,,,,,,,,,,M,,,,,,,,,,,,,L1,,,,,,,,,,,,,,,,,,,,UDF
658,BHEXL,20658,Mr,CHAVI NATH SINGH,10017,,C,G,,SRV,SEC,,,,,,,,,,,,,,,M,,,,,,,,,,,,,L1,,,,,,,,,,,,,,,,,,,,UDF
659,BHEXL,20659,Mr,SUNIL KUMAR-2,10018,,C,G,,SRV,SEC,,,,,,,,,,,,,,,M,,,,,,,,,,,,,L1,,,,,,,,,,,,,,,,,,,,UDF
660,BHEXL,20660,Mr,SANTOSH KUMAR,10019,,C,G,,SRV,SEC,,,,,,,,,,,,,,,M,,,,,,,,,,,,,L1,,,,,,,,,,,,,,,,,,,,UDF
661,BHEXL,20661,Mr,NAND KISHORE,10020,,C,G,,SRV,SEC,,,,,,,,,,,,,,,M,,,,,,,,,,,,,L1,,,,,,,,,,,,,,,,,,,,UDF
662,BHEXL,20662,Mr,PARAG PANDEY,10021,,C,G,,SRV,SEC,,,,,,,,,,,,,,,M,,,,,,,,,,,,,L1,,,,,,,,,,,,,,,,,,,,UDF
663,BHEXL,20663,Mr,MAHI PAL,10022,,C,G,,SRV,SEC,,,,,,,,,,,,,,,M,,,,,,,,,,,,,L1,,,,,,,,,,,,,,,,,,,,UDF
664,BHEXL,20664,Mr,B S  SHARMA,10023,,C,G,,SRV,SEC,,,,,,,,,,,,,,,M,,,,,,,,,,,,,L1,,,,,,,,,,,,,,,,,,,,UDF
665,BHEXL,20665,Mr,HARVINDER,10024,,C,G,,SRV,SEC,,,,,,,,,,,,,,,M,,,,,,,,,,,,,L1,,,,,,,,,,,,,,,,,,,,UDF
666,BHEXL,20666,Mr,VIJAY SINGH-1,10025,,C,G,,SRV,SEC,,,,,,,,,,,,,,,M,,,,,,,,,,,,,L1,,,,,,,,,,,,,,,,,,,,UDF
667,BHEXL,20667,Mr,HARI PRASHAD,10026,,C,G,,SRV,SEC,,,,,,,,,,,,,,,M,,,,,,,,,,,,,L1,,,,,,,,,,,,,,,,,,,,UDF
668,BHEXL,20668,Mr,HARI DASS,10027,,C,G,,SRV,SEC,,,,,,,,,,,,,,,M,,,,,,,,,,,,,L1,,,,,,,,,,,,,,,,,,,,UDF
669,BHEXL,20669,Mr,DAVI DAYAL,10028,,C,G,,SRV,SEC,,,,,,,,,,,,,,,M,,,,,,,,,,,,,L1,,,,,,,,,,,,,,,,,,,,UDF
670,BHEXL,20670,Mr,GOVIND PRASHAD,10029,,C,G,,SRV,SEC,,,,,,,,,,,,,,,M,,,,,,,,,,,,,L1,,,,,,,,,,,,,,,,,,,,UDF
671,BHEXL,20671,Mr,MAHAVEER SINGH,10030,,C,G,,SRV,SEC,,,,,,,,,,,,,,,M,,,,,,,,,,,,,L1,,,,,,,,,,,,,,,,,,,,UDF
672,BHEXL,20672,Mr,BHARAT LAL,10031,,C,G,,SRV,SEC,,,,,,,,,,,,,,,M,,,,,,,,,,,,,L1,,,,,,,,,,,,,,,,,,,,UDF
673,BHEXL,20673,Mr,DILIP SINGH,10032,,C,G,,SRV,SEC,,,,,,,,,,,,,,,M,,,,,,,,,,,,,L1,,,,,,,,,,,,,,,,,,,,UDF
674,BHEXL,20674,Mr,RAJBEER SINGH,10033,,C,G,,SRV,SEC,,,,,,,,,,,,,,,M,,,,,,,,,,,,,L1,,,,,,,,,,,,,,,,,,,,UDF
675,BHEXL,20675,Mr,DAYALI SINGH,10034,,C,G,,SRV,SEC,,,,,,,,,,,,,,,M,,,,,,,,,,,,,L1,,,,,,,,,,,,,,,,,,,,UDF
676,BHEXL,20676,Mr,JAI DEV,10035,,C,G,,SRV,SEC,,,,,,,,,,,,,,,M,,,,,,,,,,,,,L1,,,,,,,,,,,,,,,,,,,,UDF
677,BHEXL,20677,Mr,SATENDER SINGH,10036,,C,G,,SRV,SEC,,,,,,,,,,,,,,,M,,,,,,,,,,,,,L1,,,,,,,,,,,,,,,,,,,,UDF
678,BHEXL,20678,Mr,RATAN BHAN SINGH,10037,,C,G,,SRV,SEC,,,,,,,,,,,,,,,M,,,,,,,,,,,,,L1,,,,,,,,,,,,,,,,,,,,UDF
679,BHEXL,20679,Mr,SUNIL KUMAR-I,10038,,C,G,,SRV,SEC,,,,,,,,,,,,,,,M,,,,,,,,,,,,,L1,,,,,,,,,,,,,,,,,,,,UDF
680,BHEXL,20680,Mr,SUSHIL KUMAR,10039,,C,G,,SRV,SEC,,,,,,,,,,,,,,,M,,,,,,,,,,,,,L1,,,,,,,,,,,,,,,,,,,,UDF
681,BHEXL,20681,Mr,JADO RAM,10040,,C,G,,SRV,ASO,,,,,,,,,,,,,,,M,,,,,,,,,,,,,L1,,,,,,,,,,,,,,,,,,,,UDF
682,SURYA,20682,Mr,RADHEY SHYAM,10001,,C,G,,SRV,SEC,,,,,,,,,,,,,,,M,,,,,,,,,,,,,L1,,,,,,,,,,,,,,,,,,,,UDF
683,SURYA,20683,Mr,DASHRATH PD ,10002,,C,G,,SRV,SEC,,,,,,,,,,,,,,,M,,,,,,,,,,,,,L1,,,,,,,,,,,,,,,,,,,,UDF
684,SURYA,20684,Mr,RAM KISHAN,10003,,C,G,,SRV,SEC,,,,,,,,,,,,,,,M,,,,,,,,,,,,,L1,,,,,,,,,,,,,,,,,,,,UDF
685,GGH,20685,Mr,MUNESH,10001,,C,G,,SRV,SEC,,,,,,,,,,,,,,,M,,,,,,,,,,,,,L1,,,,,,,,,,,,,,,,,,,,UDF
686,GGH,20686,Mr,DHIRENDER,10002,,C,G,,SRV,SEC,,,,,,,,,,,,,,,M,,,,,,,,,,,,,L1,,,,,,,,,,,,,,,,,,,,UDF
687,IAPLS,20687,Mr,BABU RAM,10001,,C,G,,SRV,SO,,,,,,,,,,,,,,,M,,,,,,,,,,,,,L1,,,,,,,,,,,,,,,,,,,,UDF
688,IAPLS,20688,Mr,RAJESH KUMAR,10002,,C,G,,SRV,ASO,,,,,,,,,,,,,,,M,,,,,,,,,,,,,L1,,,,,,,,,,,,,,,,,,,,UDF
689,IAPLS,20689,Mr,C M MISHRA,10003,,C,G,,SRV,ASO,,,,,,,,,,,,,,,M,,,,,,,,,,,,,L1,,,,,,,,,,,,,,,,,,,,UDF
690,IAPLS,20690,Mr,SARF RAJ ,10004,,C,G,,SRV,SEC,,,,,,,,,,,,,,,M,,,,,,,,,,,,,L1,,,,,,,,,,,,,,,,,,,,UDF
691,IAPLS,20691,Mr,SHASHI KANT,10005,,C,G,,SRV,SEC,,,,,,,,,,,,,,,M,,,,,,,,,,,,,L1,,,,,,,,,,,,,,,,,,,,UDF
692,IAPLS,20692,Mr,AMAR SINGH,10006,,C,G,,SRV,SEC,,,,,,,,,,,,,,,M,,,,,,,,,,,,,L1,,,,,,,,,,,,,,,,,,,,UDF
693,IAPLS,20693,Mr,GANESH SINGH,10007,,C,G,,SRV,SEC,,,,,,,,,,,,,,,M,,,,,,,,,,,,,L1,,,,,,,,,,,,,,,,,,,,UDF
694,IAPLS,20694,Mr,JAY PAL SINGH,10008,,C,G,,SRV,SEC,,,,,,,,,,,,,,,M,,,,,,,,,,,,,L1,,,,,,,,,,,,,,,,,,,,UDF
695,IAPLS,20695,Mr,ARUN KUMAR,10009,,C,G,,SRV,SEC,,,,,,,,,,,,,,,M,,,,,,,,,,,,,L1,,,,,,,,,,,,,,,,,,,,UDF
696,IAPLS,20696,Mr,HEM RAJ SINGH,10010,,C,G,,SRV,SEC,,,,,,,,,,,,,,,M,,,,,,,,,,,,,L1,,,,,,,,,,,,,,,,,,,,UDF
697,DRWS,20697,Mr,DASHRATH SHAH,10001,,C,G,,SRV,WRK,,,,,,,,,,,6034,,8075836,,M,,,,,,,,,,3703000-400204407,,,L1,,,,,,,,,,,,,,,,,,,,UDF
698,DRWS,20698,Mr,RAM SINGH NEGI,10002,,C,G,,SRV,WRK,,,,,,,,,,,6323,,8075837,,M,,,,,,,,,,3703000-400204221,,,L1,,,,,,,,,,,,,,,,,,,,UDF
699,DRWS,20699,Mr,PAWAN SHARMA,10003,,C,G,,SRV,WRK,,,,,,,,,,,5886,,7965032,,M,,,,,,,,,,3703000-400204045,,,L1,,,,,,,,,,,,,,,,,,,,UDF
700,DRWS,20700,Mr,AVADHESH NARAYAN,10004,,C,G,,SRV,WRK,,,,,,,,,,,5980,,7968723,,M,,,,,,,,,,3703000-400203879,,,L1,,,,,,,,,,,,,,,,,,,,UDF
701,DRWS,20701,Mr,ANIL KUMAR,10005,,C,G,,SRV,WRK,,,,,,,,,,,6033,,7968725,,M,,,,,,,,,,3703000-400204027,,,L1,,,,,,,,,,,,,,,,,,,,UDF
702,DRWS,20702,Mr,ANIL KUMAR,10006,,C,G,,SRV,WRK,,,,,,,,,,,6133,,8075833,,M,,,,,,,,,,3703000-400204063,,,L1,,,,,,,,,,,,,,,,,,,,UDF
703,DRWS,20703,Mr,RAJKUMAR,10007,,C,G,,SRV,WRK,,,,,,,,,,,6135,,8075832,,M,,,,,,,,,,3703000-400203888,,,L1,,,,,,,,,,,,,,,,,,,,UDF
704,DRWS,20704,Mr,RAJENDAR SINGH,10008,,C,G,,SRV,WRK,,,,,,,,,,,6289,,8075834,,M,,,,,,,,,,3703000-400204294,,,L1,,,,,,,,,,,,,,,,,,,,UDF
705,DRWS,20705,Mr,OM PRAKASH,10009,,C,G,,SRV,WRK,,,,,,,,,,,6704,,8232455,,M,,,,,,,,,,3703000-400203587,,,L1,,,,,,,,,,,,,,,,,,,,UDF
706,DRWS,20706,Mr,RAJ KUMAR,10010,,C,G,,SRV,WRK,,,,,,,,,,,6705,,8232456,,M,,,,,,,,,,3703000-400203602,,,L1,,,,,,,,,,,,,,,,,,,,UDF
707,DRWS,20707,Mr,RAGHUVENDER P SINGH,10011,,C,G,,SRV,WRK,,,,,,,,,,,6706,,8232457,,M,,,,,,,,,,3703000-400204319,,,L1,,,,,,,,,,,,,,,,,,,,UDF
708,DRWS,20708,Mr,MANOJ KUMAR,10012,,C,G,,SRV,WRK,,,,,,,,,,,6707,,8232453,,M,,,,,,,,,,3703000-400204328,,,L1,,,,,,,,,,,,,,,,,,,,UDF
709,DRWS,20709,Mr,RAMENDE PATEL,10013,,C,G,,SRV,WRK,,,,,,,,,,,7027,,8239458,,M,,,,,,,,,,3703000-400203611,,,L1,,,,,,,,,,,,,,,,,,,,UDF
710,DRWS,20710,Mr,MAHENDER SINGH,10014,,C,G,,SRV,WRK,,,,,,,,,,,7028,,8239456,,M,,,,,,,,,,3703000-400204249,,,L1,,,,,,,,,,,,,,,,,,,,UDF
711,DRWS,20711,Mr,SHRAVAN KUMAR,10015,,C,G,,SRV,WRK,,,,,,,,,,,7030,,8239457,,M,,,,,,,,,,3703000-400203921,,,L1,,,,,,,,,,,,,,,,,,,,UDF
712,DRWS,20712,Mr,MUKESH KUMAR,10016,,C,G,,SRV,WRK,,,,,,,,,,,7049,,8239453,,M,,,,,,,,,,3703000-400204337,,,L1,,,,,,,,,,,,,,,,,,,,UDF
713,DRWS,20713,Mr,RAKESH BHANDARI,10017,,C,G,,SRV,WRK,,,,,,,,,,,7124,,8339949,,M,,,,,,,,,,3703000-400204036,,,L1,,,,,,,,,,,,,,,,,,,,UDF
714,DRWS,20714,Mr,RAM SAJEEVAN LAL,10018,,C,G,,SRV,WRK,,,,,,,,,,,7126,,8338572,,M,,,,,,,,,,3703000-400203639,,,L1,,,,,,,,,,,,,,,,,,,,UDF
715,DRWS,20715,Mr,SANTOSH KUMAR,10019,,C,G,,SRV,WRK,,,,,,,,,,,7375,,8345344,,M,,,,,,,,,,CASH,,,L1,,,,,,,,,,,,,,,,,,,,UDF
716,DRWS,20716,Mr,PRADEEP KUMAR P T ,10020,,C,G,,SRV,WRK,,,,,,,,,,,7376,,8344143,,M,,,,,,,,,,462952-0310533914,,,L1,,,,,,,,,,,,,,,,,,,,UDF
717,DRWS,20717,Mr,BINOD KUMAR RAI,10021,,C,G,,SRV,WRK,,,,,,,,,,,0,,0,,M,,,,,,,,,,462952-0312770829,,,L1,,,,,,,,,,,,,,,,,,,,UDF
718,DRWS,20718,Mr,RAJU GAUTAM,10022,,C,G,,SRV,WRK,,,,,,,,,,,0,,0,,M,,,,,,,,,,CASH,,,L1,,,,,,,,,,,,,,,,,,,,UDF
719,DRWS,20719,Mr,TEJVIR SINGH,10023,,C,G,,SRV,WRK,,,,,,,,,,,0,,0,,M,,,,,,,,,,CASH,,,L1,,,,,,,,,,,,,,,,,,,,UDF
720,DRWS,20720,Mr,NAND KISHORE JOSHI,10024,,C,G,,SRV,WRK,,,,,,,,,,,0,,0,,M,,,,,,,,,,CASH,,,L1,,,,,,,,,,,,,,,,,,,,UDF
721,DRWS,20721,Mr,PRAMOD KR  CHOUBEY,10025,,C,G,,SRV,WRK,,,,,,,,,,,0,,0,,M,,,,,,,,,,CASH,,,L1,,,,,,,,,,,,,,,,,,,,UDF
722,DRWS,20722,Mr,MAHAVIR SHARMA,10026,,C,G,,SRV,WRK,,,,,,,,,,,0,,0,,M,,,,,,,,,,CASH,,,L1,,,,,,,,,,,,,,,,,,,,UDF
723,DRWS,20723,Mr,SANJAY GAUTAM,10027,,C,G,,SRV,WRK,,,,,,,,,,,0,,0,,M,,,,,,,,,,CASH,,,L1,,,,,,,,,,,,,,,,,,,,UDF
724,DRWS,20724,Mr,JITENDRA YADAV,10028,,C,G,,SRV,WRK,,,,,,,,,,,0,,0,,M,,,,,,,,,,CASH,,,L1,,,,,,,,,,,,,,,,,,,,UDF
725,DRWS,20725,Mr,SANDEEP KUMAR,10029,,C,G,,SRV,WRK,,,,,,,,,,,0,,0,,M,,,,,,,,,,CASH,,,L1,,,,,,,,,,,,,,,,,,,,UDF
726,DRWS,20726,Mr,AMIT KUMAR,10030,,C,G,,SRV,WRK,,,,,,,,,,,0,,0,,M,,,,,,,,,,CASH,,,L1,,,,,,,,,,,,,,,,,,,,UDF
727,DRWS,20727,Mr,SANJAY KUMAR,10031,,C,G,,SRV,WRK,,,,,,,,,,,0,,0,,M,,,,,,,,,,CASH,,,L1,,,,,,,,,,,,,,,,,,,,UDF
728,DRWS,20728,Mr,JAGDISH SINGH,10032,,C,G,,SRV,WRK,,,,,,,,,,,0,,0,,M,,,,,,,,,,CASH,,,L1,,,,,,,,,,,,,,,,,,,,UDF
729,DRWS,20729,Mr,BALVEER SINGH BHANDARI,10033,,C,G,,SRV,WRK,,,,,,,,,,,0,,0,,M,,,,,,,,,,4052000-100107690,,,L1,,,,,,,,,,,,,,,,,,,,UDF
730,DRWS,20730,Mr,NEERAJ KUMAR,10034,,C,G,,SRV,WRK,,,,,,,,,,,0,,0,,M,,,,,,,,,,,,,L1,,,,,,,,,,,,,,,,,,,,UDF
731,DRWS,20731,Mr,VIKAS KUMAR,10035,,C,G,,SRV,WRK,,,,,,,,,,,0,,0,,M,,,,,,,,,,3703000-400204364,,,L1,,,,,,,,,,,,,,,,,,,,UDF
732,DRWS,20732,Mr,INDRA MOHAN JHA,10036,,C,G,,SRV,WRK,,,,,,,,,,,0,,0,,M,,,,,,,,,,3703000-400204188,,,L1,,,,,,,,,,,,,,,,,,,,UDF
733,DRWS,20733,Mr,VINAY P LAL,10037,,C,G,,SRV,WRK,,,,,,,,,,,0,,0,,M,,,,,,,,,,3703000-400203727,,,L1,,,,,,,,,,,,,,,,,,,,UDF
734,DRWS,20734,Mr,BRIJ PAL SINGH,10038,,C,G,,SRV,WRK,,,,,,,,,,,0,,0,,M,,,,,,,,,,3703000-400203745,,,L1,,,,,,,,,,,,,,,,,,,,UDF
735,DRWS,20735,Mr,CHANDESHWAR PANDIT,10039,,C,G,,SRV,WRK,,,,,,,,,,,0,,0,,M,,,,,,,,,,3703000-400203949,,,L1,,,,,,,,,,,,,,,,,,,,UDF
736,DRWS,20736,Mr,Ms POONAM RANI,10040,,C,G,,SRV,WRK,,,,,,,,,,,0,,0,,M,,,,,,,,,,3703000-400204090,,,L1,,,,,,,,,,,,,,,,,,,,UDF
737,DRWS,20737,Mr,MADHURENDRA KR SINGH,10041,,C,G,,SRV,WRK,,,,,,,,,,,0,,0,,M,,,,,,,,,,3703000-400203994,,,L1,,,,,,,,,,,,,,,,,,,,UDF
738,DRWS,20738,Mr,MANOJ KUMAR,10042,,C,G,,SRV,WRK,,,,,,,,,,,0,,0,,M,,,,,,,,,,3703000-400204009,,,L1,,,,,,,,,,,,,,,,,,,,UDF
739,DRWS,20739,Mr,PARVESH KUMAR,10043,,C,G,,SRV,WRK,,,,,,,,,,,0,,0,,M,,,,,,,,,,3703000-400203666,,,L1,,,,,,,,,,,,,,,,,,,,UDF
740,DRWS,20740,Mr,RAM KUMAR,10044,,C,G,,SRV,WRK,,,,,,,,,,,0,,0,,M,,,,,,,,,,3703000-400203684,,,L1,,,,,,,,,,,,,,,,,,,,UDF
741,DRWS,20741,Mr,BASHANT KUMAR,10045,,C,G,,SRV,WRK,,,,,,,,,,,0,,0,,M,,,,,,,,,,3703000-400203718,,,L1,,,,,,,,,,,,,,,,,,,,UDF
742,DRWS,20742,Mr,MANOJ KR SHARMA,10046,,C,G,,SRV,WRK,,,,,,,,,,,0,,0,,M,,,,,,,,,,3703000-400204133,,,L1,,,,,,,,,,,,,,,,,,,,UDF
743,DRWS,20743,Mr,SANJAY KUMAR,10047,,C,G,,SRV,WRK,,,,,,,,,,,0,,0,,M,,,,,,,,,,4629520-310533660,,,L1,,,,,,,,,,,,,,,,,,,,UDF
744,DRWS,20744,Mr,PRAMOD KUMAR,10048,,C,G,,SRV,WRK,,,,,,,,,,,0,,0,,M,,,,,,,,,,3703000-400204142,,,L1,,,,,,,,,,,,,,,,,,,,UDF
745,DRWS,20745,Mr,REKHA RANI,10049,,C,G,,SRV,WRK,,,,,,,,,,,0,,0,,M,,,,,,,,,,3703000-400203736,,,L1,,,,,,,,,,,,,,,,,,,,UDF
746,DRWS,20746,Mr,BRIJ MOHAN PRASAD,10050,,C,G,,SRV,WRK,,,,,,,,,,,0,,0,,M,,,,,,,,,,462952-0310534763,,,L1,,,,,,,,,,,,,,,,,,,,UDF
747,DRWS,20747,Mr,BRIJ KISHORE PD ,10051,,C,G,,SRV,WRK,,,,,,,,,,,0,,0,,M,,,,,,,,,,462952-0312770811,,,L1,,,,,,,,,,,,,,,,,,,,UDF
748,DRWS,20748,Mr,SHIV SARAN SHIVHARE,10052,,C,G,,SRV,WRK,,,,,,,,,,,0,,0,,M,,,,,,,,,,462952-0310534193,,,L1,,,,,,,,,,,,,,,,,,,,UDF
749,DRWS,20749,Mr,MAHENDRA SINGH,10053,,C,G,,SRV,WRK,,,,,,,,,,,0,,0,,M,,,,,,,,,,462952-0310534789,,,L1,,,,,,,,,,,,,,,,,,,,UDF
750,DRWS,20750,Mr,SUKH DEV,10054,,C,G,,SRV,WRK,,,,,,,,,,,0,,0,,M,,,,,,,,,,462952-0310534110,,,L1,,,,,,,,,,,,,,,,,,,,UDF
751,DRWS,20751,Mr,BHARAT RANJAN SINGH,10055,,C,G,,SRV,WRK,,,,,,,,,,,0,,0,,M,,,,,,,,,,462952-0310534102,,,L1,,,,,,,,,,,,,,,,,,,,UDF
752,AMUAB,20752,Mr,HIRA LAL GAUR,10001,,C,G,,SRV,WRK,,,,,,,,,,,,,,,M,,,,,,,,,,,,,L1,,,,,,,,,,,,,,,,,,,,UDF
753,AMUAB,20753,Mr,MD AZHAR,10002,,C,G,,SRV,WRK,,,,,,,,,,,,,,,M,,,,,,,,,,,,,L1,,,,,,,,,,,,,,,,,,,,UDF
754,AMUAB,20754,Mr,GULAB CHAND YADAV,10003,,C,G,,SRV,WRK,,,,,,,,,,,,,,,M,,,,,,,,,,,,,L1,,,,,,,,,,,,,,,,,,,,UDF
755,AMUAB,20755,Mr,AMAR DEV ,10004,,C,G,,SRV,WRK,,,,,,,,,,,,,,,M,,,,,,,,,,,,,L1,,,,,,,,,,,,,,,,,,,,UDF
756,AMUAB,20756,Mr,NARENDRA KUMAR MISHRA,10005,,C,G,,SRV,WRK,,,,,,,,,,,,,,,M,,,,,,,,,,,,,L1,,,,,,,,,,,,,,,,,,,,UDF
757,AMUAB,20757,Mr,BHADDU,10006,,C,G,,SRV,WRK,,,,,,,,,,,,,,,M,,,,,,,,,,,,,L1,,,,,,,,,,,,,,,,,,,,UDF
758,AMUAB,20758,Mr,KANHAIYA KR  KUSHWAHA,10007,,C,G,,SRV,WRK,,,,,,,,,,,,,,,M,,,,,,,,,,,,,L1,,,,,,,,,,,,,,,,,,,,UDF
759,AMUAB,20759,Mr,LAXMI PRASAD VERMA,10008,,C,G,,SRV,WRK,,,,,,,,,,,,,,,M,,,,,,,,,,,,,L1,,,,,,,,,,,,,,,,,,,,UDF
760,AMUAB,20760,Mr,AKHILESH KUMAR,10009,,C,G,,SRV,WRK,,,,,,,,,,,,,,,M,,,,,,,,,,,,,L1,,,,,,,,,,,,,,,,,,,,UDF
761,AMUAB,20761,Mr,ASHWANI KUMAR,10010,,C,G,,SRV,WRK,,,,,,,,,,,,,,,M,,,,,,,,,,,,,L1,,,,,,,,,,,,,,,,,,,,UDF
762,AMUAB,20762,Mr,MUZAFFAR ZAMAL,10011,,C,G,,SRV,WRK,,,,,,,,,,,,,,,M,,,,,,,,,,,,,L1,,,,,,,,,,,,,,,,,,,,UDF
763,AMUAB,20763,Mr,ARUN  KUMAR TIWARI,10012,,C,G,,SRV,WRK,,,,,,,,,,,,,,,M,,,,,,,,,,,,,L1,,,,,,,,,,,,,,,,,,,,UDF
764,AMUAB,20764,Mr,LAKHAN LAL KESARWANI,10013,,C,G,,SRV,WRK,,,,,,,,,,,,,,,M,,,,,,,,,,,,,L1,,,,,,,,,,,,,,,,,,,,UDF
765,AMUAB,20765,Mr,DWARKA PRASAD DIVEDI,10014,,C,G,,SRV,WRK,,,,,,,,,,,,,,,M,,,,,,,,,,,,,L1,,,,,,,,,,,,,,,,,,,,UDF
766,AMUAB,20766,Mr,PRAKESH CHAND SRIVASTAV,10015,,C,G,,SRV,WRK,,,,,,,,,,,,,,,M,,,,,,,,,,,,,L1,,,,,,,,,,,,,,,,,,,,UDF
767,AMUAB,20767,Mr,RAVINDRA KUMAR PATEL,10016,,C,G,,SRV,WRK,,,,,,,,,,,,,,,M,,,,,,,,,,,,,L1,,,,,,,,,,,,,,,,,,,,UDF
768,AMUAB,20768,Mr,MANOJ KUMAR,10017,,C,G,,SRV,WRK,,,,,,,,,,,,,,,M,,,,,,,,,,,,,L1,,,,,,,,,,,,,,,,,,,,UDF
769,AMUAB,20769,Mr,MUNNA LAL YADAV,10018,,C,G,,SRV,WRK,,,,,,,,,,,,,,,M,,,,,,,,,,,,,L1,,,,,,,,,,,,,,,,,,,,UDF
770,AMUAB,20770,Mr,ANKUSH KUMAR PANDEY,10019,,C,G,,SRV,WRK,,,,,,,,,,,,,,,M,,,,,,,,,,,,,L1,,,,,,,,,,,,,,,,,,,,UDF
771,AMUAR,20771,Mr,B K BHOWMIK,10001,,C,G,,SRV,SUP,,,,,,,,,,,,,,,M,,,,,,,,,,,,,L1,,,,,,,,,,,,,,,,,,,,UDF
772,AMUAR,20772,Mr,BRIJESH KUMAR,10002,,C,G,,SRV,CSG,,,,,,,,,,,,,,,M,,,,,,,,,,,,,L1,,,,,,,,,,,,,,,,,,,,UDF
773,AMUAR,20773,Mr,BANTU SINGH,10003,,C,G,,SRV,CSG,,,,,,,,,,,,,,,M,,,,,,,,,,,,,L1,,,,,,,,,,,,,,,,,,,,UDF
774,AMUAR,20774,Mr,SANJAY SRIVASTAV,10004,,C,G,,SRV,CSG,,,,,,,,,,,,,,,M,,,,,,,,,,,,,L1,,,,,,,,,,,,,,,,,,,,UDF
775,AMUPK,20775,Mr,BHUWAN CHAND,10001,,C,G,,SRV,WRK,,,,,,,,,,,,,,,M,,,,,,,,,,,,,L1,,,,,,,,,,,,,,,,,,,,UDF
776,AMUPK,20776,Mr,VIKASH UPRETI,10002,,C,G,,SRV,WRK,,,,,,,,,,,,,,,M,,,,,,,,,,,,,L1,,,,,,,,,,,,,,,,,,,,UDF
777,AMUPK,20777,Mr,NARESH KUMAR,10003,,C,G,,SRV,WRK,,,,,,,,,,,,,,,M,,,,,,,,,,,,,L1,,,,,,,,,,,,,,,,,,,,UDF
778,AMUPK,20778,Mr,SARVESH KUMAR,10004,,C,G,,SRV,WRK,,,,,,,,,,,,,,,M,,,,,,,,,,,,,L1,,,,,,,,,,,,,,,,,,,,UDF
779,AMUPK,20779,Mr,RAJESH KUMAR,10005,,C,G,,SRV,WRK,,,,,,,,,,,,,,,M,,,,,,,,,,,,,L1,,,,,,,,,,,,,,,,,,,,UDF
780,AMUPK,20780,Mr,MOHAN SINGH,10006,,C,G,,SRV,WRK,,,,,,,,,,,,,,,M,,,,,,,,,,,,,L1,,,,,,,,,,,,,,,,,,,,UDF
781,AMUPK,20781,Mr,HARJINDER SINGH,10007,,C,G,,SRV,WRK,,,,,,,,,,,,,,,M,,,,,,,,,,,,,L1,,,,,,,,,,,,,,,,,,,,UDF
782,AMUPK,20782,Mr,RAMESH KUMAR,10008,,C,G,,SRV,WRK,,,,,,,,,,,,,,,M,,,,,,,,,,,,,L1,,,,,,,,,,,,,,,,,,,,UDF
783,AMUPK,20783,Mr,ASHOK RANA,10009,,C,G,,SRV,WRK,,,,,,,,,,,,,,,M,,,,,,,,,,,,,L1,,,,,,,,,,,,,,,,,,,,UDF
784,AMUPK,20784,Mr,HANS RAJ,10010,,C,G,,SRV,WRK,,,,,,,,,,,,,,,M,,,,,,,,,,,,,L1,,,,,,,,,,,,,,,,,,,,UDF
785,AMUPK,20785,Mr,NOKHI RAM,10011,,C,G,,SRV,WRK,,,,,,,,,,,,,,,M,,,,,,,,,,,,,L1,,,,,,,,,,,,,,,,,,,,UDF
786,AMUPK,20786,Mr,INDER DEEP SINGH,10012,,C,G,,SRV,WRK,,,,,,,,,,,,,,,M,,,,,,,,,,,,,L1,,,,,,,,,,,,,,,,,,,,UDF
787,AMUPK,20787,Mr,RAJ KUMAR,10013,,C,G,,SRV,WRK,,,,,,,,,,,,,,,M,,,,,,,,,,,,,L1,,,,,,,,,,,,,,,,,,,,UDF
788,AMUPK,20788,Mr,RAKESH KUMAR-II,10014,,C,G,,SRV,WRK,,,,,,,,,,,,,,,M,,,,,,,,,,,,,L1,,,,,,,,,,,,,,,,,,,,UDF
789,AMUPK,20789,Mr,DEVINDER SINGH,10015,,C,G,,SRV,WRK,,,,,,,,,,,,,,,M,,,,,,,,,,,,,L1,,,,,,,,,,,,,,,,,,,,UDF
790,AMUPK,20790,Mr,MISS ARCHANA RAWAT,10016,,C,G,,SRV,WRK,,,,,,,,,,,,,,,M,,,,,,,,,,,,,L1,,,,,,,,,,,,,,,,,,,,UDF
791,AMUPK,20791,Mr,RAJESH KUMAR-II,10017,,C,G,,SRV,WRK,,,,,,,,,,,,,,,M,,,,,,,,,,,,,L1,,,,,,,,,,,,,,,,,,,,UDF
792,AMUPK,20792,Mr,DHANPAT RAM,10018,,C,G,,SRV,WRK,,,,,,,,,,,,,,,M,,,,,,,,,,,,,L1,,,,,,,,,,,,,,,,,,,,UDF
793,AMUPK,20793,Mr,MANGAT RAM,10019,,C,G,,SRV,WRK,,,,,,,,,,,,,,,M,,,,,,,,,,,,,L1,,,,,,,,,,,,,,,,,,,,UDF
794,AMUPK,20794,Mr,NITESH SHARMA,10020,,C,G,,SRV,WRK,,,,,,,,,,,,,,,M,,,,,,,,,,,,,L1,,,,,,,,,,,,,,,,,,,,UDF
795,AMUPK,20795,Mr,VISHAN SINGH,10021,,C,G,,SRV,WRK,,,,,,,,,,,,,,,M,,,,,,,,,,,,,L1,,,,,,,,,,,,,,,,,,,,UDF
796,AMUPK,20796,Mr,JASWINDER SINGH,10022,,C,G,,SRV,WRK,,,,,,,,,,,,,,,M,,,,,,,,,,,,,L1,,,,,,,,,,,,,,,,,,,,UDF
797,AMUPK,20797,Mr,JAGAT RAM,10023,,C,G,,SRV,WRK,,,,,,,,,,,,,,,M,,,,,,,,,,,,,L1,,,,,,,,,,,,,,,,,,,,UDF
798,AMUPK,20798,Mr,PREETAM KUMAR,10024,,C,G,,SRV,WRK,,,,,,,,,,,,,,,M,,,,,,,,,,,,,L1,,,,,,,,,,,,,,,,,,,,UDF
799,AMUPK,20799,Mr,PRAVEEN KR,10025,,C,G,,SRV,WRK,,,,,,,,,,,,,,,M,,,,,,,,,,,,,L1,,,,,,,,,,,,,,,,,,,,UDF
800,AMUPK,20800,Mr,LALOO PD ,10026,,C,G,,SRV,WRK,,,,,,,,,,,,,,,M,,,,,,,,,,,,,L1,,,,,,,,,,,,,,,,,,,,UDF
801,AMUPK,20801,Mr,RAVI KUMAR,10027,,C,G,,SRV,WRK,,,,,,,,,,,,,,,M,,,,,,,,,,,,,L1,,,,,,,,,,,,,,,,,,,,UDF
802,AMUPK,20802,Mr,INDER SINGH,10028,,C,G,,SRV,WRK,,,,,,,,,,,,,,,M,,,,,,,,,,,,,L1,,,,,,,,,,,,,,,,,,,,UDF
803,AMUPK,20803,Mr,KARAN ,10029,,C,G,,SRV,WRK,,,,,,,,,,,,,,,M,,,,,,,,,,,,,L1,,,,,,,,,,,,,,,,,,,,UDF
804,AMUPK,20804,Mr,PRIYANKA CHOUHAN,10030,,C,G,,SRV,WRK,,,,,,,,,,,,,,,M,,,,,,,,,,,,,L1,,,,,,,,,,,,,,,,,,,,UDF
805,AMUJD,20805,Mr,KARAN-,10001,,C,G,,SRV,WRK,,,,,,,,,,,,,,,M,,,,,,,,,,,,,L1,,,,,,,,,,,,,,,,,,,,UDF
806,AMUJD,20806,Mr,VIKRAM GILL,10002,,C,G,,SRV,WRK,,,,,,,,,,,,,,,M,,,,,,,,,,,,,L1,,,,,,,,,,,,,,,,,,,,UDF
807,AMUJD,20807,Mr,NAND KUMAR,10003,,C,G,,SRV,WRK,,,,,,,,,,,,,,,M,,,,,,,,,,,,,L1,,,,,,,,,,,,,,,,,,,,UDF
808,AMUJD,20808,Mr,JAGTAR-,10004,,C,G,,SRV,WRK,,,,,,,,,,,,,,,M,,,,,,,,,,,,,L1,,,,,,,,,,,,,,,,,,,,UDF
809,AMUJD,20809,Mr,ANOOP KUMAR,10005,,C,G,,SRV,WRK,,,,,,,,,,,,,,,M,,,,,,,,,,,,,L1,,,,,,,,,,,,,,,,,,,,UDF
810,AMUJD,20810,Mr,HARUN ALI,10006,,C,G,,SRV,WRK,,,,,,,,,,,,,,,M,,,,,,,,,,,,,L1,,,,,,,,,,,,,,,,,,,,UDF
811,AMUJD,20811,Mr,ANIL KUMAR,10007,,C,G,,SRV,WRK,,,,,,,,,,,,,,,M,,,,,,,,,,,,,L1,,,,,,,,,,,,,,,,,,,,UDF
812,AMUJD,20812,Mr,AMIT MALHOTRA,10008,,C,G,,SRV,WRK,,,,,,,,,,,,,,,M,,,,,,,,,,,,,L1,,,,,,,,,,,,,,,,,,,,UDF
813,AMUJD,20813,Mr,ARUN KUMAR,10009,,C,G,,SRV,WRK,,,,,,,,,,,,,,,M,,,,,,,,,,,,,L1,,,,,,,,,,,,,,,,,,,,UDF
814,AMUJD,20814,Mr,RAKESH KUMAR,10010,,C,G,,SRV,WRK,,,,,,,,,,,,,,,M,,,,,,,,,,,,,L1,,,,,,,,,,,,,,,,,,,,UDF
815,AMUJD,20815,Mr,SAMSHER,10011,,C,G,,SRV,WRK,,,,,,,,,,,,,,,M,,,,,,,,,,,,,L1,,,,,,,,,,,,,,,,,,,,UDF
816,AMUJD,20816,Mr,SUBODH KUMAR,10012,,C,G,,SRV,WRK,,,,,,,,,,,,,,,M,,,,,,,,,,,,,L1,,,,,,,,,,,,,,,,,,,,UDF
817,AMUJD,20817,Mr,SHIV SHANKAR,10013,,C,G,,SRV,WRK,,,,,,,,,,,,,,,M,,,,,,,,,,,,,L1,,,,,,,,,,,,,,,,,,,,UDF
818,AMUJD,20818,Mr,YASH PAL,10014,,C,G,,SRV,WRK,,,,,,,,,,,,,,,M,,,,,,,,,,,,,L1,,,,,,,,,,,,,,,,,,,,UDF
819,AMUJD,20819,Mr,BHAVJOT SINGH,10015,,C,G,,SRV,WRK,,,,,,,,,,,,,,,M,,,,,,,,,,,,,L1,,,,,,,,,,,,,,,,,,,,UDF
820,AMUJD,20820,Mr,VIJAY KUMAR,10016,,C,G,,SRV,WRK,,,,,,,,,,,,,,,M,,,,,,,,,,,,,L1,,,,,,,,,,,,,,,,,,,,UDF
821,AMUJD,20821,Mr,ASHOK KUMAR,10017,,C,G,,SRV,WRK,,,,,,,,,,,,,,,M,,,,,,,,,,,,,L1,,,,,,,,,,,,,,,,,,,,UDF
822,AMUJD,20822,Mr,ANIL SHARMA,10018,,C,G,,SRV,WRK,,,,,,,,,,,,,,,M,,,,,,,,,,,,,L1,,,,,,,,,,,,,,,,,,,,UDF
823,AMUJD,20823,Mr,SONA LAL,10019,,C,G,,SRV,WRK,,,,,,,,,,,,,,,M,,,,,,,,,,,,,L1,,,,,,,,,,,,,,,,,,,,UDF
824,AMUJD,20824,Mr,KARAN(EPABX),10020,,C,G,,SRV,WRK,,,,,,,,,,,,,,,M,,,,,,,,,,,,,L1,,,,,,,,,,,,,,,,,,,,UDF
825,AMUJD,20825,Mr,SUDHA SHARMA,10021,,C,G,,SRV,WRK,,,,,,,,,,,,,,,M,,,,,,,,,,,,,L1,,,,,,,,,,,,,,,,,,,,UDF
826,AMUJD,20826,Mr,SUVANKAR,10022,,C,G,,SRV,WRK,,,,,,,,,,,,,,,M,,,,,,,,,,,,,L1,,,,,,,,,,,,,,,,,,,,UDF
827,AMUJD,20827,Mr,NARESH RANA,10023,,C,G,,SRV,WRK,,,,,,,,,,,,,,,M,,,,,,,,,,,,,L1,,,,,,,,,,,,,,,,,,,,UDF
828,AMUJD,20828,Mr,TILAK RAJ,10024,,C,G,,SRV,WRK,,,,,,,,,,,,,,,M,,,,,,,,,,,,,L1,,,,,,,,,,,,,,,,,,,,UDF
829,AMUJD,20829,Mr,VIKAS,10025,,C,G,,SRV,WRK,,,,,,,,,,,,,,,M,,,,,,,,,,,,,L1,,,,,,,,,,,,,,,,,,,,UDF
830,AMUJD,20830,Mr,JATIN BHAGAT,10026,,C,G,,SRV,WRK,,,,,,,,,,,,,,,M,,,,,,,,,,,,,L1,,,,,,,,,,,,,,,,,,,,UDF
831,AMUJD,20831,Mr,INDERJEET,10027,,C,G,,SRV,WRK,,,,,,,,,,,,,,,M,,,,,,,,,,,,,L1,,,,,,,,,,,,,,,,,,,,UDF
832,AMUJD,20832,Mr,ARUN KUMAR RAI,10028,,C,G,,SRV,WRK,,,,,,,,,,,,,,,M,,,,,,,,,,,,,L1,,,,,,,,,,,,,,,,,,,,UDF
833,AMUJD,20833,Mr,PAN KAJ KUMAR,10029,,C,G,,SRV,WRK,,,,,,,,,,,,,,,M,,,,,,,,,,,,,L1,,,,,,,,,,,,,,,,,,,,UDF
834,AMUJD,20834,Mr,RAJINDER KUMAR,10030,,C,G,,SRV,WRK,,,,,,,,,,,,,,,M,,,,,,,,,,,,,L1,,,,,,,,,,,,,,,,,,,,UDF
835,AMUJD,20835,Mr,VIRENDER SHARMA,10031,,C,G,,SRV,WRK,,,,,,,,,,,,,,,M,,,,,,,,,,,,,L1,,,,,,,,,,,,,,,,,,,,UDF
836,AMUKP,20836,Mr,MOHAN SINGH,10001,,C,G,,SRV,SO,,,,,,,,,,,,,,,M,,,,,,,,CASH,,,,,L1,,,,,,,,,,,,,,,,,,,,UDF
837,AMUKP,20837,Mr,VINOD KUMAR,10002,,C,G,,SRV,HG,,,,,,,,,,,,,,,M,,,,,,,,CASH,,,,,L1,,,,,,,,,,,,,,,,,,,,UDF
838,AMUKP,20838,Mr,ADITYA TRIPATHI,10003,,C,G,,SRV,HG,,,,,,,,,,,,,,,M,,,,,,,,CASH,,,,,L1,,,,,,,,,,,,,,,,,,,,UDF
839,AMUKP,20839,Mr,VIJAY SUKLA,10004,,C,G,,SRV,HG,,,,,,,,,,,,,,,M,,,,,,,,CASH,,,,,L1,,,,,,,,,,,,,,,,,,,,UDF
840,AMUKP,20840,Mr,HARI NARAYAN,10005,,C,G,,SRV,SEC,,,,,,,,,,,,,,,M,,,,,,,,CASH,,,,,L1,,,,,,,,,,,,,,,,,,,,UDF
841,AMUKP,20841,Mr,SANJAY KR AGNIHOTRI,10006,,C,G,,SRV,SEC,,,,,,,,,,,,,,,M,,,,,,,,CASH,,,,,L1,,,,,,,,,,,,,,,,,,,,UDF
842,AMUKP,20842,Mr,RADHEY GOVIND,10007,,C,G,,SRV,SEC,,,,,,,,,,,,,,,M,,,,,,,,CASH,,,,,L1,,,,,,,,,,,,,,,,,,,,UDF
843,AMUKP,20843,Mr,DAVI DEEN,10008,,C,G,,SRV,SEC,,,,,,,,,,,,,,,M,,,,,,,,CASH,,,,,L1,,,,,,,,,,,,,,,,,,,,UDF
844,AMUKP,20844,Mr,KISHAN PAL SINGH,10009,,C,G,,SRV,SEC,,,,,,,,,,,,,,,M,,,,,,,,CASH,,,,,L1,,,,,,,,,,,,,,,,,,,,UDF
845,AMUKP,20845,Mr,BABU RAM PAL,10010,,C,G,,SRV,SEC,,,,,,,,,,,,,,,M,,,,,,,,CASH,,,,,L1,,,,,,,,,,,,,,,,,,,,UDF
846,AMUKP,20846,Mr,LALIT MISHRA,10011,,C,G,,SRV,SEC,,,,,,,,,,,,,,,M,,,,,,,,CASH,,,,,L1,,,,,,,,,,,,,,,,,,,,UDF
847,AMUKP,20847,Mr,AJAY VERMA,10012,,C,G,,SRV,SEC,,,,,,,,,,,,,,,M,,,,,,,,CASH,,,,,L1,,,,,,,,,,,,,,,,,,,,UDF
848,AMUKP,20848,Mr,UMESH SUKLA,10013,,C,G,,SRV,SEC,,,,,,,,,,,,,,,M,,,,,,,,CASH,,,,,L1,,,,,,,,,,,,,,,,,,,,UDF
849,AMUKP,20849,Mr,SUNIL SRIVASTAV,10014,,C,G,,SRV,SEC,,,,,,,,,,,,,,,M,,,,,,,,CASH,,,,,L1,,,,,,,,,,,,,,,,,,,,UDF
850,AMUKP,20850,Mr,AMIT TRIPATHI,10015,,C,G,,SRV,SEC,,,,,,,,,,,,,,,M,,,,,,,,CASH,,,,,L1,,,,,,,,,,,,,,,,,,,,UDF
851,AMUKP,20851,Mr,VIVEK SINGH,10016,,C,G,,SRV,SEC,,,,,,,,,,,,,,,M,,,,,,,,CASH,,,,,L1,,,,,,,,,,,,,,,,,,,,UDF
852,AUMT1,20852,Mr,DARSHAN SINGH,10001,,C,G,,SRV,SO,,,,,,,,,,,,,,,M,,,,,,,,,,,,,L1,,,,,,,,,,,,,,,,,,,,UDF
853,AUMT1,20853,Mr,SATYANDER KR,10002,,C,G,,SRV,SO,,,,,,,,,,,,,,,M,,,,,,,,,,,,,L1,,,,,,,,,,,,,,,,,,,,UDF
854,AUMT1,20854,Mr,SHASHI KANT,10003,,C,G,,SRV,SO,,,,,,,,,,,,,,,M,,,,,,,,,,,,,L1,,,,,,,,,,,,,,,,,,,,UDF
855,AUMT1,20855,Mr,SUSHIL KR,10004,,C,G,,SRV,SEC,,,,,,,,,,,,,,,M,,,,,,,,,,,,,L1,,,,,,,,,,,,,,,,,,,,UDF
856,AUMT1,20856,Mr,SHODAN SINGH,10005,,C,G,,SRV,SEC,,,,,,,,,,,,,,,M,,,,,,,,,,,,,L1,,,,,,,,,,,,,,,,,,,,UDF
857,AUMT1,20857,Mr,RAJENDER SINGH,10006,,C,G,,SRV,SEC,,,,,,,,,,,,,,,M,,,,,,,,,,,,,L1,,,,,,,,,,,,,,,,,,,,UDF
858,AUMT2,20858,Mr,OM PAL SINGH,10001,,C,G,,SRV,SO,,,,,,,,,,,,,,,M,,,,,,,,,,,,,L1,,,,,,,,,,,,,,,,,,,,UDF
859,AUMT2,20859,Mr,MANBEER SINGH,10002,,C,G,,SRV,SO,,,,,,,,,,,,,,,M,,,,,,,,,,,,,L1,,,,,,,,,,,,,,,,,,,,UDF
860,AUMT2,20860,Mr,BHAGAT SINGH,10003,,C,G,,SRV,SEC,,,,,,,,,,,,,,,M,,,,,,,,,,,,,L1,,,,,,,,,,,,,,,,,,,,UDF
861,AUMT2,20861,Mr,GOVIND SINGH,10004,,C,G,,SRV,SEC,,,,,,,,,,,,,,,M,,,,,,,,,,,,,L1,,,,,,,,,,,,,,,,,,,,UDF
862,AUMT2,20862,Mr,SANSAR SINGH,10005,,C,G,,SRV,SEC,,,,,,,,,,,,,,,M,,,,,,,,,,,,,L1,,,,,,,,,,,,,,,,,,,,UDF
863,AUMT2,20863,Mr,SUNIL KUMAR,10006,,C,G,,SRV,SEC,,,,,,,,,,,,,,,M,,,,,,,,,,,,,L1,,,,,,,,,,,,,,,,,,,,UDF
864,AUMT2,20864,Mr,BRIJESH KUMAR,10007,,C,G,,SRV,SEC,,,,,,,,,,,,,,,M,,,,,,,,,,,,,L1,,,,,,,,,,,,,,,,,,,,UDF
865,AUMT2,20865,Mr,JITENDER SHARMA,10008,,C,G,,SRV,SEC,,,,,,,,,,,,,,,M,,,,,,,,,,,,,L1,,,,,,,,,,,,,,,,,,,,UDF
866,AUMT2,20866,Mr,ADESH KUMAR,10009,,C,G,,SRV,SEC,,,,,,,,,,,,,,,M,,,,,,,,,,,,,L1,,,,,,,,,,,,,,,,,,,,UDF
867,AUMT2,20867,Mr,MANOJ KUMAR,10010,,C,G,,SRV,SEC,,,,,,,,,,,,,,,M,,,,,,,,,,,,,L1,,,,,,,,,,,,,,,,,,,,UDF
868,AMUAG,20868,Mr,RAJESH SHARMA,10001,,C,G,,SRV,SUP,,,,,,,,,,,,,,,M,,,,,,,,,,,,,L1,,,,,,,,,,,,,,,,,,,,UDF
869,AMUAG,20869,Mr,MANOJ KUMAR,10002,,C,G,,SRV,SUP,,,,,,,,,,,,,,,M,,,,,,,,,,,,,L1,,,,,,,,,,,,,,,,,,,,UDF
870,AMUAG,20870,Mr,RAJAN PANDEY,10003,,C,G,,SRV,SUP,,,,,,,,,,,,,,,M,,,,,,,,,,,,,L1,,,,,,,,,,,,,,,,,,,,UDF
871,AMUAG,20871,Mr,DHIRAJ KUMAR,10004,,C,G,,SRV,SEC,,,,,,,,,,,,,,,M,,,,,,,,,,,,,L1,,,,,,,,,,,,,,,,,,,,UDF
872,AMUAG,20872,Mr,GOPAL,10005,,C,G,,SRV,SEC,,,,,,,,,,,,,,,M,,,,,,,,,,,,,L1,,,,,,,,,,,,,,,,,,,,UDF
873,AMUAG,20873,Mr,SITISH SINGH,10006,,C,G,,SRV,SEC,,,,,,,,,,,,,,,M,,,,,,,,,,,,,L1,,,,,,,,,,,,,,,,,,,,UDF
874,AMUAG,20874,Mr,NAWAL KISHORE,10007,,C,G,,SRV,SEC,,,,,,,,,,,,,,,M,,,,,,,,,,,,,L1,,,,,,,,,,,,,,,,,,,,UDF
875,AMUDD,20875,Mr,Sanjay Thapa,10001,,C,G,,SRV,SO,,,,,,,,,,,,,,,M,,,,,,,,,,,,,L1,,,,,,,,,,,,,,,,,,,,UDF
876,AMUDD,20876,Mr,Satish Chandra,10002,,C,G,,SRV,SO,,,,,,,,,,,,,,,M,,,,,,,,,,,,,L1,,,,,,,,,,,,,,,,,,,,UDF
877,AMUDD,20877,Mr,S S  RAWAT,10003,,C,G,,SRV,SO,,,,,,,,,,,,,,,M,,,,,,,,,,,,,L1,,,,,,,,,,,,,,,,,,,,UDF
878,AMUDD,20878,Mr,NIRPENDER,10004,,C,G,,SRV,SEC,,,,,,,,,,,,,,,M,,,,,,,,,,,,,L1,,,,,,,,,,,,,,,,,,,,UDF
879,AMUDD,20879,Mr,RAVINDER KUMAR,10005,,C,G,,SRV,SEC,,,,,,,,,,,,,,,M,,,,,,,,,,,,,L1,,,,,,,,,,,,,,,,,,,,UDF
880,AMUDD,20880,Mr,M S RAWAT,10006,,C,G,,SRV,SEC,,,,,,,,,,,,,,,M,,,,,,,,,,,,,L1,,,,,,,,,,,,,,,,,,,,UDF
881,AMUDD,20881,Mr,HARISH RAWAT,10007,,C,G,,SRV,SEC,,,,,,,,,,,,,,,M,,,,,,,,,,,,,L1,,,,,,,,,,,,,,,,,,,,UDF
882,AMUDD,20882,Mr,SHIV PRASAD,10008,,C,G,,SRV,SEC,,,,,,,,,,,,,,,M,,,,,,,,,,,,,L1,,,,,,,,,,,,,,,,,,,,UDF
883,AMUDD,20883,Mr,JAGDISH PRASHAD DEW,10009,,C,G,,SRV,SEC,,,,,,,,,,,,,,,M,,,,,,,,,,,,,L1,,,,,,,,,,,,,,,,,,,,UDF
884,AMUDD,20884,Mr,B S  NEGI,10010,,C,G,,SRV,SEC,,,,,,,,,,,,,,,M,,,,,,,,,,,,,L1,,,,,,,,,,,,,,,,,,,,UDF
885,AMUDD,20885,Mr,CHIRANJI,10011,,C,G,,SRV,SEC,,,,,,,,,,,,,,,M,,,,,,,,,,,,,L1,,,,,,,,,,,,,,,,,,,,UDF
886,AMUH,20886,Mr,SAMODH KUMAR,10001,,C,G,,SRV,SUP,,,,,,,,,,,9088,,8608897,,M,,,,,,,,,,370300-0400207486,,,L1,CHANDRIKA PD ,,,,,,,,,,,,,,,,,,,UDF
887,AMUH,20887,Mr,SUSENDRA SINGH,10002,,C,G,,SRV,SUP,,,,,,,,,,,9912,,,,M,,,,,,,,,,CASH,,,L1,RAM RAKSH PAL SINGH,,,,,,,,,,,,,,,,,,,UDF
888,AMUH,20888,Mr,T P SUKLA,10003,,C,G,,SRV,SUP,,,,,,,,,,,,,,,M,,,,,,,,,,CASH,,,L1,P P  SHUKLA,,,,,,,,,,,,,,,,,,,UDF
889,AMUH,20889,Mr,HARAK SINGH,10004,,C,G,,SRV,SEC,,,,,,,,,,,,,,,M,,,,,,,,,,CASH,,,L1,,,,,,,,,,,,,,,,,,,,UDF
890,AMUH,20890,Mr,SUDHER KUMAR,10005,,C,G,,SRV,SEC,,,,,,,,,,,8913,,8619366,,M,,,,,,,,,,370300-0400207468,,,L1,RAJ KISHORE YADAV,,,,,,,,,,,,,,,,,,,UDF
891,AMUH,20891,Mr,GAURAV SINGH,10006,,C,G,,SRV,SEC,,,,,,,,,,,,,,,M,,,,,,,,,,CASH,,,L1,,,,,,,,,,,,,,,,,,,,UDF
892,AMUV,20892,Mr,AJAY SHARMA,10001,,C,G,,SRV,WRK,,,,,,,,,,,3158,,5503146,,M,,,,,,,,,,186800-1300001466,,,L1,SHIV SHANKAR,,,,,,,,,,,,,,,,,,,UDF
893,AMUV,20893,Mr,RAJESH GAUTAM,10002,,C,G,,SRV,WRK,,,,,,,,,,,6130,,5503316,,M,,,,,,,,,,186800-1300001624,,,L1,,,,,,,,,,,,,,,,,,,,UDF
894,AMUV,20894,Mr,RAMAYAN SINGH,10003,,C,G,,SRV,WRK,,,,,,,,,,,3168,,5503144,,M,,,,,,,,,,186800-1300001475,,,L1,MAHAVEER SINGH,,,,,,,,,,,,,,,,,,,UDF
895,AMUV,20895,Mr,PRAMOD KUMAR,10004,,C,G,,SRV,WRK,,,,,,,,,,,9689,,5503568,,M,,,,,,,,,,186800-1300001615,,,L1,SOMARU RAM,,,,,,,,,,,,,,,,,,,UDF
896,AMUV,20896,Mr,DINESH KUMAR,10005,,C,G,,SRV,WRK,,,,,,,,,,,6246,,5503157,,M,,,,,,,,,,186800-1300001457,,,L1,NAND LAL,,,,,,,,,,,,,,,,,,,UDF
897,AMUV,20897,Mr,BRIJESH KUMAR,10006,,C,G,,SRV,WRK,,,,,,,,,,,3169,,5503136,,M,,,,,,,,,,186800-1300001387,,,L1,,,,,,,,,,,,,,,,,,,,UDF
898,AMUV,20898,Mr,MAHMOOD ALAM,10007,,C,G,,SRV,WRK,,,,,,,,,,,3167,,5503139,,M,,,,,,,,,,186800-1300001493,,,L1,FAROZ KHAN,,,,,,,,,,,,,,,,,,,UDF
899,AMUV,20899,Mr,VIRESHWAR DEY,10008,,C,G,,SRV,WRK,,,,,,,,,,,6423,,5503566,,M,,,,,,,,,,186800-1300001402,,,L1,,,,,,,,,,,,,,,,,,,,UDF
900,AMUV,20900,Mr,HEERA MANI SHARMA,10009,,C,G,,SRV,WRK,,,,,,,,,,,3164,,5503142,,M,,,,,,,,,,186800-1300001545,,,L1,KUNDAN SHARMA,,,,,,,,,,,,,,,,,,,UDF
901,AMUV,20901,Mr,PAPPU RAI,10010,,C,G,,SRV,WRK,,,,,,,,,,,3157,,5503143,,M,,,,,,,,,,186800-1300001411,,,L1,,,,,,,,,,,,,,,,,,,,UDF
902,AMUV,20902,Mr,SANJAY GUPTA,10011,,C,G,,SRV,WRK,,,,,,,,,,,6424,,5503665,,M,,,,,,,,,,186800-1300001448,,,L1,KAILASH CHD  GUPTA,,,,,,,,,,,,,,,,,,,UDF
903,AMUV,20903,Mr,OM PRAKSH BHARDWAJ,10012,,C,G,,SRV,WRK,,,,,,,,,,,7486,,8382616,,M,,,,,,,,,,186800-1300001633,,,L1,SHYAM DEV BHARDWAJ,,,,,,,,,,,,,,,,,,,UDF
904,AMUV,20904,Mr,NARENDER MISHRA,10013,,C,G,,SRV,WRK,,,,,,,,,,,10267,,,,M,,,,,,,,,,,,,L1,JATA SHANKAR MISGRA,,,,,,,,,,,,,,,,,,,UDF
905,AMUV,20905,Mr,RAJ KUMAR,10014,,C,G,,SRV,WRK,,,,,,,,,,,10270,,,,M,,,,,,,,,,,,,L1,RAMA SHANKAR,,,,,,,,,,,,,,,,,,,UDF
906,AMUV,20906,Mr,SUNITA DEVI,10015,,C,G,,SRV,WRK,,,,,,,,,,,10266,,,,M,,,,,,,,,,,,,L1,LALLAN YADAV,,,,,,,,,,,,,,,,,,,UDF
907,AMUV,20907,Mr,RAJU PRAJAPATI,10016,,C,G,,SRV,WRK,,,,,,,,,,,10271,,,,M,,,,,,,,,,,,,L1,KASHI NATH,,,,,,,,,,,,,,,,,,,UDF
908,AMUV,20908,Mr,SURAJ KUMAR,10017,,C,G,,SRV,WRK,,,,,,,,,,,10265,,,,M,,,,,,,,,,,,,L1,BACHAULA SRIVASTAV,,,,,,,,,,,,,,,,,,,UDF
909,AMUV,20909,Mr,SURENDER KR,10018,,C,G,,SRV,WRK,,,,,,,,,,,10263,,,,M,,,,,,,,,,,,,L1,PHOOL CHD  PRASAD,,,,,,,,,,,,,,,,,,,UDF
910,AMUV,20910,Mr,LAL MAN,10019,,C,G,,SRV,WRK,,,,,,,,,,,10264,,,,M,,,,,,,,,,,,,L1,DURGA PRASAD,,,,,,,,,,,,,,,,,,,UDF
911,AMUV,20911,Mr,MD  AYUB ,10020,,C,G,,SRV,WRK,,,,,,,,,,,10262,,,,M,,,,,,,,,,,,,L1,MD  ABBAS,,,,,,,,,,,,,,,,,,,UDF
912,AMUV,20912,Mr,MUNAWAR ALI,10021,,C,G,,SRV,WRK,,,,,,,,,,,10269,,,,M,,,,,,,,,,,,,L1,ABDUL JABBAR,,,,,,,,,,,,,,,,,,,UDF
913,AMUV,20913,Mr,RAM LAWAT,10022,,C,G,,SRV,WRK,,,,,,,,,,,10261,,,,M,,,,,,,,,,,,,L1,BHAJAI,,,,,,,,,,,,,,,,,,,UDF
914,AMUV,20914,Mr,VISHWAJEET TIWARI,10023,,C,G,,SRV,WRK,,,,,,,,,,,,,,,M,,,,,,,,,,,,,L1,,,,,,,,,,,,,,,,,,,,UDF
915,AMUV,20915,Mr,DHARMENDRA KUMAR,10024,,C,G,,SRV,WRK,,,,,,,,,,,,,,,M,,,,,,,,,,,,,L1,,,,,,,,,,,,,,,,,,,,UDF
916,AMUV,20916,Mr,AJAY PANDEY,10025,,C,G,,SRV,WRK,,,,,,,,,,,,,,,M,,,,,,,,,,,,,L1,,,,,,,,,,,,,,,,,,,,UDF
917,AMUV,20917,Mr,RAMESH MORIYA,10026,,C,G,,SRV,WRK,,,,,,,,,,,,,,,M,,,,,,,,,,,,,L1,,,,,,,,,,,,,,,,,,,,UDF
918,AMUV,20918,Mr,ANURADHA DEVI,10027,,C,G,,SRV,WRK,,,,,,,,,,,,,,,M,,,,,,,,,,,,,L1,,,,,,,,,,,,,,,,,,,,UDF
919,AMUV,20919,Mr,SANTOSH JAYSWAL,10028,,C,G,,SRV,WRK,,,,,,,,,,,,,,,M,,,,,,,,,,,,,L1,,,,,,,,,,,,,,,,,,,,UDF
920,AMUV,20920,Mr,SANJAY YADAV,10029,,C,G,,SRV,WRK,,,,,,,,,,,,,,,M,,,,,,,,,,,,,L1,,,,,,,,,,,,,,,,,,,,UDF
921,AMUV,20921,Mr,SATISH SHARMA,10030,,C,G,,SRV,WRK,,,,,,,,,,,,,,,M,,,,,,,,,,,,,L1,,,,,,,,,,,,,,,,,,,,UDF
922,AMUV,20922,Mr,SANJAY KUMAR,10031,,C,G,,SRV,WRK,,,,,,,,,,,,,,,M,,,,,,,,,,,,,L1,,,,,,,,,,,,,,,,,,,,UDF
923,AMUG,20923,Mr,RAM SEWAK,10001,,C,G,,SRV,WRK,,,,,,,,,,,9308,,5923274,,M,,,,,,,,,,,,,L1,,,,,,,,,,,,,,,,,,,,UDF
924,AMUG,20924,Mr,DURGESH KR SRIVASTAVA,10002,,C,G,,SRV,WRK,,,,,,,,,,,9309,,5923256,,M,,,,,,,,,,,,,L1,,,,,,,,,,,,,,,,,,,,UDF
925,AMUG,20925,Mr,SNEHA SHRIVASTAV,10003,,C,G,,SRV,WRK,,,,,,,,,,,9310,,,,M,,,,,,,,,,,,,L1,,,,,,,,,,,,,,,,,,,,UDF
926,AMUG,20926,Mr,UMESH  YADAV,10004,,C,G,,SRV,WRK,,,,,,,,,,,9312,,5923265,,M,,,,,,,,,,,,,L1,,,,,,,,,,,,,,,,,,,,UDF
927,AMUG,20927,Mr,RAMESH KR GAUR,10005,,C,G,,SRV,WRK,,,,,,,,,,,9313,,5923272,,M,,,,,,,,,,,,,L1,,,,,,,,,,,,,,,,,,,,UDF
928,AMUG,20928,Mr,BASANT UPADHAYA,10006,,C,G,,SRV,WRK,,,,,,,,,,,9314,,5923263,,M,,,,,,,,,,,,,L1,,,,,,,,,,,,,,,,,,,,UDF
929,AMUG,20929,Mr,ASHOK KR SINGH,10007,,C,G,,SRV,WRK,,,,,,,,,,,9315,,5923273,,M,,,,,,,,,,,,,L1,,,,,,,,,,,,,,,,,,,,UDF
930,AMUG,20930,Mr,UPENDER KUMAR,10008,,C,G,,SRV,WRK,,,,,,,,,,,9316,,5923271,,M,,,,,,,,,,,,,L1,,,,,,,,,,,,,,,,,,,,UDF
931,AMUG,20931,Mr,BOOP SINGH,10009,,C,G,,SRV,WRK,,,,,,,,,,,9317,,5923266,,M,,,,,,,,,,,,,L1,,,,,,,,,,,,,,,,,,,,UDF
932,AMUG,20932,Mr,SURESH KR CHAUDHARY,10010,,C,G,,SRV,WRK,,,,,,,,,,,9318,,5923268,,M,,,,,,,,,,,,,L1,,,,,,,,,,,,,,,,,,,,UDF
933,AMUG,20933,Mr,SUBASH,10011,,C,G,,SRV,WRK,,,,,,,,,,,9319,,5923269,,M,,,,,,,,,,,,,L1,,,,,,,,,,,,,,,,,,,,UDF
934,AMUG,20934,Mr,SARVDEO CHAUHAN,10012,,C,G,,SRV,WRK,,,,,,,,,,,9320,,5923264,,M,,,,,,,,,,,,,L1,,,,,,,,,,,,,,,,,,,,UDF
935,AMUG,20935,Mr,PRAMOD SHAYA PANDEY,10013,,C,G,,SRV,WRK,,,,,,,,,,,9321,,5923270,,M,,,,,,,,,,,,,L1,,,,,,,,,,,,,,,,,,,,UDF
936,AMUG,20936,Mr,RAJESHWAR YADAV,10014,,C,G,,SRV,WRK,,,,,,,,,,,9322,,5923267,,M,,,,,,,,,,,,,L1,,,,,,,,,,,,,,,,,,,,UDF
937,AMUG,20937,Mr,RAMESH KUMAR,10015,,C,G,,SRV,WRK,,,,,,,,,,,9323,,5923262,,M,,,,,,,,,,,,,L1,,,,,,,,,,,,,,,,,,,,UDF
938,AMUG,20938,Mr,DAYA RAM YADAV,10016,,C,G,,SRV,WRK,,,,,,,,,,,9324,,5923261,,M,,,,,,,,,,,,,L1,,,,,,,,,,,,,,,,,,,,UDF
939,AMUG,20939,Mr,RAMESH KR YADAV,10017,,C,G,,SRV,WRK,,,,,,,,,,,9325,,5925318,,M,,,,,,,,,,,,,L1,RAM ITRAJ YADAV,,,,,,,,,,,,,,,,,,,UDF
940,AMUG,20940,Mr,SAMBHU NATH,10018,,C,G,,SRV,WRK,,,,,,,,,,,,,,,M,,,,,,,,,,,,,L1,,,,,,,,,,,,,,,,,,,,UDF
941,AMUG,20941,Mr,HIRDAY NARAYAN MISHRA,10019,,C,G,,SRV,WRK,,,,,,,,,,,10035,,5930211,,M,,,,,,,,,,,,,L1,,,,,,,,,,,,,,,,,,,,UDF
942,AMUG,20942,Mr,RAVI KUMAR MEHTA,10020,,C,G,,SRV,WRK,,,,,,,,,,,,,,,M,,,,,,,,,,,,,L1,,,,,,,,,,,,,,,,,,,,UDF
943,AMUHH,20943,Mr,MADAN CHAND PANDEY,10001,,C,G,,SRV,SUP,,,,,,,,,,,,,,,M,,,,,,,,,,,,,L1,,,,,,,,,,,,,,,,,,,,UDF
944,AMUHH,20944,Mr,JONY GAUTAM,10002,,C,G,,SRV,HP,,,,,,,,,,,,,,,M,,,,,,,,,,,,,L1,,,,,,,,,,,,,,,,,,,,UDF
945,AMUHH,20945,Mr,DEEPAK,10003,,C,G,,SRV,HP,,,,,,,,,,,,,,,M,,,,,,,,,,,,,L1,,,,,,,,,,,,,,,,,,,,UDF
946,AMUHH,20946,Mr,ANIL KUMAR,10004,,C,G,,SRV,HP,,,,,,,,,,,,,,,M,,,,,,,,,,,,,L1,,,,,,,,,,,,,,,,,,,,UDF
947,AMUHH,20947,Mr,ASHOK KUMAR,10005,,C,G,,SRV,HP,,,,,,,,,,,,,,,M,,,,,,,,,,,,,L1,,,,,,,,,,,,,,,,,,,,UDF
948,AMUHH,20948,Mr,DINESH JOSHI,10006,,C,G,,SRV,HP,,,,,,,,,,,,,,,M,,,,,,,,,,,,,L1,,,,,,,,,,,,,,,,,,,,UDF
949,AMUHH,20949,Mr,MOHAN SINGH,10007,,C,G,,SRV,HP,,,,,,,,,,,,,,,M,,,,,,,,,,,,,L1,,,,,,,,,,,,,,,,,,,,UDF
950,AMUHH,20950,Mr,LAXMAN SINGH,10008,,C,G,,SRV,HP,,,,,,,,,,,,,,,M,,,,,,,,,,,,,L1,,,,,,,,,,,,,,,,,,,,UDF