MSEGZB,Sep,Mr.L.K.SHARMA,10001,MSEGZB/10001,30,0
MSEGZB,Sep,Mr.Amar Nath Sharma,10002,MSEGZB/10002,29.5,0.5
MSEGZB,Sep,Mr.Sadeep Sinha,10003,MSEGZB/10003,29,1
MSEGZB,Sep,Mr. Mukesh Sharma,10004,MSEGZB/10004,26,4
MSEGZB,Sep,Mr. Saurabh,10005,MSEGZB/10005,30,0
MSEGZB,Sep,Mr. Dharmendra Kumar,10006,MSEGZB/10006,30,0
MSEGZB,Sep,Mr. Mahesh Chand,10007,MSEGZB/10007,30,0
MSEGZB,Sep,Mr.Rajeev Gupta,10008,MSEGZB/10008,29.5,0.5
MSEGZB,Sep,Miss Neha Malik,10009,MSEGZB/10009,30,0
MSEGZB,Sep,Mr. Maheshwari,10010,MSEGZB/10010,30,0
MSEGZB,Sep,Mr. Rakesh Bhandari,10011,MSEGZB/10011,30,0
MSEGZB,Sep,Mr. A.K.Chaube,10012,MSEGZB/10012,30,0
MSEGZB,Sep,Mr. Anil Kumar Sailot,10013,MSEGZB/10013,20,10
MSEGZB,Sep,Mr. S.P.Singh,10014,MSEGZB/10014,30,0
MSEGZB,Sep,Mr. Sanjay Gaur,10015,MSEGZB/10015,30,0
MSEGZB,Sep,Miss Neha Goyal,10016,MSEGZB/10016,30,0
MSEGZB,Sep,Mr.Pradeep Singh,10017,MSEGZB/10017,30,0
MSEGZB,Sep,Mr.Jasbir Singh,10018,MSEGZB/10018,30,0
MSEGZB,Sep,Mr.Jagbir Singh,10019,MSEGZB/10019,30,0
MSEGZB,Sep,Mr.S.K.Sharma,10020,MSEGZB/10020,30,0
MSEGZB,Sep,Mr A.K.Taliyan,10021,MSEGZB/10021,30,0
MSEGZB,Sep,Mr.Avtar Singh,10022,MSEGZB/10022,30,0
MSEGZB,Sep,Mr. Sailendra Singh,10023,MSEGZB/10023,21.5,8.5
MSEGZB,Sep,Mr. B.M. Aggarwal,10024,MSEGZB/10024,30,0
MSEGZB,Sep,Mr.Akhilesh Sharma,10025,MSEGZB/10025,30,0
MSEGZB,Sep,Mr. Dushyant,10026,MSEGZB/10026,14,16
MSEGZB,Sep,Mr.Narendra Kumar,10027,MSEGZB/10027,30,0
MSEGZB,Sep,Mr. A.K.Tripati,10028,MSEGZB/10028,30,0
MSEGZB,Sep,Mr. Amit Kumar,10029,MSEGZB/10029,30,0
MSEGZB,Sep,Mr. Sailendra Kumar,10030,MSEGZB/10030,30,0
MSEGZB,Sep,Mr. Karan Veer Bhati,10031,MSEGZB/10031,30,0
MSEGZB,Sep,Mr. Ajay,10032,MSEGZB/10032,30,0
MSEGZB,Sep,Mrs. Chetali Singh,10033,MSEGZB/10033,28,2
MSEGZB,Sep,Mr. Vinod Kumar,10034,MSEGZB/10034,30,0
MSEGZB,Sep,Mr. Manoj Kumar,10035,MSEGZB/10035,30,0
MSEGZB,Sep,Mr. Pappu Singh,10036,MSEGZB/10036,30,0
MSEGZB,Sep,Mr. Manoj Kumar,10037,MSEGZB/10037,12,18
MSEGZB,Sep,Miss Neha Setti,10038,MSEGZB/10038,29,1
MSEGZB,Sep,K.K. SHARMA,10039,MSEGZB/10039,13.5,16.5
