AUPKL,Oct,BHUWAN CHAND,100055,AUPKL/100001,0,31
AUPKL,Oct,VIKASH UPRETI,100056,AUPKL/100002,26,5
AUPKL,Oct,NARESH KUMAR,100057,AUPKL/100003,30,1
AUPKL,Oct,SARVESH KUMAR,100058,AUPKL/100004,31,0
AUPKL,Oct,RAJESH KUMAR,100059,AUPKL/100005,30,1
AUPKL,Oct,MOHAN SINGH,100060,AUPKL/100006,27,4
AUPKL,Oct,HARJINDER SINGH,100061,AUPKL/100007,31,0
AUPKL,Oct,RAMESH KUMAR,100062,AUPKL/100008,31,0
AUPKL,Oct,ASHOK RANA,100063,AUPKL/100009,28,3
AUPKL,Oct,HANS RAJ,100064,AUPKL/100010,6,25
AUPKL,Oct,NOKHI RAM,100065,AUPKL/100011,27,4
AUPKL,Oct,INDER DEEP SINGH,100066,AUPKL/100012,30,1
AUPKL,Oct,RAJ KUMAR,100067,AUPKL/100013,31,0
AUPKL,Oct,RAKESH KUMAR-II,100068,AUPKL/100014,31,0
AUPKL,Oct,DEVINDER SINGH,100069,AUPKL/100015,31,0
AUPKL,Oct,MISS ARCHANA RAWAT,100070,AUPKL/100016,26,5
AUPKL,Oct,RAJESH KUMAR-II,100071,AUPKL/100017,31,0
AUPKL,Oct,DHANPAT RAM,100072,AUPKL/100018,31,0
AUPKL,Oct,MANGAT RAM,100073,AUPKL/100019,31,0
AUPKL,Oct,RAM BALI,100074,AUPKL/100020,18,13
AUPKL,Oct,VISHAN SINGH,100075,AUPKL/100021,31,0
AUPKL,Oct,JASWINDER SINGH,100076,AUPKL/100022,30,1
AUPKL,Oct,JAGAT RAM,100077,AUPKL/100023,31,0
AUPKL,Oct,PREETAM KUMAR,100078,AUPKL/100024,31,0
AUPKL,Oct,PRAVEEN KR,100079,AUPKL/100025,31,0
AUPKL,Oct,LALOO PD.,100080,AUPKL/100026,31,0
AUPKL,Oct,RAVI KUMAR,100081,AUPKL/100027,31,0
AUPKL,Oct,INDER SINGH,100082,AUPKL/100028,29,2
AUPKL,Oct,KARAN ,100083,AUPKL/100029,31,0
