SL NO,Customer Id,Employee Id,Name Initial,Emp Name,Emp Track Id,Emp Short Name,Emp Type,Emp Category,Reporting Head,Department,Position,DOJ,DOR,Ph No,Email,Building Id,Floor No,Marrital Status,PAN Ind,PAN No,EPF Ind,EPF No,ESI Ind,ESI No,NSS No,Gender,DOB,Birth City,Relative Name,Relation Type,Applicant Id,Barcode No,Banker Code,Salary Mode,Bank Name For Salary,Bank Account No,Salary Mode,Paycard No,Level,Father Name,Mother Name,Spouse Name,PF Nominee1,PF Nominee2,ESI Nominee1,ESI Nominee2,% of PF Nominee1,% of PF Nominee2,% of ESI Nominee1,% of ESI Nominee2,Address,City,State,Pin,Address,City,State,Pin,ESI Hospitel Name
952,FIEH5,200952,MR,PRABHAT SHAH,UDF,,C,G,,SRV,SO,,,,,,,,,,,,,,,M,,,,,,,,,,,,,L1,,,,,,,,,,,,,,,,,,,,UDF
953,FIEH5,200953,MR,SOMENDER SINGH,UDF,,C,G,,SRV,SEC,,,,,,,,,,,,,,,M,,,,,,,,,,,,,L1,,,,,,,,,,,,,,,,,,,,UDF
954,FIEH5,200954,MR,GYAN CHAND,UDF,,C,G,,SRV,SEC,,,,,,,,,,,,,,,M,,,,,,,,,,,,,L1,,,,,,,,,,,,,,,,,,,,UDF
955,FIEH5,200955,MR,SHEH NARAYAN,UDF,,C,G,,SRV,SEC,,,,,,,,,,,,,,,M,,,,,,,,,,,,,L1,,,,,,,,,,,,,,,,,,,,UDF
956,FIEH5,200956,MR,AMIT KUMAR,UDF,,C,G,,SRV,SEC,,,,,,,,,,,,,,,M,,,,,,,,,,,,,L1,,,,,,,,,,,,,,,,,,,,UDF
957,FIEH5,200957,MR,P LAXAMI,UDF,,C,G,,SRV,LG,,,,,,,,,,,,,,,M,,,,,,,,,,,,,L1,,,,,,,,,,,,,,,,,,,,UDF
958,FIEH3,200958,MR,RAKESH SINGH,UDF,,C,G,,SRV,SO,,,,,,,,,,,,,,,M,,,,,,,,,,,,,L1,RAM PRASAD,,,,,,,,,,,,,,,,,,,UDF
959,FIEH3,200959,MR,JANESHWAR,UDF,,C,G,,SRV,SO,,,,,,,,,,,,,,,M,,,,,,,,,,,,,L1,PHOOL SINGH,,,,,,,,,,,,,,,,,,,UDF
960,FIEH3,200960,MR,SHASHI PRASHAD,UDF,,C,G,,SRV,SO,,,,,,,,,,,,,,,M,,,,,,,,,,,,,L1,JAGAN PRASHAD,,,,,,,,,,,,,,,,,,,UDF
961,FIEH3,200961,MR,SHRI KANT PANDEY,UDF,,C,G,,SRV,SEC,,,,,,,,,,,,,,,M,,,,,,,,,,,,,L1,,,,,,,,,,,,,,,,,,,,UDF
962,FIEH3,200962,MR,SHOUB AHMAD KHAN,UDF,,C,G,,SRV,SEC,,,,,,,,,,,,,,,M,,,,,,,,,,,,,L1,,,,,,,,,,,,,,,,,,,,UDF
963,FIEH3,200963,MR,SULTAN AHMAD,UDF,,C,G,,SRV,SEC,,,,,,,,,,,,,,,M,,,,,,,,,,,,,L1,,,,,,,,,,,,,,,,,,,,UDF
964,FIEH3,200964,MR,AMJAD ALI,UDF,,C,G,,SRV,SEC,,,,,,,,,,,,,,,M,,,,,,,,,,,,,L1,,,,,,,,,,,,,,,,,,,,UDF
965,FIEH3,200965,MR,JAGESHWAR YADAV,UDF,,C,G,,SRV,SEC,,,,,,,,,,,,,,,M,,,,,,,,,,,,,L1,,,,,,,,,,,,,,,,,,,,UDF
966,FIEH3,200966,MR,MAHENDRA RAI,UDF,,C,G,,SRV,SEC,,,,,,,,,,,,,,,M,,,,,,,,,,,,,L1,,,,,,,,,,,,,,,,,,,,UDF
967,FIEH3,200967,MR,LAL BAHADUR,UDF,,C,G,,SRV,SEC,,,,,,,,,,,,,,,M,,,,,,,,,,,,,L1,,,,,,,,,,,,,,,,,,,,UDF
968,FIEIP,200968,MR,SITA RAM,UDF,,C,G,,SRV,WRK,,,,,,,,,,,,,13-1312990412,,M,,,,,,,,,,,,,L1,BHAGWAN PRSAD,,,,,,,,,,,,,,,,,,,UDF
969,FIEIP,200969,MR,MUSABBIR,UDF,,C,G,,SRV,WRK,,,,,,,,,,,,,13-131299407,,M,,,,,,,,,,,,,L1,SADDIQ,,,,,,,,,,,,,,,,,,,UDF
970,FIEIP,200970,MR,JANG BAHADUR,UDF,,C,G,,SRV,WRK,,,,,,,,,,,,,,,M,,,,,,,,,,,,,L1,SHAR BHADUR,,,,,,,,,,,,,,,,,,,UDF
971,FIEIP,200971,MR,GOPAL,UDF,,C,G,,SRV,WRK,,,,,,,,,,,,,13-1312990404,,M,,,,,,,,,,,,,L1,HARIPAL  RAJBAR,,,,,,,,,,,,,,,,,,,UDF
972,FIEIP,200972,MR,MUDDASIR,UDF,,C,G,,SRV,WRK,,,,,,,,,,,,,13-1312990406,,M,,,,,,,,,,,,,L1,SADDIQ,,,,,,,,,,,,,,,,,,,UDF
973,FIEIP,200973,MR,BABBU,UDF,,C,G,,SRV,WRK,,,,,,,,,,,,,13-1312990401,,M,,,,,,,,,,,,,L1,SADDIQ,,,,,,,,,,,,,,,,,,,UDF
974,FIEIP,200974,MR,GABBER,UDF,,C,G,,SRV,WRK,,,,,,,,,,,,,13-1312990403,,M,,,,,,,,,,,,,L1,SADDIQ,,,,,,,,,,,,,,,,,,,UDF
975,FIEIP,200975,MR,SANTOSH,UDF,,C,G,,SRV,WRK,,,,,,,,,,,,,13-1312990411,,M,,,,,,,,,,,,,L1,BHARTRAJBAR,,,,,,,,,,,,,,,,,,,UDF
976,FIEIP,200976,MR,IRFAN,UDF,,C,G,,SRV,WRK,,,,,,,,,,,,,,,M,,,,,,,,,,,,,L1,,,,,,,,,,,,,,,,,,,,UDF
977,FIEIP,200977,MR,IRSAD,UDF,,C,G,,SRV,WRK,,,,,,,,,,,,,,,M,,,,,,,,,,,,,L1,,,,,,,,,,,,,,,,,,,,UDF
978,FIEIP,200978,MR,SAJJAN,UDF,,C,G,,SRV,WRK,,,,,,,,,,,,,,,M,,,,,,,,,,,,,L1,,,,,,,,,,,,,,,,,,,,UDF
979,FIEIP,200979,MR,ISRAR,UDF,,C,G,,SRV,WRK,,,,,,,,,,,,,,,M,,,,,,,,,,,,,L1,,,,,,,,,,,,,,,,,,,,UDF
980,HTIL,200980,MR,MANOJ KUMAR SINGH-II,UDF,,C,G,,SRV,WRK,,,,,,,,,,,415,,8078897,,M,,,,,,,,,,,,,L1,KAMALDEV SINGH,,,,,,,,,,,,,,,,,,,UDF
981,HTIL,200981,MR,RAJ NATH SINGH,UDF,,C,G,,SRV,WRK,,,,,,,,,,,420,,8079046,,M,,,,,,,,,,,,,L1,KATWAROO PRASHAD,,,,,,,,,,,,,,,,,,,UDF
982,HTIL,200982,MR,Sirajuddin,UDF,,C,G,,SRV,WRK,,,,,,,,,,,423,,8233320,,M,,,,,,,,,,,,,L1,HAKIM ALI,,,,,,,,,,,,,,,,,,,UDF
983,HTIL,200983,MR,SHIV SHANKAR KUWAR,UDF,,C,G,,SRV,WRK,,,,,,,,,,,426,,7968715,,M,,,,,,,,,,,,,L1,ABKUWAR,,,,,,,,,,,,,,,,,,,UDF
984,HTIL,200984,MR,BALI RAM SINGH,UDF,,C,G,,SRV,WRK,,,,,,,,,,,429,,8078864,,M,,,,,,,,,,,,,L1,MANGRU SINGH,,,,,,,,,,,,,,,,,,,UDF
985,HTIL,200985,MR,Ram Jeet Yadav,UDF,,C,G,,SRV,WRK,,,,,,,,,,,430,,7964885,,M,,,,,,,,,,,,,L1,BRIJ LAL YADAV,,,,,,,,,,,,,,,,,,,UDF
986,HTIL,200986,MR,TARA KANT JHA,UDF,,C,G,,SRV,WRK,,,,,,,,,,,567,,8080664,,M,,,,,,,,,,,,,L1,KAILASH PRASHAD,,,,,,,,,,,,,,,,,,,UDF
987,HTIL,200987,MR,VIDYA SAGAR PRASAD,UDF,,C,G,,SRV,WRK,,,,,,,,,,,613,,8077807,,M,,,,,,,,,,,,,L1,DEV KUMAR,,,,,,,,,,,,,,,,,,,UDF
988,HTIL,200988,MR,BHARAT YADAV,UDF,,C,G,,SRV,WRK,,,,,,,,,,,874,,8079043,,M,,,,,,,,,,,,,L1,DNYADAV,,,,,,,,,,,,,,,,,,,UDF
989,HTIL,200989,MR,MITHLESH-I,UDF,,C,G,,SRV,WRK,,,,,,,,,,,950,,7910816,,M,,,,,,,,,,,,,L1,RAM JANAM SINGH,,,,,,,,,,,,,,,,,,,UDF
990,HTIL,200990,MR,SANTOSH PRASAD,UDF,,C,G,,SRV,WRK,,,,,,,,,,,952,,8233563,,M,,,,,,,,,,,,,L1,INDAL MANI PRASHAD,,,,,,,,,,,,,,,,,,,UDF
991,HTIL,200991,MR,KRISHNA SINGH,UDF,,C,G,,SRV,WRK,,,,,,,,,,,1174,,,,M,,,,,,,,,,,,,L1,KAWAL DEV SINGH,,,,,,,,,,,,,,,,,,,UDF
992,HTIL,200992,MR,ARVIND BAJPAYEE,UDF,,C,G,,SRV,WRK,,,,,,,,,,,1224,,8339213,,M,,,,,,,,,,,,,L1,RAGAV RAM BAJPAI,,,,,,,,,,,,,,,,,,,UDF
993,HTIL,200993,MR,DHURENDER SINGH,UDF,,C,G,,SRV,WRK,,,,,,,,,,,1473,,8241293,,M,,,,,,,,,,,,,L1,MOHAN PAL SINGH,,,,,,,,,,,,,,,,,,,UDF
994,HTIL,200994,MR,JAY PAL SINGH,UDF,,C,G,,SRV,WRK,,,,,,,,,,,3014,,8622133,,M,,,,,,,,,,,,,L1,PREM SINGH,,,,,,,,,,,,,,,,,,,UDF
995,HTIL,200995,MR,OM PRAKASH SHARMA,UDF,,C,G,,SRV,WRK,,,,,,,,,,,3162,,9229027,,M,,,,,,,,,,,,,L1,RAM CHANDER SHARMA,,,,,,,,,,,,,,,,,,,UDF
996,HTIL,200996,MR,MUNIVB KUMAR,UDF,,C,G,,SRV,WRK,,,,,,,,,,,3222,,8629704,,M,,,,,,,,,,,,,L1,BHANU PRA,,,,,,,,,,,,,,,,,,,UDF
997,HTIL,200997,MR,MITHILESH -II,UDF,,C,G,,SRV,WRK,,,,,,,,,,,,,8233564,,M,,,,,,,,,,,,,L1,MK SINGH,,,,,,,,,,,,,,,,,,,UDF
998,HTIL,200998,MR,DHARMENDRA SAH,UDF,,C,G,,SRV,WRK,,,,,,,,,,,,,8423783,,M,,,,,,,,,,,,,L1,BHOLA SHAH,,,,,,,,,,,,,,,,,,,UDF
999,HTIL,200999,MR,RANJEET MISHRA,UDF,,C,G,,SRV,WRK,,,,,,,,,,,,,8078859,,M,,,,,,,,,,,,,L1,MAHA CHAND,,,,,,,,,,,,,,,,,,,UDF
1000,HTIL,201000,MR,SHAMBHU PRASHAD,UDF,,C,G,,SRV,WRK,,,,,,,,,,,,,8613203,,M,,,,,,,,,,,,,L1,BABAN PRASAD,,,,,,,,,,,,,,,,,,,UDF
1001,HTIL,201001,MR,AWDHESH BAJPAI,UDF,,C,G,,SRV,WRK,,,,,,,,,,,,,8625790,,M,,,,,,,,,,,,,L1,RAM SAGAR BAJPAI,,,,,,,,,,,,,,,,,,,UDF
1002,HTIL,201002,MR,SATENDER PANDEY,UDF,,C,G,,SRV,WRK,,,,,,,,,,,,,9229019,,M,,,,,,,,,,,,,L1,RAGHUNATH PANDEY,,,,,,,,,,,,,,,,,,,UDF
1003,HTIL,201003,MR,RAVI RANJAN SINGH,UDF,,C,G,,SRV,WRK,,,,,,,,,,,,,,,M,,,,,,,,,,,,,L1,MITHLESH SINGH,,,,,,,,,,,,,,,,,,,UDF
1004,HTIL,201004,MR,ASHOK PRASAD,UDF,,C,G,,SRV,WRK,,,,,,,,,,,,,,,M,,,,,,,,,,,,,L1,VIJAY PRASAD,,,,,,,,,,,,,,,,,,,UDF
1005,HTIL,201005,MR,DEVENDER KUMAR,UDF,,C,G,,SRV,WRK,,,,,,,,,,,,,8077816,,M,,,,,,,,,,,,,L1,BHOLA SHAH,,,,,,,,,,,,,,,,,,,UDF
1006,HTIL,201006,MR,ASHOK KUMAR PRASAD,UDF,,C,G,,SRV,WRK,,,,,,,,,,,,,,,M,,,,,,,,,,,,,L1,AMAR NATH,,,,,,,,,,,,,,,,,,,UDF
1007,HTIL,201007,MR,SANNA LAL PARJAPATI,UDF,,C,G,,SRV,WRK,,,,,,,,,,,,,,,M,,,,,,,,,,,,,L1,,,,,,,,,,,,,,,,,,,,UDF
1008,HTIL,201008,MR,RAJ KUMAR,UDF,,C,G,,SRV,WRK,,,,,,,,,,,445,,8429451,,M,,,,,,,,,,,,,L1,BRAHMJIT SINGH,,,,,,,,,,,,,,,,,,,UDF
1009,HTIL,201009,MR,DHARMENDER,UDF,,C,G,,SRV,WRK,,,,,,,,,,,,,8615821,,M,,,,,,,,,,,,,L1,NANAK CHAND,,,,,,,,,,,,,,,,,,,UDF
1010,HTIL,201010,MR,SATISH SINGH,UDF,,C,G,,SRV,WRK,,,,,,,,,,,447,,8078862,,M,,,,,,,,,,,,,L1,NANAK CHAND,,,,,,,,,,,,,,,,,,,UDF
1011,HTIL,201011,MR,RAMVEER SINGH,UDF,,C,G,,SRV,WRK,,,,,,,,,,,670,,8626228,,M,,,,,,,,,,,,,L1,MAHENDER SINGH,,,,,,,,,,,,,,,,,,,UDF
1012,HTIL,201012,MR,BOBBY,UDF,,C,G,,SRV,WRK,,,,,,,,,,,,,8429129,,M,,,,,,,,,,,,,L1,CPAL SINGH,,,,,,,,,,,,,,,,,,,UDF
1013,HTIL,201013,MR,RAJESH KUMAR,UDF,,C,G,,SRV,WRK,,,,,,,,,,,3146,,8626229,,M,,,,,,,,,,,,,L1,SOM PAL SINGH,,,,,,,,,,,,,,,,,,,UDF
1014,HTIL,201014,MR,RAM KISHORE,UDF,,C,G,,SRV,WRK,,,,,,,,,,,3306,,9229021,,M,,,,,,,,,,,,,L1,NANAK CHAND,,,,,,,,,,,,,,,,,,,UDF
1015,HTIL,201015,MR,VINOD MAVATA,UDF,,C,G,,SRV,WRK,,,,,,,,,,,,,9229028,,M,,,,,,,,,,,,,L1,RAVI KUMAR,,,,,,,,,,,,,,,,,,,UDF
1016,HTIL,201016,MR,DEVENDRA ,UDF,,C,G,,SRV,WRK,,,,,,,,,,,1257,,8342128,,M,,,,,,,,,,,,,L1,RAGUBAR SINGH,,,,,,,,,,,,,,,,,,,UDF
1017,HTIL,201017,MR,RANJEET SINGH,UDF,,C,G,,SRV,WRK,,,,,,,,,,,3161,,8628358,,M,,,,,,,,,,,,,L1,RAJVEER SINGH,,,,,,,,,,,,,,,,,,,UDF
1018,HTIL,201018,MR,SURENDER SINGH,UDF,,C,G,,SRV,WRK,,,,,,,,,,,1226,,8422985,,M,,,,,,,,,,,,,L1,CPAL SINGH,,,,,,,,,,,,,,,,,,,UDF
1019,HTIL,201019,MR,RAVINDER (M),UDF,,C,G,,SRV,WRK,,,,,,,,,,,,,9228539,,M,,,,,,,,,,,,,L1,RAVI KARAN SINGH,,,,,,,,,,,,,,,,,,,UDF
1020,HTIL,201020,MR,SANT RAM ( MALI),UDF,,C,G,,SRV,WRK,,,,,,,,,,,,,,,M,,,,,,,,,,,,,L1,JILE RAM,,,,,,,,,,,,,,,,,,,UDF
1021,HTIL,201021,MR,PAWAN KUMAR,UDF,,C,G,,SRV,WRK,,,,,,,,,,,,,9229030,,M,,,,,,,,,,,,,L1,MEHAR CHANDAR,,,,,,,,,,,,,,,,,,,UDF
1022,HTIL,201022,MR,AMIT KUMAR ,UDF,,C,G,,SRV,WRK,,,,,,,,,,,,,9229143,,M,,,,,,,,,,,,,L1,SAMAY SINGH,,,,,,,,,,,,,,,,,,,UDF
1023,HTIL,201023,MR,YOGENDER KUMAR,UDF,,C,G,,SRV,WRK,,,,,,,,,,,,,9229022,,M,,,,,,,,,,,,,L1,VIJAY KUMAR,,,,,,,,,,,,,,,,,,,UDF
1024,HTIL,201024,MR,DEEPAK KUMAR,UDF,,C,G,,SRV,WRK,,,,,,,,,,,,,,,M,,,,,,,,,,,,,L1,RAJU SINGH,,,,,,,,,,,,,,,,,,,UDF
1025,HTIL,201025,MR,BRIJ MOHAN,UDF,,C,G,,SRV,WRK,,,,,,,,,,,1202,,8339941,,M,,,,,,,,,,,,,L1,PRABHU KUMAR,,,,,,,,,,,,,,,,,,,UDF
1026,HTIL,201026,MR,MANOJ KUMAR YADAV,UDF,,C,G,,SRV,WRK,,,,,,,,,,,455,,8078870,,M,,,,,,,,,,,,,L1,RV YADAV,,,,,,,,,,,,,,,,,,,UDF
1027,HTIL,201027,MR,RAVINDER SINGH,UDF,,C,G,,SRV,WRK,,,,,,,,,,,456,,8424423,,M,,,,,,,,,,,,,L1,RIKH SINGH,,,,,,,,,,,,,,,,,,,UDF
1028,HTIL,201028,MR,RAVINDER YADAV,UDF,,C,G,,SRV,WRK,,,,,,,,,,,459,,8424425,,M,,,,,,,,,,,,,L1,SIPAHI YADAV,,,,,,,,,,,,,,,,,,,UDF
1029,HTIL,201029,MR,MANOJ PANDIT,UDF,,C,G,,SRV,WRK,,,,,,,,,,,528,,8422424,,M,,,,,,,,,,,,,L1,OP SHARMA,,,,,,,,,,,,,,,,,,,UDF
1030,HTIL,201030,MR,RAM KUMAR,UDF,,C,G,,SRV,WRK,,,,,,,,,,,634,,8426167,,M,,,,,,,,,,,,,L1,HAR PRASAD,,,,,,,,,,,,,,,,,,,UDF
1031,HTIL,201031,MR,SATISH KUMAR,UDF,,C,G,,SRV,WRK,,,,,,,,,,,1163,,8329636,,M,,,,,,,,,,,,,L1,BHAGWATI PRASAD,,,,,,,,,,,,,,,,,,,UDF
1032,HTIL,201032,MR,DEEPAK SHARMA,UDF,,C,G,,SRV,WRK,,,,,,,,,,,,,8899919,,M,,,,,,,,,,,,,L1,SHRIRAM SHARAMA,,,,,,,,,,,,,,,,,,,UDF
1033,HTIL,201033,MR,MONU SINGH,UDF,,C,G,,SRV,WRK,,,,,,,,,,,,,9228535,,M,,,,,,,,,,,,,L1,HUKUM SINGH,,,,,,,,,,,,,,,,,,,UDF
1034,HTIL,201034,MR,VIRENDER SINGH,UDF,,C,G,,SRV,WRK,,,,,,,,,,,,,9226788,,M,,,,,,,,,,,,,L1,DHAN SINGH,,,,,,,,,,,,,,,,,,,UDF
1035,HTIL,201035,MR,NARENDMUNI,UDF,,C,G,,SRV,WRK,,,,,,,,,,,,,,,M,,,,,,,,,,,,,L1,PARSURAM PANDIT,,,,,,,,,,,,,,,,,,,UDF
1036,HTIL,201036,MR,ROHTASH KUMAR-I,UDF,,C,G,,SRV,WRK,,,,,,,,,,,461,,7653127,,M,,,,,,,,,,,,,L1,RL SHARMA,,,,,,,,,,,,,,,,,,,UDF
1037,HTIL,201037,MR,JAGDISH CHAND,UDF,,C,G,,SRV,WRK,,,,,,,,,,,947,,8233309,,M,,,,,,,,,,,,,L1,SHAMBHU NATH,,,,,,,,,,,,,,,,,,,UDF
1038,HTIL,201038,MR,IRSHAD ANSARI,UDF,,C,G,,SRV,WRK,,,,,,,,,,,955,,8233305,,M,,,,,,,,,,,,,L1,ALIM ANSARI,,,,,,,,,,,,,,,,,,,UDF
1039,HTIL,201039,MR,RAVINDER SINGH,UDF,,C,G,,SRV,WRK,,,,,,,,,,,1069,,8238713,,M,,,,,,,,,,,,,L1,RAM PUJAN SINGH,,,,,,,,,,,,,,,,,,,UDF
1040,HTIL,201040,MR,DILEEP RATHOUR,UDF,,C,G,,SRV,WRK,,,,,,,,,,,,,,,M,,,,,,,,,,,,,L1,SHYAM BABU,,,,,,,,,,,,,,,,,,,UDF
1041,HTIL,201041,MR,MITHLESH KR YADAV,UDF,,C,G,,SRV,WRK,,,,,,,,,,,1856,,8427212,,M,,,,,,,,,,,,,L1,RAM NARESH,,,,,,,,,,,,,,,,,,,UDF
1042,HTIL,201042,MR,VERMA KUMAR,UDF,,C,G,,SRV,WRK,,,,,,,,,,,1970,,8999518,,M,,,,,,,,,,,,,L1,PARSHURAM JI,,,,,,,,,,,,,,,,,,,UDF
1043,HTIL,201043,MR,RAJA RAM PANDIT,UDF,,C,G,,SRV,WRK,,,,,,,,,,,,,8615328,,M,,,,,,,,,,,,,L1,RAJA RAM PANDIT,,,,,,,,,,,,,,,,,,,UDF
1044,HTIL,201044,MR,OM KAR NATH,UDF,,C,G,,SRV,WRK,,,,,,,,,,,,,,,M,,,,,,,,,,,,,L1,AWADH BIHARI,,,,,,,,,,,,,,,,,,,UDF
1045,HTIL,201045,MR,SRI RAM PANDIT,UDF,,C,G,,SRV,WRK,,,,,,,,,,,,,8622126,,M,,,,,,,,,,,,,L1,BHIKARI PANDIT,,,,,,,,,,,,,,,,,,,UDF
1046,HTIL,201046,MR,LAXMAN KUMAR (OPT),UDF,,C,G,,SRV,WRK,,,,,,,,,,,935,,8337525,,M,,,,,,,,,,,,,L1,SHIKHARI LAL,,,,,,,,,,,,,,,,,,,UDF
1047,HTIL,201047,MR,RAJ KUMAR SINGH,UDF,,C,G,,SRV,WRK,,,,,,,,,,,1102,,8237531,,M,,,,,,,,,,,,,L1,LAL JI SINGH,,,,,,,,,,,,,,,,,,,UDF
1048,HTIL,201048,MR,BANWARI LAL,UDF,,C,G,,SRV,WRK,,,,,,,,,,,1210,,8339940,,M,,,,,,,,,,,,,L1,LAXMI NARAYAN,,,,,,,,,,,,,,,,,,,UDF
1049,HTIL,201049,MR,SIDHNATH,UDF,,C,G,,SRV,WRK,,,,,,,,,,,1211,,8341396,,M,,,,,,,,,,,,,L1,NITHALI PRASAD,,,,,,,,,,,,,,,,,,,UDF
1050,HTIL,201050,MR,MANU KUMAR YADAV,UDF,,C,G,,SRV,WRK,,,,,,,,,,,1296,,8612730,,M,,,,,,,,,,,,,L1,BASUDAV YADAV,,,,,,,,,,,,,,,,,,,UDF
1051,HTIL,201051,MR,YOGESH KUMAR,UDF,,C,G,,SRV,WRK,,,,,,,,,,,1475,,8078885,,M,,,,,,,,,,,,,L1,RATAN LAL,,,,,,,,,,,,,,,,,,,UDF
1052,HTIL,201052,MR,RANJAN SINGH,UDF,,C,G,,SRV,WRK,,,,,,,,,,,1838,,8033701,,M,,,,,,,,,,,,,L1,SUDHARSHAN SINGH,,,,,,,,,,,,,,,,,,,UDF
1053,HTIL,201053,MR,JITENDER KUMAR-II,UDF,,C,G,,SRV,WRK,,,,,,,,,,,,,8424418,,M,,,,,,,,,,,,,L1,BHAGWATI PRASAD,,,,,,,,,,,,,,,,,,,UDF
1054,HTIL,201054,MR,NAKUL KUMAR,UDF,,C,G,,SRV,WRK,,,,,,,,,,,2679,,8615294,,M,,,,,,,,,,,,,L1,RAM KHELAWAN,,,,,,,,,,,,,,,,,,,UDF
1055,HTIL,201055,MR,RAM NARESH,UDF,,C,G,,SRV,WRK,,,,,,,,,,,2736,,8617025,,M,,,,,,,,,,,,,L1,MADHAW PRASAD,,,,,,,,,,,,,,,,,,,UDF
1056,HTIL,201056,MR,SUJEET KUMAR,UDF,,C,G,,SRV,WRK,,,,,,,,,,,3147,,8896727,,M,,,,,,,,,,,,,L1,KAILASH PRASAD,,,,,,,,,,,,,,,,,,,UDF
1057,HTIL,201057,MR,SURENDER KUMAR,UDF,,C,G,,SRV,WRK,,,,,,,,,,,3150,,8627115,,M,,,,,,,,,,,,,L1,BANWARI LAL,,,,,,,,,,,,,,,,,,,UDF
1058,HTIL,201058,MR,PRABHAT KUMAR,UDF,,C,G,,SRV,WRK,,,,,,,,,,,3166,,8628352,,M,,,,,,,,,,,,,L1,RAMADDIN PRASAD,,,,,,,,,,,,,,,,,,,UDF
1059,HTIL,201059,MR,PRAMOD KUMAR,UDF,,C,G,,SRV,WRK,,,,,,,,,,,3232,,8629705,,M,,,,,,,,,,,,,L1,CHANDER SHAH,,,,,,,,,,,,,,,,,,,UDF
1060,HTIL,201060,MR,SUDHIR PRASAD,UDF,,C,G,,SRV,WRK,,,,,,,,,,,3233,,8991539,,M,,,,,,,,,,,,,L1,ARJUN PRASAD,,,,,,,,,,,,,,,,,,,UDF
1061,HTIL,201061,MR,CHANDRAMANI PRASAD,UDF,,C,G,,SRV,WRK,,,,,,,,,,,3310,,8891023,,M,,,,,,,,,,,,,L1,GANGA PRASAD,,,,,,,,,,,,,,,,,,,UDF
1062,HTIL,201062,MR,SUNIL MISHRA,UDF,,C,G,,SRV,WRK,,,,,,,,,,,3471,,8073072,,M,,,,,,,,,,,,,L1,DEVNARAYN,,,,,,,,,,,,,,,,,,,UDF
1063,HTIL,201063,MR,SANTOSH,UDF,,C,G,,SRV,WRK,,,,,,,,,,,3472,,8896716,,M,,,,,,,,,,,,,L1,INDARDAV PRASAD,,,,,,,,,,,,,,,,,,,UDF
1064,HTIL,201064,MR,AJAY KUMAR,UDF,,C,G,,SRV,WRK,,,,,,,,,,,3546,,9228531,,M,,,,,,,,,,,,,L1,SHTRUGHAN SHAH,,,,,,,,,,,,,,,,,,,UDF
1065,HTIL,201065,MR,JITENDER KUMAR - III,UDF,,C,G,,SRV,WRK,,,,,,,,,,,,,9229020,,M,,,,,,,,,,,,,L1,ANUP KUMAR,,,,,,,,,,,,,,,,,,,UDF
1066,HTIL,201066,MR,KALIM ALI,UDF,,C,G,,SRV,WRK,,,,,,,,,,,,,8612731,,M,,,,,,,,,,,,,L1,JAMALUDDIN,,,,,,,,,,,,,,,,,,,UDF
1067,HTIL,201067,MR,JITENDER YADAV-IV,UDF,,C,G,,SRV,WRK,,,,,,,,,,,,,9225774,,M,,,,,,,,,,,,,L1,ASHOK YADAV,,,,,,,,,,,,,,,,,,,UDF
1068,HTIL,201068,MR,KIRAN KUMAR,UDF,,C,G,,SRV,WRK,,,,,,,,,,,,,8421707,,M,,,,,,,,,,,,,L1,RAGHO PRASAD,,,,,,,,,,,,,,,,,,,UDF
1069,HTIL,201069,MR,SHYAM BABU,UDF,,C,G,,SRV,WRK,,,,,,,,,,,,,8613203,,M,,,,,,,,,,,,,L1,SURAJ YADAV,,,,,,,,,,,,,,,,,,,UDF
1070,HTIL,201070,MR,VINOD KUMAR YADAV,UDF,,C,G,,SRV,WRK,,,,,,,,,,,,,9226784,,M,,,,,,,,,,,,,L1,BACHOO PRASAD YADAV,,,,,,,,,,,,,,,,,,,UDF
1071,HTIL,201071,MR,GUDDU SINGH,UDF,,C,G,,SRV,WRK,,,,,,,,,,,,,8071733,,M,,,,,,,,,,,,,L1,SUGAR SINGH,,,,,,,,,,,,,,,,,,,UDF
1072,HTIL,201072,MR,MAHESH ,UDF,,C,G,,SRV,WRK,,,,,,,,,,,,,8896720,,M,,,,,,,,,,,,,L1,NANAK SINGH,,,,,,,,,,,,,,,,,,,UDF
1073,HTIL,201073,MR,SIKANDER KUMAR,UDF,,C,G,,SRV,WRK,,,,,,,,,,,,,,,M,,,,,,,,,,,,,L1,KEDAR SINGH,,,,,,,,,,,,,,,,,,,UDF
1074,HTIL,201074,MR,VIJAY KUMAR   ,UDF,,C,G,,SRV,WRK,,,,,,,,,,,,,8896725,,M,,,,,,,,,,,,,L1,PREM SWAROOP,,,,,,,,,,,,,,,,,,,UDF
1075,HTIL,201075,MR,ANIRUDDH KUMAR YADAV,UDF,,C,G,,SRV,WRK,,,,,,,,,,,,,9229144,,M,,,,,,,,,,,,,L1,MULESHWAR YADAV,,,,,,,,,,,,,,,,,,,UDF
1076,HTIL,201076,MR,SUSHIL KUMAR,UDF,,C,G,,SRV,WRK,,,,,,,,,,,,,,,M,,,,,,,,,,,,,L1,RAJESH KUMAR,,,,,,,,,,,,,,,,,,,UDF
1077,HTIL,201077,MR,VINEET,UDF,,C,G,,SRV,WRK,,,,,,,,,,,,,8891031,,M,,,,,,,,,,,,,L1,SUVA LAL,,,,,,,,,,,,,,,,,,,UDF
1078,HTIL,201078,MR,RAMJEE MOURYA,UDF,,C,G,,SRV,WRK,,,,,,,,,,,1093,,8440580,,M,,,,,,,,,,,,,L1,PALATAL MOURYA,,,,,,,,,,,,,,,,,,,UDF
1079,HTIL,201079,MR,RADHEY SHYAM,UDF,,C,G,,SRV,WRK,,,,,,,,,,,1462,,8425956,,M,,,,,,,,,,,,,L1,DULICHAND,,,,,,,,,,,,,,,,,,,UDF
1080,HTIL,201080,MR,RAJ KUMAR ,UDF,,C,G,,SRV,WRK,,,,,,,,,,,,,,,M,,,,,,,,,,,,,L1,RAJENDER SINGH,,,,,,,,,,,,,,,,,,,UDF
1081,HTIL,201081,MR,SANJAY THAKUR,UDF,,C,G,,SRV,WRK,,,,,,,,,,,3251,,,,M,,,,,,,,,,,,,L1,JALDHARI THAKUR,,,,,,,,,,,,,,,,,,,UDF
1082,HTIL,201082,MR,OM PRAKASH,UDF,,C,G,,SRV,WRK,,,,,,,,,,,3169,,,,M,,,,,,,,,,,,,L1,RAVUNDER ,,,,,,,,,,,,,,,,,,,UDF
1083,HTIL,201083,MR,PRABHA CHAND,UDF,,C,G,,SRV,WRK,,,,,,,,,,,3311,,,,M,,,,,,,,,,,,,L1,GANGA SAGAR,,,,,,,,,,,,,,,,,,,UDF
1084,HTIL,201084,MR,RAJESH PRASAD,UDF,,C,G,,SRV,WRK,,,,,,,,,,,3550,,,,M,,,,,,,,,,,,,L1,RAM SUNDER PRASHAD,,,,,,,,,,,,,,,,,,,UDF
1085,HTIL,201085,MR,SALIENDER,UDF,,C,G,,SRV,WRK,,,,,,,,,,,,,,,M,,,,,,,,,,,,,L1,KADAR SINGH,,,,,,,,,,,,,,,,,,,UDF
1086,HTIL,201086,MR,SUNIL KUMAR,UDF,,C,G,,SRV,WRK,,,,,,,,,,,,,,,M,,,,,,,,,,,,,L1,AMIR CHAND  ,,,,,,,,,,,,,,,,,,,UDF
1087,HTIL,201087,MR,PADMAN NAYAK,UDF,,C,G,,SRV,WRK,,,,,,,,,,,,,8425955,,M,,,,,,,,,,,,,L1,DIWAKAR NAYAK,,,,,,,,,,,,,,,,,,,UDF
1088,HTIL,201088,MR,DHIRAJ KUMAR PANDEY,UDF,,C,G,,SRV,WRK,,,,,,,,,,,,,9228855,,M,,,,,,,,,,,,,L1,SUDESH PANDEY,,,,,,,,,,,,,,,,,,,UDF
1089,HTIL,201089,MR,JITENDER KUMAR,UDF,,C,G,,SRV,WRK,,,,,,,,,,,,,,,M,,,,,,,,,,,,,L1,LALA PRASAD,,,,,,,,,,,,,,,,,,,UDF
1090,HTIL,201090,MR,GAURI SHANKAR PANDEY,UDF,,C,G,,SRV,WRK,,,,,,,,,,,1899,,,,M,,,,,,,,,,,,,L1,KRIPANATH PANDEY,,,,,,,,,,,,,,,,,,,UDF
1091,HTIL,201091,MR,ASHOK KUMAR,UDF,,C,G,,SRV,WRK,,,,,,,,,,,1965,,8429123,,M,,,,,,,,,,,,,L1,KAILASH CHAND SHARMA,,,,,,,,,,,,,,,,,,,UDF
1092,HTIL,201092,MR,SHRI NATH,UDF,,C,G,,SRV,WRK,,,,,,,,,,,2741,,8615329,,M,,,,,,,,,,,,,L1,KALI CHARAN,,,,,,,,,,,,,,,,,,,UDF
1093,HTIL,201093,MR,DEEPU KUMAR,UDF,,C,G,,SRV,WRK,,,,,,,,,,,3022,,8622128,,M,,,,,,,,,,,,,L1,LAL JI LAL,,,,,,,,,,,,,,,,,,,UDF
1094,HTIL,201094,MR,JAI PAL SINGH,UDF,,C,G,,SRV,WRK,,,,,,,,,,,,,,,M,,,,,,,,,,,,,L1,RAMPAL,,,,,,,,,,,,,,,,,,,UDF
1095,HTIL,201095,MR,SATPAL ,UDF,,C,G,,SRV,WRK,,,,,,,,,,,,,,,M,,,,,,,,,,,,,L1,SHIV KARAN,,,,,,,,,,,,,,,,,,,UDF
1096,HTIL,201096,MR,SINGH RAJ,UDF,,C,G,,SRV,WRK,,,,,,,,,,,,,,,M,,,,,,,,,,,,,L1,HOTI SINGH,,,,,,,,,,,,,,,,,,,UDF
1097,HTIL,201097,MR,AJAY KUMAR,UDF,,C,G,,SRV,WRK,,,,,,,,,,,,,,,M,,,,,,,,,,,,,L1,BANKA LAL DIXIT,,,,,,,,,,,,,,,,,,,UDF
1098,HTIL,201098,MR,JOYOTI RANJAN,UDF,,C,G,,SRV,WRK,,,,,,,,,,,,,,,M,,,,,,,,,,,,,L1,PRABULLA PRADHAN,,,,,,,,,,,,,,,,,,,UDF
1099,HTIL,201099,MR,GAJENDAR,UDF,,C,G,,SRV,WRK,,,,,,,,,,,,,,,M,,,,,,,,,,,,,L1,MANGE RAM,,,,,,,,,,,,,,,,,,,UDF
1100,HTIL,201100,MR,KSHETRA BISTKAR,UDF,,C,G,,SRV,WRK,,,,,,,,,,,1572,,8420301,,M,,,,,,,,,,,,,L1,BHIKHARIER,,,,,,,,,,,,,,,,,,,UDF
1101,HTIL,201101,MR,SUSHIL KUMAR,UDF,,C,G,,SRV,WRK,,,,,,,,,,,3240,,,,M,,,,,,,,,,,,,L1,SHIV KUMAR,,,,,,,,,,,,,,,,,,,UDF
1102,HTIL,201102,MR,JITENDER GOYAL,UDF,,C,G,,SRV,WRK,,,,,,,,,,,476,,,,M,,,,,,,,,,,,,L1,RLGOYAL,,,,,,,,,,,,,,,,,,,UDF
1103,HTIL,201103,MR,CHETAN SWAROOP,UDF,,C,G,,SRV,WRK,,,,,,,,,,,485,,8076890,,M,,,,,,,,,,,,,L1,PP VERMA,,,,,,,,,,,,,,,,,,,UDF
1104,HTIL,201104,MR,GUDDU KR SINGH,UDF,,C,G,,SRV,WRK,,,,,,,,,,,495,,8071733,,M,,,,,,,,,,,,,L1,RAJENDER SINGH,,,,,,,,,,,,,,,,,,,UDF
1105,HTIL,201105,MR,SUNIL KR MISHRA,UDF,,C,G,,SRV,WRK,,,,,,,,,,,542,,8073072,,M,,,,,,,,,,,,,L1,BMISHRA,,,,,,,,,,,,,,,,,,,UDF
1106,HTIL,201106,MR,PUNIL SINGH,UDF,,C,G,,SRV,WRK,,,,,,,,,,,628,,7910313,,M,,,,,,,,,,,,,L1,BABAN SINGH,,,,,,,,,,,,,,,,,,,UDF
1107,HTIL,201107,MR,NEERAJ KR SINGH,UDF,,C,G,,SRV,WRK,,,,,,,,,,,667,,8077810,,M,,,,,,,,,,,,,L1,RAM NAGIN SINGH,,,,,,,,,,,,,,,,,,,UDF
1108,HTIL,201108,MR,SURESH SINGH,UDF,,C,G,,SRV,WRK,,,,,,,,,,,858,,8078566,,M,,,,,,,,,,,,,L1,SUDARSAN SINGH,,,,,,,,,,,,,,,,,,,UDF
1109,HTIL,201109,MR,PANKAJ SHINHA,UDF,,C,G,,SRV,WRK,,,,,,,,,,,886,,8233310,,M,,,,,,,,,,,,,L1,NK SHINHA,,,,,,,,,,,,,,,,,,,UDF
1110,HTIL,201110,MR,PAPPU PATEL,UDF,,C,G,,SRV,WRK,,,,,,,,,,,890,,8232271,,M,,,,,,,,,,,,,L1,BRIJ KISHORE,,,,,,,,,,,,,,,,,,,UDF
1111,HTIL,201111,MR,RAM NAKSHTAR SINGH,UDF,,C,G,,SRV,WRK,,,,,,,,,,,948,,8233319,,M,,,,,,,,,,,,,L1,SURAJ SINGH,,,,,,,,,,,,,,,,,,,UDF
1112,HTIL,201112,MR,BEER BHADUR,UDF,,C,G,,SRV,WRK,,,,,,,,,,,3003,,8240587,,M,,,,,,,,,,,,,L1,KRISHAN SINGH,,,,,,,,,,,,,,,,,,,UDF
1113,HTIL,201113,MR,ANUJ KUMAR,UDF,,C,G,,SRV,WRK,,,,,,,,,,,1177,,8237528,,M,,,,,,,,,,,,,L1,KAWAL DEV SINGH,,,,,,,,,,,,,,,,,,,UDF
1114,HTIL,201114,MR,OM PRAKASH JAISWAL,UDF,,C,G,,SRV,WRK,,,,,,,,,,,1776,,7643839,,M,,,,,,,,,,,,,L1,JAI RAM JAISHAWAL,,,,,,,,,,,,,,,,,,,UDF
1115,HTIL,201115,MR,RAJA RAM-I,UDF,,C,G,,SRV,WRK,,,,,,,,,,,1477,,8423786,,M,,,,,,,,,,,,,L1,DEVENDER ,,,,,,,,,,,,,,,,,,,UDF
1116,HTIL,201116,MR,JITENDER BHARTI,UDF,,C,G,,SRV,WRK,,,,,,,,,,,,,8078857,,M,,,,,,,,,,,,,L1,RK BHARTI,,,,,,,,,,,,,,,,,,,UDF
1117,HTIL,201117,MR,DASAI YADAV,UDF,,C,G,,SRV,WRK,,,,,,,,,,,1978,,8606841,,M,,,,,,,,,,,,,L1,BIHARI  YADAV,,,,,,,,,,,,,,,,,,,UDF
1118,HTIL,201118,MR,RAM CHANDRA SINGH,UDF,,C,G,,SRV,WRK,,,,,,,,,,,3691,,8612729,,M,,,,,,,,,,,,,L1,GOPAL SINGH,,,,,,,,,,,,,,,,,,,UDF
1119,HTIL,201119,MR,ABHAY NARAYAN,UDF,,C,G,,SRV,WRK,,,,,,,,,,,2609,,8613198,,M,,,,,,,,,,,,,L1,AB KUWAR,,,,,,,,,,,,,,,,,,,UDF
1120,HTIL,201120,MR,PARAS KUNWAR,UDF,,C,G,,SRV,WRK,,,,,,,,,,,2611,,8615292,,M,,,,,,,,,,,,,L1,AB KUWAR,,,,,,,,,,,,,,,,,,,UDF
1121,HTIL,201121,MR,MANOJ YADAV,UDF,,C,G,,SRV,WRK,,,,,,,,,,,2823,,,,M,,,,,,,,,,,,,L1,KRISHAN YADAV,,,,,,,,,,,,,,,,,,,UDF
1122,HTIL,201122,MR,BALINDER SINGH,UDF,,C,G,,SRV,WRK,,,,,,,,,,,2894,,8619236,,M,,,,,,,,,,,,,L1,PARASURAM SINGH,,,,,,,,,,,,,,,,,,,UDF
1123,HTIL,201123,MR,INDAL KUWAR,UDF,,C,G,,SRV,WRK,,,,,,,,,,,2374,,8619235,,M,,,,,,,,,,,,,L1,HS KUWAR,,,,,,,,,,,,,,,,,,,UDF
1124,HTIL,201124,MR,TUKANA ALTA,UDF,,C,G,,SRV,WRK,,,,,,,,,,,2897,,8620944,,M,,,,,,,,,,,,,L1,CHANDER ALTA,,,,,,,,,,,,,,,,,,,UDF
1125,HTIL,201125,MR,VIPIN JOSHI,UDF,,C,G,,SRV,WRK,,,,,,,,,,,3009,,8622136,,M,,,,,,,,,,,,,L1,KHEM CHAND,,,,,,,,,,,,,,,,,,,UDF
1126,HTIL,201126,MR,UDAYVEER SHARMA,UDF,,C,G,,SRV,WRK,,,,,,,,,,,3028,,8622131,,M,,,,,,,,,,,,,L1,SHRINIWASH SHARMA,,,,,,,,,,,,,,,,,,,UDF
1127,HTIL,201127,MR,RAJEEV SRIVASTAV,UDF,,C,G,,SRV,WRK,,,,,,,,,,,3029,,,,M,,,,,,,,,,,,,L1,SURENDER PRASAD,,,,,,,,,,,,,,,,,,,UDF
1128,HTIL,201128,MR,ANAND KUMAR - II,UDF,,C,G,,SRV,WRK,,,,,,,,,,,3256,,,,M,,,,,,,,,,,,,L1,PANJABI LAL,,,,,,,,,,,,,,,,,,,UDF
1129,HTIL,201129,MR,UPENDER KUMAR,UDF,,C,G,,SRV,WRK,,,,,,,,,,,3478,,,,M,,,,,,,,,,,,,L1,BRIJ BIHARI LAL,,,,,,,,,,,,,,,,,,,UDF
1130,HTIL,201130,MR,VIJAY KUMAR SINGH,UDF,,C,G,,SRV,WRK,,,,,,,,,,,3552,,,,M,,,,,,,,,,,,,L1,KRISHAN SINGH,,,,,,,,,,,,,,,,,,,UDF
1131,HTIL,201131,MR,AMIT KUMAR DEV,UDF,,C,G,,SRV,WRK,,,,,,,,,,,3561,,,,M,,,,,,,,,,,,,L1,NARESH PD DEV,,,,,,,,,,,,,,,,,,,UDF
1132,HTIL,201132,MR,NIRAJ KUMAR,UDF,,C,G,,SRV,WRK,,,,,,,,,,,,,,,M,,,,,,,,,,,,,L1,DINESH CHNADRA,,,,,,,,,,,,,,,,,,,UDF
1133,HTIL,201133,MR,AJIT KUMAR,UDF,,C,G,,SRV,WRK,,,,,,,,,,,,,,,M,,,,,,,,,,,,,L1,GRIJESH KUMAR,,,,,,,,,,,,,,,,,,,UDF
1134,HTIL,201134,MR,SATENDER MISHRA,UDF,,C,G,,SRV,WRK,,,,,,,,,,,,,,,M,,,,,,,,,,,,,L1,TARKESHWAR MISHRA,,,,,,,,,,,,,,,,,,,UDF
1135,HTIL,201135,MR,HEMANT KUMAR,UDF,,C,G,,SRV,WRK,,,,,,,,,,,,,,,M,,,,,,,,,,,,,L1,KAMLESH,,,,,,,,,,,,,,,,,,,UDF
1136,HTIL,201136,MR,BHOLA YADAV,UDF,,C,G,,SRV,WRK,,,,,,,,,,,,,,,M,,,,,,,,,,,,,L1,KESHAV YADAV,,,,,,,,,,,,,,,,,,,UDF
1137,HTIL,201137,MR,PERMESHWAR,UDF,,C,G,,SRV,WRK,,,,,,,,,,,428,,8078846,,M,,,,,,,,,,,,,L1,MK DUBEY,,,,,,,,,,,,,,,,,,,UDF
1138,HTIL,201138,MR,VIKRAM SINGH,UDF,,C,G,,SRV,WRK,,,,,,,,,,,855,,8894202,,M,,,,,,,,,,,,,L1,SWARAJ SINGH,,,,,,,,,,,,,,,,,,,UDF
1139,HTIL,201139,MR,PANKAJ SRIVASTAVA,UDF,,C,G,,SRV,WRK,,,,,,,,,,,,,,,M,,,,,,,,,,,,,L1,MUNNA LAL,,,,,,,,,,,,,,,,,,,UDF
1140,HTIL,201140,MR,NEELESH PANDEY,UDF,,C,G,,SRV,WRK,,,,,,,,,,,,,,,M,,,,,,,,,,,,,L1,RAM PRAVESH,,,,,,,,,,,,,,,,,,,UDF
1141,HTIL,201141,MR,DINESH KUMAR,UDF,,C,G,,SRV,WRK,,,,,,,,,,,,,,,M,,,,,,,,,,,,,L1,RAM VEER SINGH,,,,,,,,,,,,,,,,,,,UDF
1142,HTIL,201142,MR,CHHUNA LAL,UDF,,C,G,,SRV,WRK,,,,,,,,,,,,,,,M,,,,,,,,,,,,,L1,SUDHAMA PRASHAD,,,,,,,,,,,,,,,,,,,UDF
1143,HTIL,201143,MR,PAPPU SINGH,UDF,,C,G,,SRV,WRK,,,,,,,,,,,1071,,8239166,,M,,,,,,,,,,,,,L1,RAM PAL SINGH,,,,,,,,,,,,,,,,,,,UDF
1144,HTIL,201144,MR,MANOJ YADAV,UDF,,C,G,,SRV,WRK,,,,,,,,,,,1167,,,,M,,,,,,,,,,,,,L1,RAM BALAK SINGH,,,,,,,,,,,,,,,,,,,UDF
1145,HTIL,201145,MR,SUJIT KUMAR,UDF,,C,G,,SRV,WRK,,,,,,,,,,,3563,,,,M,,,,,,,,,,,,,L1,YAMUNA SINGH,,,,,,,,,,,,,,,,,,,UDF
1146,HTIL,201146,MR,DURGESH RAY,UDF,,C,G,,SRV,WRK,,,,,,,,,,,,,,,M,,,,,,,,,,,,,L1,JAGADISH RAY,,,,,,,,,,,,,,,,,,,UDF
1147,HTIL,201147,MR,RAM BABU PRASAD,UDF,,C,G,,SRV,WRK,,,,,,,,,,,,,,,M,,,,,,,,,,,,,L1,BASUDEV PRASAD,,,,,,,,,,,,,,,,,,,UDF
1148,HTIL,201148,MR,SUNIL KUMAR,UDF,,C,G,,SRV,WRK,,,,,,,,,,,,,,,M,,,,,,,,,,,,,L1,SACHE LAL YADAV,,,,,,,,,,,,,,,,,,,UDF
1149,HTIL,201149,MR,RANJAN KUMAR SINGH,UDF,,C,G,,SRV,WRK,,,,,,,,,,,937,,8429448,,M,,,,,,,,,,,,,L1,MITHLESH SINGH,,,,,,,,,,,,,,,,,,,UDF
1150,HTIL,201150,MR,ISH NARAYAN,UDF,,C,G,,SRV,WRK,,,,,,,,,,,2901,,8338635,,M,,,,,,,,,,,,,L1,BHAGELU RAM YADAV,,,,,,,,,,,,,,,,,,,UDF
1151,HTIL,201151,MR,SONU KUMAR-I,UDF,,C,G,,SRV,WRK,,,,,,,,,,,1781,,8427207,,M,,,,,,,,,,,,,L1,ARJUN KUMAR SINGH,,,,,,,,,,,,,,,,,,,UDF
1152,HTIL,201152,MR,SANJESH DEWEDI,UDF,,C,G,,SRV,WRK,,,,,,,,,,,,,,,M,,,,,,,,,,,,,L1,BABU LAL,,,,,,,,,,,,,,,,,,,UDF
1153,HTIL,201153,MR,BRIJESH KUMAR YADAV,UDF,,C,G,,SRV,WRK,,,,,,,,,,,2443,,8610585,,M,,,,,,,,,,,,,L1,RAMESH YADAV,,,,,,,,,,,,,,,,,,,UDF
1154,HTIL,201154,MR,VARUN KUMAR,UDF,,C,G,,SRV,WRK,,,,,,,,,,,2902,,8622125,,M,,,,,,,,,,,,,L1,CHANDRAKANT,,,,,,,,,,,,,,,,,,,UDF
1155,HTIL,201155,MR,DILIP KUMAR ,UDF,,C,G,,SRV,WRK,,,,,,,,,,,3086,,8625014,,M,,,,,,,,,,,,,L1,ALAKHRAM SHARMA,,,,,,,,,,,,,,,,,,,UDF
1156,HTIL,201156,MR,KUNDAN PRASAD,UDF,,C,G,,SRV,WRK,,,,,,,,,,,2960,,8624158,,M,,,,,,,,,,,,,L1,RAM JI PANDIT,,,,,,,,,,,,,,,,,,,UDF
1157,HTIL,201157,MR,RAJU KUMAR SINGH,UDF,,C,G,,SRV,WRK,,,,,,,,,,,,,,,M,,,,,,,,,,,,,L1,RAMAYAN SINGH,,,,,,,,,,,,,,,,,,,UDF
1158,HTIL,201158,MR,PRAKASH MISHRA,UDF,,C,G,,SRV,WRK,,,,,,,,,,,,,,,M,,,,,,,,,,,,,L1,DINESH MISHRA,,,,,,,,,,,,,,,,,,,UDF
1159,HTIL,201159,MR,AJAY PAL SINGH,UDF,,C,G,,SRV,WRK,,,,,,,,,,,,,,,M,,,,,,,,,,,,,L1,BALVEER SINGH,,,,,,,,,,,,,,,,,,,UDF
1160,HTIL,201160,MR,ASHOK KR PANDEY,UDF,,C,G,,SRV,WRK,,,,,,,,,,,,,,,M,,,,,,,,,,,,,L1,RAMAKANT PANDEY,,,,,,,,,,,,,,,,,,,UDF
1161,HTIL,201161,MR,SUDHIR KUMAR,UDF,,C,G,,SRV,WRK,,,,,,,,,,,,,,,M,,,,,,,,,,,,,L1,SASDEV SINGH,,,,,,,,,,,,,,,,,,,UDF
1162,HTIL,201162,MR,ANIRUDDH KUMAR,UDF,,C,G,,SRV,WRK,,,,,,,,,,,,,,,M,,,,,,,,,,,,,L1,LALA RAM,,,,,,,,,,,,,,,,,,,UDF
1163,HTIL,201163,MR,PRAVEEN KUMAR,UDF,,C,G,,SRV,WRK,,,,,,,,,,,,,,,M,,,,,,,,,,,,,L1,RAM NARESH,,,,,,,,,,,,,,,,,,,UDF
1164,HTIL,201164,MR,RAM PAL,UDF,,C,G,,SRV,WRK,,,,,,,,,,,1480,,8424420,,M,,,,,,,,,,,,,L1,RAMDAYAL,,,,,,,,,,,,,,,,,,,UDF
1165,HTIL,201165,MR,MARTYUNJAY,UDF,,C,G,,SRV,WRK,,,,,,,,,,,2969,,,,M,,,,,,,,,,,,,L1,KALADHAR SINGH,,,,,,,,,,,,,,,,,,,UDF
1166,HTIL,201166,MR,HARI NATH,UDF,,C,G,,SRV,WRK,,,,,,,,,,,3033,,,,M,,,,,,,,,,,,,L1,BRAHMADEV SINGH,,,,,,,,,,,,,,,,,,,UDF
1167,HTIL,201167,MR,RATNESH KUMAR,UDF,,C,G,,SRV,WRK,,,,,,,,,,,3012,,8628349,,M,,,,,,,,,,,,,L1,GANGA DAYAL,,,,,,,,,,,,,,,,,,,UDF
1168,HTIL,201168,MR,RAKESH KUMAR,UDF,,C,G,,SRV,WRK,,,,,,,,,,,3176,,,,M,,,,,,,,,,,,,L1,RAM SAJIWAN LAL,,,,,,,,,,,,,,,,,,,UDF
1169,HTIL,201169,MR,RAJENDER PRASAD,UDF,,C,G,,SRV,WRK,,,,,,,,,,,3179,,8628344,,M,,,,,,,,,,,,,L1,TEAK RAM PD,,,,,,,,,,,,,,,,,,,UDF
1170,HTIL,201170,MR,KISHOR KUMAR,UDF,,C,G,,SRV,WRK,,,,,,,,,,,3260,,8629691,,M,,,,,,,,,,,,,L1,ASHRAFI LAL,,,,,,,,,,,,,,,,,,,UDF
1171,HTIL,201171,MR,SURENDRA YADAV,UDF,,C,G,,SRV,WRK,,,,,,,,,,,3262,,,,M,,,,,,,,,,,,,L1,CHANDESHWAR YADAV,,,,,,,,,,,,,,,,,,,UDF
1172,HTIL,201172,MR,ANIL KUMAR -II,UDF,,C,G,,SRV,WRK,,,,,,,,,,,,,,,M,,,,,,,,,,,,,L1,,,,,,,,,,,,,,,,,,,,UDF
1173,HTIL,201173,MR,MANI RAM GUPTA,UDF,,C,G,,SRV,WRK,,,,,,,,,,,,,,,M,,,,,,,,,,,,,L1,BUDH RAM GUPTA,,,,,,,,,,,,,,,,,,,UDF
1174,HTIL,201174,MR,SUDHIR KUMAR,UDF,,C,G,,SRV,WRK,,,,,,,,,,,,,,,M,,,,,,,,,,,,,L1,DUKURAM MAHTO,,,,,,,,,,,,,,,,,,,UDF
1175,HTIL,201175,MR,BHAJAN LAL,UDF,,C,G,,SRV,WRK,,,,,,,,,,,,,,,M,,,,,,,,,,,,,L1,RAM CHANDER ,,,,,,,,,,,,,,,,,,,UDF
1176,HTIL,201176,MR,BHARAT KUMAR,UDF,,C,G,,SRV,WRK,,,,,,,,,,,,,,,M,,,,,,,,,,,,,L1,AMIRI LAL,,,,,,,,,,,,,,,,,,,UDF
1177,HTIL,201177,MR,SUNIL KUMAR SINGH,UDF,,C,G,,SRV,WRK,,,,,,,,,,,,,,,M,,,,,,,,,,,,,L1,JAGADAMBA SINGH,,,,,,,,,,,,,,,,,,,UDF
1178,HTIL,201178,MR,HARI OM SHARMA,UDF,,C,G,,SRV,WRK,,,,,,,,,,,,,,,M,,,,,,,,,,,,,L1,INDER DEV SHARMA,,,,,,,,,,,,,,,,,,,UDF
1179,HTIL,201179,MR,AJAY PAL,UDF,,C,G,,SRV,WRK,,,,,,,,,,,,,,,M,,,,,,,,,,,,,L1,BOD SHAH,,,,,,,,,,,,,,,,,,,UDF
1180,HTIL,201180,MR,DHARAM RAJ,UDF,,C,G,,SRV,WRK,,,,,,,,,,,,,,,M,,,,,,,,,,,,,L1,,,,,,,,,,,,,,,,,,,,UDF
1181,HTIL,201181,MR,RAJU KUMAR  ,UDF,,C,G,,SRV,WRK,,,,,,,,,,,,,,,M,,,,,,,,,,,,,L1,SANJAY KUMAR,,,,,,,,,,,,,,,,,,,UDF
1182,HTIL,201182,MR,BHARAT KUMAR,UDF,,C,G,,SRV,WRK,,,,,,,,,,,,,,,M,,,,,,,,,,,,,L1,ARJUN SINGH,,,,,,,,,,,,,,,,,,,UDF
1183,HTIL,201183,MR,NEERAJ KUMAR,UDF,,C,G,,SRV,WRK,,,,,,,,,,,,,,,M,,,,,,,,,,,,,L1,BHOLA SINGH,,,,,,,,,,,,,,,,,,,UDF
1184,HTIL,201184,MR,AJAY PAL SINGH- II,UDF,,C,G,,SRV,WRK,,,,,,,,,,,,,,,M,,,,,,,,,,,,,L1,BALVEER SINGH,,,,,,,,,,,,,,,,,,,UDF
1185,HTIL,201185,MR,ANUP KUMAR,UDF,,C,G,,SRV,WRK,,,,,,,,,,,,,,,M,,,,,,,,,,,,,L1,NANDKISHOR,,,,,,,,,,,,,,,,,,,UDF
1186,HTILG,201186,MR,MANJU BABU,UDF,,C,G,,SRV,WRK,,,,,,,,,,,1510,,,,M,,,,,,,,,,,,,L1,LAL BABU,,,,,,,,,,,,,,,,,,,UDF
1187,HTILG,201187,MR,MAHENDER SINGH,UDF,,C,G,,SRV,WRK,,,,,,,,,,,2583,,,,M,,,,,,,,,,,,,L1,TEJ SINGH,,,,,,,,,,,,,,,,,,,UDF
1188,HTILG,201188,MR,SHIV NANDAN DUBEY,UDF,,C,G,,SRV,WRK,,,,,,,,,,,2593,,,,M,,,,,,,,,,,,,L1,SHIV SHANKAR,,,,,,,,,,,,,,,,,,,UDF
1189,HTILG,201189,MR,RAVI KUMAR,UDF,,C,G,,SRV,WRK,,,,,,,,,,,2856,,,,M,,,,,,,,,,,,,L1,MAHENDRA KUMAR,,,,,,,,,,,,,,,,,,,UDF
1190,HTILG,201190,MR,DEEP KUMAR,UDF,,C,G,,SRV,WRK,,,,,,,,,,,2936,,,,M,,,,,,,,,,,,,L1,LAL BABU,,,,,,,,,,,,,,,,,,,UDF
1191,HTILG,201191,MR,LAXMAN YADAV,UDF,,C,G,,SRV,WRK,,,,,,,,,,,2980,,,,M,,,,,,,,,,,,,L1,KHETU YADAV,,,,,,,,,,,,,,,,,,,UDF
1192,HTILG,201192,MR,VIRENDER KUMAR,UDF,,C,G,,SRV,WRK,,,,,,,,,,,2990,,,,M,,,,,,,,,,,,,L1,PREM CHAND,,,,,,,,,,,,,,,,,,,UDF
1193,HTILG,201193,MR,KRISHANKANT TIWARI,UDF,,C,G,,SRV,WRK,,,,,,,,,,,3074,,,,M,,,,,,,,,,,,,L1,INDRA KAMAL TIWARI,,,,,,,,,,,,,,,,,,,UDF
1194,HTILG,201194,MR,RAJVEER SINGH - I,UDF,,C,G,,SRV,WRK,,,,,,,,,,,3112,,,,M,,,,,,,,,,,,,L1,DUGUR SINGH,,,,,,,,,,,,,,,,,,,UDF
1195,HTILG,201195,MR,MAHIPAL,UDF,,C,G,,SRV,WRK,,,,,,,,,,,3269,,,,M,,,,,,,,,,,,,L1,HARI SINGH,,,,,,,,,,,,,,,,,,,UDF
1196,HTILG,201196,MR,RAMESH KUMAR -I,UDF,,C,G,,SRV,WRK,,,,,,,,,,,,,,,M,,,,,,,,,,,,,L1,RAGHENDER,,,,,,,,,,,,,,,,,,,UDF
1197,HTILG,201197,MR,AJEET KUMAR,UDF,,C,G,,SRV,WRK,,,,,,,,,,,,,,,M,,,,,,,,,,,,,L1,,,,,,,,,,,,,,,,,,,,UDF
1198,HTILG,201198,MR,PRITAM SINGH,UDF,,C,G,,SRV,WRK,,,,,,,,,,,3334,,,,M,,,,,,,,,,,,,L1,RAM PRASAD,,,,,,,,,,,,,,,,,,,UDF
1199,HTILG,201199,MR,BEEBHA DEVI,UDF,,C,G,,SRV,WRK,,,,,,,,,,,3354,,,,M,,,,,,,,,,,,,L1,SUDHIR MISHRA,,,,,,,,,,,,,,,,,,,UDF
1200,HTILG,201200,MR,BEENA DEVI,UDF,,C,G,,SRV,WRK,,,,,,,,,,,3355,,,,M,,,,,,,,,,,,,L1,RANJEET MISHRA,,,,,,,,,,,,,,,,,,,UDF
1201,HTILG,201201,MR,GUDDI CHAUHAN,UDF,,C,G,,SRV,WRK,,,,,,,,,,,,,,,M,,,,,,,,,,,,,L1,,,,,,,,,,,,,,,,,,,,UDF
1202,HTILG,201202,MR,RINKU   ,UDF,,C,G,,SRV,WRK,,,,,,,,,,,,,,,M,,,,,,,,,,,,,L1,PATTAN LAL,,,,,,,,,,,,,,,,,,,UDF
1203,HTILG,201203,MR,SHISH PAL,UDF,,C,G,,SRV,WRK,,,,,,,,,,,3678,,,,M,,,,,,,,,,,,,L1,RAMESH CHANDRA,,,,,,,,,,,,,,,,,,,UDF
1204,HTILG,201204,MR,PUSHPA SHARMA,UDF,,C,G,,SRV,WRK,,,,,,,,,,,3668,,,,M,,,,,,,,,,,,,L1,RAM KUMAR,,,,,,,,,,,,,,,,,,,UDF
1205,HTILG,201205,MR,MOBIN SAIFI,UDF,,C,G,,SRV,WRK,,,,,,,,,,,,,,,M,,,,,,,,,,,,,L1,KEMUDDIN SAIFI,,,,,,,,,,,,,,,,,,,UDF
1206,HTILG,201206,MR,VINOD KUMAR,UDF,,C,G,,SRV,WRK,,,,,,,,,,,,,,,M,,,,,,,,,,,,,L1,BALWANT SINGH,,,,,,,,,,,,,,,,,,,UDF
1207,HTILG,201207,MR,OMBRAT TIWARI,UDF,,C,G,,SRV,WRK,,,,,,,,,,,,,,,M,,,,,,,,,,,,,L1,NIRVESH TIWARI,,,,,,,,,,,,,,,,,,,UDF
1208,HTILG,201208,MR,RAJ KUMAR RATHAUR,UDF,,C,G,,SRV,WRK,,,,,,,,,,,,,,,M,,,,,,,,,,,,,L1,RAM SWAROOP ,,,,,,,,,,,,,,,,,,,UDF
1209,HTILG,201209,MR,RAJ KR SINGH,UDF,,C,G,,SRV,WRK,,,,,,,,,,,,,,,M,,,,,,,,,,,,,L1,CHHATRA PAL SINGH,,,,,,,,,,,,,,,,,,,UDF
1210,HTILG,201210,MR,AMIT KUMAR DUBEY,UDF,,C,G,,SRV,WRK,,,,,,,,,,,,,,,M,,,,,,,,,,,,,L1,SHIV SHANKAR,,,,,,,,,,,,,,,,,,,UDF
1211,HTILG,201211,MR,VINOD   ,UDF,,C,G,,SRV,WRK,,,,,,,,,,,,,,,M,,,,,,,,,,,,,L1,SANEHI SHAH,,,,,,,,,,,,,,,,,,,UDF
1212,HTILG,201212,MR,RAJVEER SINGH,UDF,,C,G,,SRV,WRK,,,,,,,,,,,,,,,M,,,,,,,,,,,,,L1,RAM DAYAL MALI,,,,,,,,,,,,,,,,,,,UDF
1213,HTILG,201213,MR,DHANANJAY KUMAR,UDF,,C,G,,SRV,WRK,,,,,,,,,,,,,,,M,,,,,,,,,,,,,L1,JAWALA SINGH,,,,,,,,,,,,,,,,,,,UDF
1214,HTILG,201214,MR,RAM BETI,UDF,,C,G,,SRV,WRK,,,,,,,,,,,,,,,M,,,,,,,,,,,,,L1,SURESH,,,,,,,,,,,,,,,,,,,UDF
1215,HTILG,201215,MR,RAMAN LAL,UDF,,C,G,,SRV,WRK,,,,,,,,,,,,,,,M,,,,,,,,,,,,,L1,KRISHANA MURARI,,,,,,,,,,,,,,,,,,,UDF
1216,HTILG,201216,MR,HARKESH CHAUHAN',UDF,,C,G,,SRV,WRK,,,,,,,,,,,,,,,M,,,,,,,,,,,,,L1,SAU PRASAD,,,,,,,,,,,,,,,,,,,UDF
1217,HTILG,201217,MR,SEEMA,UDF,,C,G,,SRV,WRK,,,,,,,,,,,,,,,M,,,,,,,,,,,,,L1,SWAMI NATH,,,,,,,,,,,,,,,,,,,UDF
1218,HTILG,201218,MR,PRAMOD KUMAR,UDF,,C,G,,SRV,WRK,,,,,,,,,,,,,,,M,,,,,,,,,,,,,L1,RAM KISHORE,,,,,,,,,,,,,,,,,,,UDF
1219,HTILG,201219,MR,RAJ KISHORE,UDF,,C,G,,SRV,WRK,,,,,,,,,,,,,,,M,,,,,,,,,,,,,L1,BALBIR,,,,,,,,,,,,,,,,,,,UDF
1220,HTILG,201220,MR,WANTOO,UDF,,C,G,,SRV,WRK,,,,,,,,,,,,,,,M,,,,,,,,,,,,,L1,RAGHUVIR SINGH,,,,,,,,,,,,,,,,,,,UDF
1221,HTILG,201221,MR,ARVIND KUMAR,UDF,,C,G,,SRV,WRK,,,,,,,,,,,,,,,M,,,,,,,,,,,,,L1,GOPAL CHAND,,,,,,,,,,,,,,,,,,,UDF
1222,HTILG,201222,MR,HARISH KUMAR,UDF,,C,G,,SRV,WRK,,,,,,,,,,,,,,,M,,,,,,,,,,,,,L1,NAND RAM,,,,,,,,,,,,,,,,,,,UDF
1223,HTILG,201223,MR,YOGENDER PAL,UDF,,C,G,,SRV,WRK,,,,,,,,,,,,,,,M,,,,,,,,,,,,,L1,NINNU MAL PAL,,,,,,,,,,,,,,,,,,,UDF
1224,HTILG,201224,MR,SHYAM BATI,UDF,,C,G,,SRV,WRK,,,,,,,,,,,,,,,M,,,,,,,,,,,,,L1,VINOD KUMAR,,,,,,,,,,,,,,,,,,,UDF
1225,HTILG,201225,MR,RAJU KUMAR,UDF,,C,G,,SRV,WRK,,,,,,,,,,,,,,,M,,,,,,,,,,,,,L1,SUDARSHAN SINGH,,,,,,,,,,,,,,,,,,,UDF
1226,HTILG,201226,MR,RAM NIVASH,UDF,,C,G,,SRV,WRK,,,,,,,,,,,,,,,M,,,,,,,,,,,,,L1,MALKHAN SINGH,,,,,,,,,,,,,,,,,,,UDF
1227,HTILG,201227,MR,SUNIL KUMAR,UDF,,C,G,,SRV,WRK,,,,,,,,,,,,,,,M,,,,,,,,,,,,,L1,DEVI SHARN,,,,,,,,,,,,,,,,,,,UDF
1228,HTILG,201228,MR,KAPIL ,UDF,,C,G,,SRV,WRK,,,,,,,,,,,,,,,M,,,,,,,,,,,,,L1,BHEDI RAM,,,,,,,,,,,,,,,,,,,UDF
1229,HTILG,201229,MR,ANITA ,UDF,,C,G,,SRV,WRK,,,,,,,,,,,,,,,M,,,,,,,,,,,,,L1,ANIL; KUMAR,,,,,,,,,,,,,,,,,,,UDF
1230,HTILG,201230,MR,SANNO,UDF,,C,G,,SRV,WRK,,,,,,,,,,,,,,,M,,,,,,,,,,,,,L1,SADIK,,,,,,,,,,,,,,,,,,,UDF
1231,HTILG,201231,MR,RAJESH KUMAR,UDF,,C,G,,SRV,WRK,,,,,,,,,,,,,,,M,,,,,,,,,,,,,L1,MOHAN LAL,,,,,,,,,,,,,,,,,,,UDF
1232,HTILG,201232,MR,AKABAR ALI,UDF,,C,G,,SRV,WRK,,,,,,,,,,,,,,,M,,,,,,,,,,,,,L1,EKRAM ANSHARI,,,,,,,,,,,,,,,,,,,UDF
1233,HTILG,201233,MR,ASHOK PATEL,UDF,,C,G,,SRV,WRK,,,,,,,,,,,,,,,M,,,,,,,,,,,,,L1,SEETA RAM PATEL,,,,,,,,,,,,,,,,,,,UDF
1234,HTILG,201234,MR,MUNESH KUMAR,UDF,,C,G,,SRV,WRK,,,,,,,,,,,,,,,M,,,,,,,,,,,,,L1,ANUP SINGH,,,,,,,,,,,,,,,,,,,UDF
1235,HTILG,201235,MR,SUNIL KUMAR,UDF,,C,G,,SRV,WRK,,,,,,,,,,,,,,,M,,,,,,,,,,,,,L1,MAHENDER PAL SINGH,,,,,,,,,,,,,,,,,,,UDF
1236,HTILG,201236,MR,GANESH,UDF,,C,G,,SRV,WRK,,,,,,,,,,,,,,,M,,,,,,,,,,,,,L1,PARMULAL,,,,,,,,,,,,,,,,,,,UDF
1237,HTILG,201237,MR,NAFIS,UDF,,C,G,,SRV,WRK,,,,,,,,,,,,,,,M,,,,,,,,,,,,,L1,BASHAR AHMAD,,,,,,,,,,,,,,,,,,,UDF
1238,HTILG,201238,MR,SONU KUMAR,UDF,,C,G,,SRV,WRK,,,,,,,,,,,,,,,M,,,,,,,,,,,,,L1,JANARDAN PRASAD,,,,,,,,,,,,,,,,,,,UDF
1239,HTILG,201239,MR,RANJAN SINGH,UDF,,C,G,,SRV,WRK,,,,,,,,,,,,,,,M,,,,,,,,,,,,,L1,,,,,,,,,,,,,,,,,,,,UDF
1240,HTILG,201240,MR,VIJAY KUMAR,UDF,,C,G,,SRV,WRK,,,,,,,,,,,,,,,M,,,,,,,,,,,,,L1,RAJ NARYAN SINGH,,,,,,,,,,,,,,,,,,,UDF
1241,HTILG,201241,MR,RAJ PAL SINGH,UDF,,C,G,,SRV,WRK,,,,,,,,,,,,,,,M,,,,,,,,,,,,,L1,RAM NATH SINGH,,,,,,,,,,,,,,,,,,,UDF
1242,HTILG,201242,MR,MANOJ KUMAR,UDF,,C,G,,SRV,WRK,,,,,,,,,,,,,,,M,,,,,,,,,,,,,L1,BRMA NAND,,,,,,,,,,,,,,,,,,,UDF
1243,HTILG,201243,MR,DEEPAK SHARMA,UDF,,C,G,,SRV,WRK,,,,,,,,,,,,,,,M,,,,,,,,,,,,,L1,KARMAN DATT ,,,,,,,,,,,,,,,,,,,UDF
1244,HTILG,201244,MR,RAJ KUMAR,UDF,,C,G,,SRV,WRK,,,,,,,,,,,,,,,M,,,,,,,,,,,,,L1,HARI SINGH,,,,,,,,,,,,,,,,,,,UDF
1245,HTILG,201245,MR,SANNL LAL GAUTAM,UDF,,C,G,,SRV,WRK,,,,,,,,,,,,,,,M,,,,,,,,,,,,,L1,MALKHAN SINGH,,,,,,,,,,,,,,,,,,,UDF
1246,HTILG,201246,MR,SURENDER KUMAR,UDF,,C,G,,SRV,WRK,,,,,,,,,,,,,,,M,,,,,,,,,,,,,L1,BHAGAT RAM,,,,,,,,,,,,,,,,,,,UDF
1247,HTILG,201247,MR,NARESH,UDF,,C,G,,SRV,WRK,,,,,,,,,,,,,,,M,,,,,,,,,,,,,L1,NAIPAL SHARMA,,,,,,,,,,,,,,,,,,,UDF
1248,HTILG,201248,MR,DINESH ,UDF,,C,G,,SRV,WRK,,,,,,,,,,,,,,,M,,,,,,,,,,,,,L1,VIKRAM SINGH,,,,,,,,,,,,,,,,,,,UDF
1249,HTILG,201249,MR,PESHKAR TIWARI,UDF,,C,G,,SRV,WRK,,,,,,,,,,,,,,,M,,,,,,,,,,,,,L1,MEWA RAM TIWARI,,,,,,,,,,,,,,,,,,,UDF
1250,HTILG,201250,MR,VIJAY,UDF,,C,G,,SRV,WRK,,,,,,,,,,,,,,,M,,,,,,,,,,,,,L1,HARI SINGH,,,,,,,,,,,,,,,,,,,UDF
1251,HTILG,201251,MR,SANDEEP SINHA,UDF,,C,G,,SRV,WRK,,,,,,,,,,,,,,,M,,,,,,,,,,,,,L1,RAM EKBAL,,,,,,,,,,,,,,,,,,,UDF
1252,HTILG,201252,MR,RAHUL SINGH,UDF,,C,G,,SRV,WRK,,,,,,,,,,,,,,,M,,,,,,,,,,,,,L1,MUNNI SINGH,,,,,,,,,,,,,,,,,,,UDF
1253,HTILG,201253,MR,GRISH MISHRA,UDF,,C,G,,SRV,WRK,,,,,,,,,,,,,,,M,,,,,,,,,,,,,L1,,,,,,,,,,,,,,,,,,,,UDF
1254,HTILG,201254,MR,SRI PAL SINGH,UDF,,C,G,,SRV,WRK,,,,,,,,,,,,,,,M,,,,,,,,,,,,,L1,HARDEV SINGH,,,,,,,,,,,,,,,,,,,UDF
1255,HTILG,201255,MR,ISHAK KHAN,UDF,,C,G,,SRV,WRK,,,,,,,,,,,,,,,M,,,,,,,,,,,,,L1,SADAKAT KHAN,,,,,,,,,,,,,,,,,,,UDF
1256,HTILG,201256,MR,BEBI MISHRA,UDF,,C,G,,SRV,WRK,,,,,,,,,,,,,,,M,,,,,,,,,,,,,L1,SUNIL MISHRA,,,,,,,,,,,,,,,,,,,UDF
1257,HTILG,201257,MR,USAMA,UDF,,C,G,,SRV,WRK,,,,,,,,,,,,,,,M,,,,,,,,,,,,,L1,MD SATIR,,,,,,,,,,,,,,,,,,,UDF
1258,HTILG,201258,MR,MANORAMA DEVI,UDF,,C,G,,SRV,WRK,,,,,,,,,,,,,,,M,,,,,,,,,,,,,L1,CHANDRAMA PRASAD,,,,,,,,,,,,,,,,,,,UDF
1259,HTILG,201259,MR,JYOTI,UDF,,C,G,,SRV,WRK,,,,,,,,,,,,,,,M,,,,,,,,,,,,,L1,GANESH,,,,,,,,,,,,,,,,,,,UDF
1260,HTILG,201260,MR,MANOJ SINGH,UDF,,C,G,,SRV,WRK,,,,,,,,,,,,,,,M,,,,,,,,,,,,,L1,MANGTOO SINGH,,,,,,,,,,,,,,,,,,,UDF
1261,HTILG,201261,MR,RAJESH KUMAR JATAV,UDF,,C,G,,SRV,WRK,,,,,,,,,,,,,,,M,,,,,,,,,,,,,L1,KISHAN JEET SINGH,,,,,,,,,,,,,,,,,,,UDF
1262,HTILG,201262,MR,PRAMOD KUMAR,UDF,,C,G,,SRV,WRK,,,,,,,,,,,,,,,M,,,,,,,,,,,,,L1,JAGVEER,,,,,,,,,,,,,,,,,,,UDF
1263,HTILG,201263,MR,ATUL KUMAR,UDF,,C,G,,SRV,WRK,,,,,,,,,,,,,,,M,,,,,,,,,,,,,L1,SAUDAN SINGH,,,,,,,,,,,,,,,,,,,UDF
1264,HTILG,201264,MR,PAWAN KUMAR,UDF,,C,G,,SRV,WRK,,,,,,,,,,,,,,,M,,,,,,,,,,,,,L1,JAGDEESH PRASAD,,,,,,,,,,,,,,,,,,,UDF
1265,HTILG,201265,MR,NAGENDER PASWAN,UDF,,C,G,,SRV,WRK,,,,,,,,,,,,,,,M,,,,,,,,,,,,,L1,BHARAT PASWAN,,,,,,,,,,,,,,,,,,,UDF
1266,HTILG,201266,MR,DEEPAK KUMAR,UDF,,C,G,,SRV,WRK,,,,,,,,,,,,,,,M,,,,,,,,,,,,,L1,SOHAN PAL SINGH,,,,,,,,,,,,,,,,,,,UDF
1267,HTILG,201267,MR,YOGENDER SINGH,UDF,,C,G,,SRV,WRK,,,,,,,,,,,,,,,M,,,,,,,,,,,,,L1,SHER SINGH,,,,,,,,,,,,,,,,,,,UDF
1268,HTILG,201268,MR,ASHOK KUMAR,UDF,,C,G,,SRV,WRK,,,,,,,,,,,,,,,M,,,,,,,,,,,,,L1,DHEER SINGH,,,,,,,,,,,,,,,,,,,UDF
1269,HTILG,201269,MR,POOJA MISHRA,UDF,,C,G,,SRV,WRK,,,,,,,,,,,,,,,M,,,,,,,,,,,,,L1,,,,,,,,,,,,,,,,,,,,UDF
1270,HTILG,201270,MR,OM PRAKASH,UDF,,C,G,,SRV,WRK,,,,,,,,,,,,,,,M,,,,,,,,,,,,,L1,,,,,,,,,,,,,,,,,,,,UDF
1271,HTILG,201271,MR,MAHESH,UDF,,C,G,,SRV,WRK,,,,,,,,,,,,,,,M,,,,,,,,,,,,,L1,,,,,,,,,,,,,,,,,,,,UDF
1272,HTILG,201272,MR,MOMIN KHAN,UDF,,C,G,,SRV,WRK,,,,,,,,,,,,,,,M,,,,,,,,,,,,,L1,,,,,,,,,,,,,,,,,,,,UDF
1273,HTILG,201273,MR,BUDDH DEV SINGH,UDF,,C,G,,SRV,WRK,,,,,,,,,,,,,,,M,,,,,,,,,,,,,L1,,,,,,,,,,,,,,,,,,,,UDF
1274,HTILG,201274,MR,SURENDER KUMAR,UDF,,C,G,,SRV,WRK,,,,,,,,,,,,,,,M,,,,,,,,,,,,,L1,,,,,,,,,,,,,,,,,,,,UDF
1275,HTILG,201275,MR,BABAN KUMAR,UDF,,C,G,,SRV,WRK,,,,,,,,,,,,,,,M,,,,,,,,,,,,,L1,,,,,,,,,,,,,,,,,,,,UDF
1276,HTILG,201276,MR,GUDDU,UDF,,C,G,,SRV,WRK,,,,,,,,,,,,,,,M,,,,,,,,,,,,,L1,,,,,,,,,,,,,,,,,,,,UDF
1277,HTILG,201277,MR,SANJAY SHARMA,UDF,,C,G,,SRV,WRK,,,,,,,,,,,,,,,M,,,,,,,,,,,,,L1,,,,,,,,,,,,,,,,,,,,UDF
1278,HTILG,201278,MR,BARKATDDIN,UDF,,C,G,,SRV,WRK,,,,,,,,,,,,,,,M,,,,,,,,,,,,,L1,,,,,,,,,,,,,,,,,,,,UDF
1279,HTILG,201279,MR,KULDEEP,UDF,,C,G,,SRV,WRK,,,,,,,,,,,,,,,M,,,,,,,,,,,,,L1,,,,,,,,,,,,,,,,,,,,UDF
1280,HTILG,201280,MR,SANJEEV KUMAR,UDF,,C,G,,SRV,WRK,,,,,,,,,,,,,,,M,,,,,,,,,,,,,L1,,,,,,,,,,,,,,,,,,,,UDF
1281,HTILG,201281,MR,CHANDRA SHEKHAR SINGH,UDF,,C,G,,SRV,WRK,,,,,,,,,,,,,,,M,,,,,,,,,,,,,L1,,,,,,,,,,,,,,,,,,,,UDF
1282,HTILG,201282,MR,MAN KHUS MISHRA,UDF,,C,G,,SRV,WRK,,,,,,,,,,,,,,,M,,,,,,,,,,,,,L1,,,,,,,,,,,,,,,,,,,,UDF
1283,HTILG,201283,MR,MOHAN SINGH,UDF,,C,G,,SRV,WRK,,,,,,,,,,,,,,,M,,,,,,,,,,,,,L1,JAGAT SINGH,,,,,,,,,,,,,,,,,,,UDF
1284,HTILG,201284,MR,DILSHAD KHAN,UDF,,C,G,,SRV,WRK,,,,,,,,,,,,,,,M,,,,,,,,,,,,,L1,IKRAM KHAN,,,,,,,,,,,,,,,,,,,UDF
1285,HTILG,201285,MR,SANDEEP,UDF,,C,G,,SRV,WRK,,,,,,,,,,,,,,,M,,,,,,,,,,,,,L1,RAMESH,,,,,,,,,,,,,,,,,,,UDF
1286,HTILG,201286,MR,MAHENDER KUMAR,UDF,,C,G,,SRV,WRK,,,,,,,,,,,,,,,M,,,,,,,,,,,,,L1,BACHA LAL,,,,,,,,,,,,,,,,,,,UDF
1287,HTILG,201287,MR,ROHIT KUMAR,UDF,,C,G,,SRV,WRK,,,,,,,,,,,,,,,M,,,,,,,,,,,,,L1,RAM KRISHAN ,,,,,,,,,,,,,,,,,,,UDF
1288,HTILG,201288,MR,VIJAY KUMAR,UDF,,C,G,,SRV,WRK,,,,,,,,,,,,,,,M,,,,,,,,,,,,,L1,RADHEY SHYAM,,,,,,,,,,,,,,,,,,,UDF
1289,HTILG,201289,MR,JUGAL BHATI,UDF,,C,G,,SRV,WRK,,,,,,,,,,,,,,,M,,,,,,,,,,,,,L1,MUKAT SINGH,,,,,,,,,,,,,,,,,,,UDF
1290,HTILG,201290,MR,ANIL KUMAR,UDF,,C,G,,SRV,WRK,,,,,,,,,,,,,,,M,,,,,,,,,,,,,L1,RAM DASH PAL,,,,,,,,,,,,,,,,,,,UDF
1291,HTILG,201291,MR,RAM KUMAR SHARMA,UDF,,C,G,,SRV,WRK,,,,,,,,,,,,,,,M,,,,,,,,,,,,,L1,NARESH CHANDRA SHARMA,,,,,,,,,,,,,,,,,,,UDF
1292,HTILG,201292,MR,KHUBI RAM,UDF,,C,G,,SRV,WRK,,,,,,,,,,,,,,,M,,,,,,,,,,,,,L1,RAJ KISHORE,,,,,,,,,,,,,,,,,,,UDF
1293,HTILG,201293,MR,PINTOO GRII,UDF,,C,G,,SRV,WRK,,,,,,,,,,,,,,,M,,,,,,,,,,,,,L1,MAHENDER GIRI,,,,,,,,,,,,,,,,,,,UDF
1294,HTILG,201294,MR,MALTI VERMA,UDF,,C,G,,SRV,WRK,,,,,,,,,,,,,,,M,,,,,,,,,,,,,L1,GAJ RAM,,,,,,,,,,,,,,,,,,,UDF
1295,HTILG,201295,MR,HARENDER,UDF,,C,G,,SRV,WRK,,,,,,,,,,,,,,,M,,,,,,,,,,,,,L1,JAY PAL,,,,,,,,,,,,,,,,,,,UDF
1296,HTILG,201296,MR,AJAY KUMAR,UDF,,C,G,,SRV,WRK,,,,,,,,,,,,,,,M,,,,,,,,,,,,,L1,RAM BILASH,,,,,,,,,,,,,,,,,,,UDF
1297,HTILG,201297,MR,MD WAJID,UDF,,C,G,,SRV,WRK,,,,,,,,,,,,,,,M,,,,,,,,,,,,,L1,MD HAMID,,,,,,,,,,,,,,,,,,,UDF
1298,HTILG,201298,MR,DILIP VISHWKARMA,UDF,,C,G,,SRV,WRK,,,,,,,,,,,,,,,M,,,,,,,,,,,,,L1,CHURAMANI VISHWAKARMA,,,,,,,,,,,,,,,,,,,UDF
1299,HTILG,201299,MR,DILASA,UDF,,C,G,,SRV,WRK,,,,,,,,,,,,,,,M,,,,,,,,,,,,,L1,,,,,,,,,,,,,,,,,,,,UDF
1300,HTILG,201300,MR,SAHWAJ KHAN,UDF,,C,G,,SRV,WRK,,,,,,,,,,,,,,,M,,,,,,,,,,,,,L1,KAMALUDDIN,,,,,,,,,,,,,,,,,,,UDF
1301,HTILG,201301,MR,ARTI JENA,UDF,,C,G,,SRV,WRK,,,,,,,,,,,,,,,M,,,,,,,,,,,,,L1,DIWAKAR JENA,,,,,,,,,,,,,,,,,,,UDF
1302,HTILG,201302,MR,SUMAN YADAV,UDF,,C,G,,SRV,WRK,,,,,,,,,,,,,,,M,,,,,,,,,,,,,L1,DEVENDER YADAV,,,,,,,,,,,,,,,,,,,UDF
1303,HTILG,201303,MR,MOHAN KUMAR,UDF,,C,G,,SRV,WRK,,,,,,,,,,,,,,,M,,,,,,,,,,,,,L1,DEV NARAYAN SINGH,,,,,,,,,,,,,,,,,,,UDF
1304,HTILG,201304,MR,SUMAN JHA,UDF,,C,G,,SRV,WRK,,,,,,,,,,,,,,,M,,,,,,,,,,,,,L1,SHEKHAR JHA,,,,,,,,,,,,,,,,,,,UDF
1305,HTILG,201305,MR,KAPIL ,UDF,,C,G,,SRV,WRK,,,,,,,,,,,,,,,M,,,,,,,,,,,,,L1,HAKIMUDDIN,,,,,,,,,,,,,,,,,,,UDF
1306,HTILG,201306,MR,BEENA DEVI,UDF,,C,G,,SRV,WRK,,,,,,,,,,,,,,,M,,,,,,,,,,,,,L1,JAY PAL SINGH,,,,,,,,,,,,,,,,,,,UDF
1307,INAPL,201307,MR,B D Pandey,UDF,,C,G,,SRV,WRK,,,,,,,,,,,3834,,,,M,,,,,,,,,,,,,L1,,,,,,,,,,,,,,,,,,,,UDF
1308,INAPL,201308,MR,Bhudev Sharma,UDF,,C,G,,SRV,WRK,,,,,,,,,,,3841,,,,M,,,,,,,,,,,,,L1,,,,,,,,,,,,,,,,,,,,UDF
1309,INAPL,201309,MR,HN YADAV,UDF,,C,G,,SRV,WRK,,,,,,,,,,,3845,,,,M,,,,,,,,,,,,,L1,,,,,,,,,,,,,,,,,,,,UDF
1310,INAPL,201310,MR,Devender Singh-I,UDF,,C,G,,SRV,WRK,,,,,,,,,,,3847,,,,M,,,,,,,,,,,,,L1,,,,,,,,,,,,,,,,,,,,UDF
1311,INAPL,201311,MR,Jai Shree Yadav,UDF,,C,G,,SRV,WRK,,,,,,,,,,,3851,,,,M,,,,,,,,,,,,,L1,,,,,,,,,,,,,,,,,,,,UDF
1312,INAPL,201312,MR,Chander Kant,UDF,,C,G,,SRV,WRK,,,,,,,,,,,3843,,,,M,,,,,,,,,,,,,L1,,,,,,,,,,,,,,,,,,,,UDF
1313,INAPL,201313,MR,Subrati  Ansari,UDF,,C,G,,SRV,WRK,,,,,,,,,,,3846,,,,M,,,,,,,,,,,,,L1,,,,,,,,,,,,,,,,,,,,UDF
1314,INAPL,201314,MR,Surjeet singh,UDF,,C,G,,SRV,WRK,,,,,,,,,,,3842,,,,M,,,,,,,,,,,,,L1,,,,,,,,,,,,,,,,,,,,UDF
1315,INAPL,201315,MR,Mukesh Kumar,UDF,,C,G,,SRV,WRK,,,,,,,,,,,3848,,,,M,,,,,,,,,,,,,L1,,,,,,,,,,,,,,,,,,,,UDF
1316,INAPL,201316,MR,MAHESH CHAND,UDF,,C,G,,SRV,WRK,,,,,,,,,,,7019,,,,M,,,,,,,,,,,,,L1,,,,,,,,,,,,,,,,,,,,UDF
1317,INAPL,201317,MR,AJEET YADAV,UDF,,C,G,,SRV,WRK,,,,,,,,,,,,,,,M,,,,,,,,,,,,,L1,,,,,,,,,,,,,,,,,,,,UDF
1318,INAPL,201318,MR,YASH PAL,UDF,,C,G,,SRV,WRK,,,,,,,,,,,7566,,,,M,,,,,,,,,,,,,L1,,,,,,,,,,,,,,,,,,,,UDF
1319,INAPL,201319,MR,AMIT SHARMA,UDF,,C,G,,SRV,WRK,,,,,,,,,,,8341,,,,M,,,,,,,,,,,,,L1,,,,,,,,,,,,,,,,,,,,UDF
1320,INAPL,201320,MR,MAYARAM,UDF,,C,G,,SRV,WRK,,,,,,,,,,,6365,,,,M,,,,,,,,,,,,,L1,,,,,,,,,,,,,,,,,,,,UDF
1321,INAPL,201321,MR,KS RAWAT,UDF,,C,G,,SRV,WRK,,,,,,,,,,,7687,,,,M,,,,,,,,,,,,,L1,,,,,,,,,,,,,,,,,,,,UDF
1322,INAPL,201322,MR,RAMAN SHARMA,UDF,,C,G,,SRV,WRK,,,,,,,,,,,,,,,M,,,,,,,,,,,,,L1,,,,,,,,,,,,,,,,,,,,UDF
1323,INAPL,201323,MR,AVNISH DIXIT,UDF,,C,G,,SRV,WRK,,,,,,,,,,,,,,,M,,,,,,,,,,,,,L1,,,,,,,,,,,,,,,,,,,,UDF
1324,INAPL,201324,MR,REHMAN,UDF,,C,G,,SRV,WRK,,,,,,,,,,,9492,,,,M,,,,,,,,,,,,,L1,,,,,,,,,,,,,,,,,,,,UDF
1325,INAPL,201325,MR,RAJENDER PRASAD,UDF,,C,G,,SRV,WRK,,,,,,,,,,,4670,,,,M,,,,,,,,,,,,,L1,,,,,,,,,,,,,,,,,,,,UDF
1326,INAPL,201326,MR,VIMLESH GIPTA,UDF,,C,G,,SRV,WRK,,,,,,,,,,,6157,,,,M,,,,,,,,,,,,,L1,,,,,,,,,,,,,,,,,,,,UDF
1327,INAPL,201327,MR,SURENDER KUMAR,UDF,,C,G,,SRV,WRK,,,,,,,,,,,6119,,,,M,,,,,,,,,,,,,L1,,,,,,,,,,,,,,,,,,,,UDF
1328,INAPL,201328,MR,CHANDER BAHADUR,UDF,,C,G,,SRV,WRK,,,,,,,,,,,9166,,,,M,,,,,,,,,,,,,L1,,,,,,,,,,,,,,,,,,,,UDF
1329,INAPL,201329,MR,DHANANJAY KUMAR,UDF,,C,G,,SRV,WRK,,,,,,,,,,,7910,,,,M,,,,,,,,,,,,,L1,,,,,,,,,,,,,,,,,,,,UDF
1330,INAPL,201330,MR,SANJEEV KUMAR,UDF,,C,G,,SRV,WRK,,,,,,,,,,,7565,,,,M,,,,,,,,,,,,,L1,,,,,,,,,,,,,,,,,,,,UDF
1331,INAPL,201331,MR,KAMAL SINGH,UDF,,C,G,,SRV,WRK,,,,,,,,,,,9630,,,,M,,,,,,,,,,,,,L1,,,,,,,,,,,,,,,,,,,,UDF
1332,INAPL,201332,MR,MUKESH GUPTA-I,UDF,,C,G,,SRV,WRK,,,,,,,,,,,8183,,,,M,,,,,,,,,,,,,L1,,,,,,,,,,,,,,,,,,,,UDF
1333,INAPL,201333,MR,RANVEER SINGH,UDF,,C,G,,SRV,WRK,,,,,,,,,,,6695,,,,M,,,,,,,,,,,,,L1,,,,,,,,,,,,,,,,,,,,UDF
1334,INAPL,201334,MR,JATA SHANKAR,UDF,,C,G,,SRV,WRK,,,,,,,,,,,,,,,M,,,,,,,,,,,,,L1,,,,,,,,,,,,,,,,,,,,UDF
1335,INAPL,201335,MR,PREM PAL,UDF,,C,G,,SRV,WRK,,,,,,,,,,,9164,,,,M,,,,,,,,,,,,,L1,,,,,,,,,,,,,,,,,,,,UDF
1336,INAPL,201336,MR,MANOJ KR,UDF,,C,G,,SRV,WRK,,,,,,,,,,,,,,,M,,,,,,,,,,,,,L1,,,,,,,,,,,,,,,,,,,,UDF
1337,INAPL,201337,MR,MADAN KR,UDF,,C,G,,SRV,WRK,,,,,,,,,,,,,,,M,,,,,,,,,,,,,L1,,,,,,,,,,,,,,,,,,,,UDF
1338,INAPL,201338,MR,RAVINDRA KUMAR,UDF,,C,G,,SRV,WRK,,,,,,,,,,,6340,,,,M,,,,,,,,,,,,,L1,,,,,,,,,,,,,,,,,,,,UDF
1339,INAPL,201339,MR,ARUN JHA,UDF,,C,G,,SRV,WRK,,,,,,,,,,,,,,,M,,,,,,,,,,,,,L1,,,,,,,,,,,,,,,,,,,,UDF
1340,INAPL,201340,MR,RAJ KUMAR,UDF,,C,G,,SRV,WRK,,,,,,,,,,,,,,,M,,,,,,,,,,,,,L1,,,,,,,,,,,,,,,,,,,,UDF
1341,INAPL,201341,MR,MUNISH YADAV,UDF,,C,G,,SRV,WRK,,,,,,,,,,,,,,,M,,,,,,,,,,,,,L1,,,,,,,,,,,,,,,,,,,,UDF
1342,INAPL,201342,MR,VINOD KUMAR,UDF,,C,G,,SRV,WRK,,,,,,,,,,,,,,,M,,,,,,,,,,,,,L1,,,,,,,,,,,,,,,,,,,,UDF
1343,INAPL,201343,MR,HARIOM,UDF,,C,G,,SRV,WRK,,,,,,,,,,,,,,,M,,,,,,,,,,,,,L1,,,,,,,,,,,,,,,,,,,,UDF
1344,INAPL,201344,MR,LALIT KUMAR,UDF,,C,G,,SRV,WRK,,,,,,,,,,,,,,,M,,,,,,,,,,,,,L1,,,,,,,,,,,,,,,,,,,,UDF
1345,INAPL,201345,MR,AMBESH KUMAR DUBEY,UDF,,C,G,,SRV,WRK,,,,,,,,,,,,,,,M,,,,,,,,,,,,,L1,,,,,,,,,,,,,,,,,,,,UDF
1346,INAPL,201346,MR,GULAB KUMAR,UDF,,C,G,,SRV,WRK,,,,,,,,,,,,,,,M,,,,,,,,,,,,,L1,,,,,,,,,,,,,,,,,,,,UDF
1347,INAPL,201347,MR,TAPAN KUMAR,UDF,,C,G,,SRV,WRK,,,,,,,,,,,,,,,M,,,,,,,,,,,,,L1,,,,,,,,,,,,,,,,,,,,UDF
1348,INAPL,201348,MR,NITIN GUPTA,UDF,,C,G,,SRV,WRK,,,,,,,,,,,,,,,M,,,,,,,,,,,,,L1,KUNDAN LAL,,,,,,,,,,,,,,,,,,,UDF
1349,INAPL,201349,MR,ASHOK KUMAR SHARMA,UDF,,C,G,,SRV,WRK,,,,,,,,,,,,,,,M,,,,,,,,,,,,,L1,OM PRAKASH,,,,,,,,,,,,,,,,,,,UDF
1350,PILSE,201350,MR,DEEPAK SHARMA,UDF,,C,G,,SRV,WRK,,,,,,,,,,,,,,,M,,,,,,,,,,,,,L1,,,,,,,,,,,,,,,,,,,,UDF
1351,PILSE,201351,MR,JAKIR HUSAIN,UDF,,C,G,,SRV,WRK,,,,,,,,,,,,,,,M,,,,,,,,,,,,,L1,,,,,,,,,,,,,,,,,,,,UDF
1352,PILSE,201352,MR,MAN SINGH,UDF,,C,G,,SRV,WRK,,,,,,,,,,,,,,,M,,,,,,,,,,,,,L1,,,,,,,,,,,,,,,,,,,,UDF
1353,PILSE,201353,MR,KARAN PAL,UDF,,C,G,,SRV,WRK,,,,,,,,,,,,,,,M,,,,,,,,,,,,,L1,,,,,,,,,,,,,,,,,,,,UDF
1354,PILSE,201354,MR,AJAY M,UDF,,C,G,,SRV,WRK,,,,,,,,,,,,,,,M,,,,,,,,,,,,,L1,,,,,,,,,,,,,,,,,,,,UDF
1355,PILSE,201355,MR,SANJAY SRIVASTAV,UDF,,C,G,,SRV,WRK,,,,,,,,,,,,,,,M,,,,,,,,,,,,,L1,,,,,,,,,,,,,,,,,,,,UDF
1356,PILSE,201356,MR,BRIJESH I,UDF,,C,G,,SRV,WRK,,,,,,,,,,,,,,,M,,,,,,,,,,,,,L1,,,,,,,,,,,,,,,,,,,,UDF
1357,PILSE,201357,MR,SANJEEV KUMAR,UDF,,C,G,,SRV,WRK,,,,,,,,,,,,,,,M,,,,,,,,,,,,,L1,,,,,,,,,,,,,,,,,,,,UDF
1358,PILSE,201358,MR,DINESH I,UDF,,C,G,,SRV,WRK,,,,,,,,,,,,,,,M,,,,,,,,,,,,,L1,,,,,,,,,,,,,,,,,,,,UDF
1359,PILSE,201359,MR,RAM LAL,UDF,,C,G,,SRV,WRK,,,,,,,,,,,,,,,M,,,,,,,,,,,,,L1,,,,,,,,,,,,,,,,,,,,UDF
1360,PILSE,201360,MR,BIJENDER,UDF,,C,G,,SRV,WRK,,,,,,,,,,,,,,,M,,,,,,,,,,,,,L1,,,,,,,,,,,,,,,,,,,,UDF
1361,PILSE,201361,MR,DINA NATH,UDF,,C,G,,SRV,WRK,,,,,,,,,,,,,,,M,,,,,,,,,,,,,L1,,,,,,,,,,,,,,,,,,,,UDF
1362,PILSE,201362,MR,SATRUGHAN I,UDF,,C,G,,SRV,WRK,,,,,,,,,,,,,,,M,,,,,,,,,,,,,L1,,,,,,,,,,,,,,,,,,,,UDF
1363,PILSE,201363,MR,AJAY KUMAR,UDF,,C,G,,SRV,WRK,,,,,,,,,,,,,,,M,,,,,,,,,,,,,L1,,,,,,,,,,,,,,,,,,,,UDF
1364,PILSE,201364,MR,DINESH III,UDF,,C,G,,SRV,WRK,,,,,,,,,,,,,,,M,,,,,,,,,,,,,L1,,,,,,,,,,,,,,,,,,,,UDF
1365,PILSE,201365,MR,SAT PRAKASH,UDF,,C,G,,SRV,WRK,,,,,,,,,,,,,,,M,,,,,,,,,,,,,L1,,,,,,,,,,,,,,,,,,,,UDF
1366,PILSE,201366,MR,RAMA SHANKAR,UDF,,C,G,,SRV,WRK,,,,,,,,,,,,,,,M,,,,,,,,,,,,,L1,,,,,,,,,,,,,,,,,,,,UDF
1367,PILSE,201367,MR,BRIJESH II,UDF,,C,G,,SRV,WRK,,,,,,,,,,,,,,,M,,,,,,,,,,,,,L1,,,,,,,,,,,,,,,,,,,,UDF
1368,PILSE,201368,MR,VIDHYADHAR,UDF,,C,G,,SRV,WRK,,,,,,,,,,,,,,,M,,,,,,,,,,,,,L1,,,,,,,,,,,,,,,,,,,,UDF
1369,PILSE,201369,MR,SATRUDHAN II,UDF,,C,G,,SRV,WRK,,,,,,,,,,,,,,,M,,,,,,,,,,,,,L1,,,,,,,,,,,,,,,,,,,,UDF
1370,PILSE,201370,MR,SUNDER PAL,UDF,,C,G,,SRV,WRK,,,,,,,,,,,,,,,M,,,,,,,,,,,,,L1,,,,,,,,,,,,,,,,,,,,UDF
1371,PILSE,201371,MR,ABDUL FARID,UDF,,C,G,,SRV,WRK,,,,,,,,,,,,,,,M,,,,,,,,,,,,,L1,,,,,,,,,,,,,,,,,,,,UDF
1372,PILSE,201372,MR,SANJAY II,UDF,,C,G,,SRV,WRK,,,,,,,,,,,,,,,M,,,,,,,,,,,,,L1,,,,,,,,,,,,,,,,,,,,UDF
1373,PILSE,201373,MR,GUDDU,UDF,,C,G,,SRV,WRK,,,,,,,,,,,,,,,M,,,,,,,,,,,,,L1,,,,,,,,,,,,,,,,,,,,UDF
1374,PILSE,201374,MR,RAMESH ,UDF,,C,G,,SRV,WRK,,,,,,,,,,,,,,,M,,,,,,,,,,,,,L1,,,,,,,,,,,,,,,,,,,,UDF
1375,PILSE,201375,MR,RAM PRASAD,UDF,,C,G,,SRV,WRK,,,,,,,,,,,,,,,M,,,,,,,,,,,,,L1,,,,,,,,,,,,,,,,,,,,UDF
1376,PILSE,201376,MR,PAWAN KUMAR,UDF,,C,G,,SRV,WRK,,,,,,,,,,,,,,,M,,,,,,,,,,,,,L1,,,,,,,,,,,,,,,,,,,,UDF
1377,PILSE,201377,MR,AZAD,UDF,,C,G,,SRV,WRK,,,,,,,,,,,,,,,M,,,,,,,,,,,,,L1,,,,,,,,,,,,,,,,,,,,UDF
1378,PILSE,201378,MR,LALU,UDF,,C,G,,SRV,WRK,,,,,,,,,,,,,,,M,,,,,,,,,,,,,L1,,,,,,,,,,,,,,,,,,,,UDF
1379,PILSE,201379,MR,DHANESH,UDF,,C,G,,SRV,WRK,,,,,,,,,,,,,,,M,,,,,,,,,,,,,L1,,,,,,,,,,,,,,,,,,,,UDF
1380,PILSE,201380,MR,TULSI RAO,UDF,,C,G,,SRV,WRK,,,,,,,,,,,,,,,M,,,,,,,,,,,,,L1,,,,,,,,,,,,,,,,,,,,UDF
1381,PILSE,201381,MR,LALU II,UDF,,C,G,,SRV,WRK,,,,,,,,,,,,,,,M,,,,,,,,,,,,,L1,,,,,,,,,,,,,,,,,,,,UDF
1382,PILSE,201382,MR,IRFAN,UDF,,C,G,,SRV,WRK,,,,,,,,,,,,,,,M,,,,,,,,,,,,,L1,,,,,,,,,,,,,,,,,,,,UDF
1383,PILSE,201383,MR,A KALU,UDF,,C,G,,SRV,WRK,,,,,,,,,,,,,,,M,,,,,,,,,,,,,L1,,,,,,,,,,,,,,,,,,,,UDF
1384,PILSE,201384,MR,KARAN   ,UDF,,C,G,,SRV,WRK,,,,,,,,,,,,,,,M,,,,,,,,,,,,,L1,,,,,,,,,,,,,,,,,,,,UDF
1385,PILSE,201385,MR,ABHIMANYU,UDF,,C,G,,SRV,WRK,,,,,,,,,,,,,,,M,,,,,,,,,,,,,L1,,,,,,,,,,,,,,,,,,,,UDF
1386,PILSE,201386,MR,AB SAINI,UDF,,C,G,,SRV,WRK,,,,,,,,,,,,,,,M,,,,,,,,,,,,,L1,,,,,,,,,,,,,,,,,,,,UDF
1387,PILSE,201387,MR,GOPAL,UDF,,C,G,,SRV,WRK,,,,,,,,,,,,,,,M,,,,,,,,,,,,,L1,,,,,,,,,,,,,,,,,,,,UDF
1388,PILSE,201388,MR,UMA LANT,UDF,,C,G,,SRV,WRK,,,,,,,,,,,,,,,M,,,,,,,,,,,,,L1,,,,,,,,,,,,,,,,,,,,UDF
1389,PILSE,201389,MR,UMESH,UDF,,C,G,,SRV,WRK,,,,,,,,,,,,,,,M,,,,,,,,,,,,,L1,,,,,,,,,,,,,,,,,,,,UDF
1390,PILSE,201390,MR,AJIT KUMAR,UDF,,C,G,,SRV,WRK,,,,,,,,,,,,,,,M,,,,,,,,,,,,,L1,,,,,,,,,,,,,,,,,,,,UDF
1391,PILSE,201391,MR,DINESH SRIVASTAV,UDF,,C,G,,SRV,WRK,,,,,,,,,,,,,,,M,,,,,,,,,,,,,L1,,,,,,,,,,,,,,,,,,,,UDF
1392,PILSE,201392,MR,SHARVESHWAR,UDF,,C,G,,SRV,WRK,,,,,,,,,,,,,,,M,,,,,,,,,,,,,L1,,,,,,,,,,,,,,,,,,,,UDF
1393,PILSE,201393,MR,HARDEEEP,UDF,,C,G,,SRV,WRK,,,,,,,,,,,,,,,M,,,,,,,,,,,,,L1,,,,,,,,,,,,,,,,,,,,UDF
1394,PILSE,201394,MR,DILESHWER,UDF,,C,G,,SRV,WRK,,,,,,,,,,,,,,,M,,,,,,,,,,,,,L1,,,,,,,,,,,,,,,,,,,,UDF
1395,PILSE,201395,MR,VIKASH KUMAR,UDF,,C,G,,SRV,WRK,,,,,,,,,,,,,,,M,,,,,,,,,,,,,L1,,,,,,,,,,,,,,,,,,,,UDF
1396,PILSE,201396,MR,SANTOSH SRIVASTAV,UDF,,C,G,,SRV,WRK,,,,,,,,,,,,,,,M,,,,,,,,,,,,,L1,,,,,,,,,,,,,,,,,,,,UDF
1397,PILSE,201397,MR,MANOJ RAWAT,UDF,,C,G,,SRV,WRK,,,,,,,,,,,,,,,M,,,,,,,,,,,,,L1,,,,,,,,,,,,,,,,,,,,UDF
1398,PILSE,201398,MR,RAHUL TIWARI,UDF,,C,G,,SRV,WRK,,,,,,,,,,,,,,,M,,,,,,,,,,,,,L1,,,,,,,,,,,,,,,,,,,,UDF
1399,PILME,201399,MR,MANISH TYAGI,UDF,,C,G,,SRV,WRK,,,,,,,,,,,5472,,8079262,,M,,,,,,,,,,,,,L1,RAM NATH TYAGI,,,,,,,,,,,,,,,,,,,UDF
1400,PILME,201400,MR,JAGPAL SINGH,UDF,,C,G,,SRV,WRK,,,,,,,,,,,6722,,8232451,,M,,,,,,,,,,,,,L1,JAI PAL SINGH,,,,,,,,,,,,,,,,,,,UDF
1401,PILME,201401,MR,PAWAN KUMAR,UDF,,C,G,,SRV,WRK,,,,,,,,,,,7590,,8233942,,M,,,,,,,,,,,,,L1,KEDAR SINGH,,,,,,,,,,,,,,,,,,,UDF
1402,PILME,201402,MR,SATVEER SINGH,UDF,,C,G,,SRV,WRK,,,,,,,,,,,6917,,8237700,,M,,,,,,,,,,,,,L1,KASHI RAM,,,,,,,,,,,,,,,,,,,UDF
1403,PILME,201403,MR,MUKESH KUMAR,UDF,,C,G,,SRV,WRK,,,,,,,,,,,7240,,8339450,,M,,,,,,,,,,,,,L1,MEGH SINGH,,,,,,,,,,,,,,,,,,,UDF
1404,PILME,201404,MR,LALIT KUMAR,UDF,,C,G,,SRV,WRK,,,,,,,,,,,9939,,8894199,,M,,,,,,,,,,,,,L1,,,,,,,,,,,,,,,,,,,,UDF
1405,PILME,201405,MR,MANOJ KUMAR-II,UDF,,C,G,,SRV,WRK,,,,,,,,,,,7592,,8422386,,M,,,,,,,,,,,,,L1,MAM CHAND,,,,,,,,,,,,,,,,,,,UDF
1406,PILME,201406,MR,CHANDRA SHEKHAR,UDF,,C,G,,SRV,WRK,,,,,,,,,,,7594,,8341494,,M,,,,,,,,,,,,,L1,,,,,,,,,,,,,,,,,,,,UDF
1407,PILME,201407,MR,SUBASH YADAV,UDF,,C,G,,SRV,WRK,,,,,,,,,,,7949,,8429464,,M,,,,,,,,,,,,,L1,,,,,,,,,,,,,,,,,,,,UDF
1408,PILME,201408,MR,NIHAL CHAND,UDF,,C,G,,SRV,WRK,,,,,,,,,,,9941,,8896713,,M,,,,,,,,,,,,,L1,SHYAM CHARAN,,,,,,,,,,,,,,,,,,,UDF
1409,PILME,201409,MR,GAUTAM,UDF,,C,G,,SRV,WRK,,,,,,,,,,,9942,,8894200,,M,,,,,,,,,,,,,L1,,,,,,,,,,,,,,,,,,,,UDF
1410,PILME,201410,MR,RAM KISHAN,UDF,,C,G,,SRV,WRK,,,,,,,,,,,9946,,8080297,,M,,,,,,,,,,,,,L1,,,,,,,,,,,,,,,,,,,,UDF
1411,PILME,201411,MR,SUBASH CHAND,UDF,,C,G,,SRV,WRK,,,,,,,,,,,9940,,8894198,,M,,,,,,,,,,,,,L1,,,,,,,,,,,,,,,,,,,,UDF
1412,PILME,201412,MR,CHANDER PAL,UDF,,C,G,,SRV,WRK,,,,,,,,,,,9943,,8896715,,M,,,,,,,,,,,,,L1,KHUSHI RAM,,,,,,,,,,,,,,,,,,,UDF
1413,PILME,201413,MR,GANGADHAR,UDF,,C,G,,SRV,WRK,,,,,,,,,,,9944,,,,M,,,,,,,,,,,,,L1,,,,,,,,,,,,,,,,,,,,UDF
1414,PILME,201414,MR,RANJEET KR,UDF,,C,G,,SRV,WRK,,,,,,,,,,,9945,,8894197,,M,,,,,,,,,,,,,L1,,,,,,,,,,,,,,,,,,,,UDF
1415,PILME,201415,MR,BHUTA SINGH,UDF,,C,G,,SRV,WRK,,,,,,,,,,,,,,,M,,,,,,,,,,,,,L1,,,,,,,,,,,,,,,,,,,,UDF
1416,IAPU1,201416,MR,ANIL NAGAR,UDF,,C,G,,SRV,SUP,,,,,,,,,,,,,,,M,,,,,,,,,,,,,L1,NANNU SINGH,,,,,,,,,,,,,,,,,,,UDF
1417,IAPU1,201417,MR,YOGESH,UDF,,C,G,,SRV,SEC,,,,,,,,,,,,,,,M,,,,,,,,,,,,,L1,BIJENDER,,,,,,,,,,,,,,,,,,,UDF
1418,IAPU1,201418,MR,KAPIL KUMAR,UDF,,C,G,,SRV,SEC,,,,,,,,,,,,,,,M,,,,,,,,,,,,,L1,,,,,,,,,,,,,,,,,,,,UDF
1419,IAPU1,201419,MR,MAHESH AWASTHI,UDF,,C,G,,SRV,SEC,,,,,,,,,,,,,,,M,,,,,,,,,,,,,L1,PREM NARAYAN,,,,,,,,,,,,,,,,,,,UDF
1420,IAPU1,201420,MR,SURENDER SINGH,UDF,,C,G,,SRV,SEC,,,,,,,,,,,,,,,M,,,,,,,,,,,,,L1,INDER PAL,,,,,,,,,,,,,,,,,,,UDF
1421,IAPU1,201421,MR,LAXMAN SHARMA,UDF,,C,G,,SRV,SEC,,,,,,,,,,,,,,,M,,,,,,,,,,,,,L1,RAM SARAN,,,,,,,,,,,,,,,,,,,UDF
1422,IAPU1,201422,MR,NAVEEN,UDF,,C,G,,SRV,SEC,,,,,,,,,,,,,,,M,,,,,,,,,,,,,L1,YASHVEER,,,,,,,,,,,,,,,,,,,UDF
1423,IAPU1,201423,MR,LOKESH,UDF,,C,G,,SRV,SEC,,,,,,,,,,,,,,,M,,,,,,,,,,,,,L1,SATYA PAL,,,,,,,,,,,,,,,,,,,UDF
1424,IAPU1,201424,MR,RAJENDER,UDF,,C,G,,SRV,SEC,,,,,,,,,,,,,,,M,,,,,,,,,,,,,L1,,,,,,,,,,,,,,,,,,,,UDF
1425,IAPU2,201425,MR,ASHOK SINGH,UDF,,C,G,,SRV,WRK,,,,,,,,,,,9892,,,,M,,,,,,,,,,,,,L1,,,,,,,,,,,,,,,,,,,,UDF
1426,IAPU2,201426,MR,SHILANAND JHA,UDF,,C,G,,SRV,WRK,,,,,,,,,,,6809,,,,M,,,,,,,,,,,,,L1,,,,,,,,,,,,,,,,,,,,UDF
1427,IAPU2,201427,MR,SHARWAN PASWAN,UDF,,C,G,,SRV,WRK,,,,,,,,,,,5147,,,,M,,,,,,,,,,,,,L1,,,,,,,,,,,,,,,,,,,,UDF
1428,IAPU2,201428,MR,VINOD KUMAR,UDF,,C,G,,SRV,WRK,,,,,,,,,,,7915,,,,M,,,,,,,,,,,,,L1,,,,,,,,,,,,,,,,,,,,UDF
1429,IAPU2,201429,MR,VIJAY KUMAR,UDF,,C,G,,SRV,WRK,,,,,,,,,,,7653,,,,M,,,,,,,,,,,,,L1,,,,,,,,,,,,,,,,,,,,UDF
1430,IAPU2,201430,MR,VIKASH KUMAR,UDF,,C,G,,SRV,WRK,,,,,,,,,,,8185,,,,M,,,,,,,,,,,,,L1,,,,,,,,,,,,,,,,,,,,UDF
1431,IAPU2,201431,MR,VISHAL KUMAR,UDF,,C,G,,SRV,WRK,,,,,,,,,,,8263,,,,M,,,,,,,,,,,,,L1,,,,,,,,,,,,,,,,,,,,UDF
1432,IAPU2,201432,MR,VIVEK KUMAR,UDF,,C,G,,SRV,WRK,,,,,,,,,,,7918,,,,M,,,,,,,,,,,,,L1,,,,,,,,,,,,,,,,,,,,UDF
1433,IAPU2,201433,MR,RAM KISHORE,UDF,,C,G,,SRV,WRK,,,,,,,,,,,8186,,,,M,,,,,,,,,,,,,L1,,,,,,,,,,,,,,,,,,,,UDF
1434,IAPU2,201434,MR,LOV KUSH,UDF,,C,G,,SRV,WRK,,,,,,,,,,,7916,,,,M,,,,,,,,,,,,,L1,,,,,,,,,,,,,,,,,,,,UDF
1435,IAPU2,201435,MR,MANOJ KUMAR,UDF,,C,G,,SRV,WRK,,,,,,,,,,,8187,,,,M,,,,,,,,,,,,,L1,,,,,,,,,,,,,,,,,,,,UDF
1436,IAPU2,201436,MR,KOMOD KUMAR,UDF,,C,G,,SRV,WRK,,,,,,,,,,,8027,,,,M,,,,,,,,,,,,,L1,,,,,,,,,,,,,,,,,,,,UDF
1437,IAPU2,201437,MR,KARAM VEER,UDF,,C,G,,SRV,WRK,,,,,,,,,,,8026,,,,M,,,,,,,,,,,,,L1,,,,,,,,,,,,,,,,,,,,UDF
1438,IAPU2,201438,MR,NARENDER KUMAR,UDF,,C,G,,SRV,WRK,,,,,,,,,,,7920,,,,M,,,,,,,,,,,,,L1,,,,,,,,,,,,,,,,,,,,UDF
1439,CUCRN,201439,MR,SUDHIR,UDF,,C,G,,SRV,WRK,,,,,,,,,,,,,,,M,,,,,,,,,,,,,L1,,,,,,,,,,,,,,,,,,,,UDF
1440,CUCRN,201440,MR,REMENT MISRA,UDF,,C,G,,SRV,WRK,,,,,,,,,,,,,,,M,,,,,,,,,,,,,L1,,,,,,,,,,,,,,,,,,,,UDF
1441,CUCRN,201441,MR,SURENDER YADAV,UDF,,C,G,,SRV,WRK,,,,,,,,,,,,,,,M,,,,,,,,,,,,,L1,,,,,,,,,,,,,,,,,,,,UDF
1442,CUCRN,201442,MR,CHANDER PAL,UDF,,C,G,,SRV,WRK,,,,,,,,,,,,,,,M,,,,,,,,,,,,,L1,,,,,,,,,,,,,,,,,,,,UDF
1443,CUCRN,201443,MR,RAVINDER KUMAR,UDF,,C,G,,SRV,WRK,,,,,,,,,,,,,,,M,,,,,,,,,,,,,L1,,,,,,,,,,,,,,,,,,,,UDF
1444,CUCRN,201444,MR,SANJAY KUMAR TIWARI,UDF,,C,G,,SRV,WRK,,,,,,,,,,,,,,,M,,,,,,,,,,,,,L1,,,,,,,,,,,,,,,,,,,,UDF
1445,CUCRN,201445,MR,ASHOK KUMAR,UDF,,C,G,,SRV,WRK,,,,,,,,,,,,,,,M,,,,,,,,,,,,,L1,,,,,,,,,,,,,,,,,,,,UDF
1446,CUCRN,201446,MR,MAHESH SINGH,UDF,,C,G,,SRV,WRK,,,,,,,,,,,,,,,M,,,,,,,,,,,,,L1,,,,,,,,,,,,,,,,,,,,UDF
1447,CUCRN,201447,MR,AKHILESH PANDEY,UDF,,C,G,,SRV,WRK,,,,,,,,,,,,,,,M,,,,,,,,,,,,,L1,,,,,,,,,,,,,,,,,,,,UDF
1448,CUCRN,201448,MR,AKSHAY PAL SINGH,UDF,,C,G,,SRV,WRK,,,,,,,,,,,,,,,M,,,,,,,,,,,,,L1,,,,,,,,,,,,,,,,,,,,UDF
1449,CUCRN,201449,MR,ADYASHANKAR SHUKLA,UDF,,C,G,,SRV,WRK,,,,,,,,,,,,,,,M,,,,,,,,,,,,,L1,,,,,,,,,,,,,,,,,,,,UDF
1450,CUCRN,201450,MR,RAKESH DIVEDI,UDF,,C,G,,SRV,WRK,,,,,,,,,,,,,,,M,,,,,,,,,,,,,L1,,,,,,,,,,,,,,,,,,,,UDF
1451,CUCRN,201451,MR,MOHIT KUMAR,UDF,,C,G,,SRV,WRK,,,,,,,,,,,,,,,M,,,,,,,,,,,,,L1,,,,,,,,,,,,,,,,,,,,UDF
1452,CUCRN,201452,MR,DHANPAL SINGH,UDF,,C,G,,SRV,WRK,,,,,,,,,,,,,,,M,,,,,,,,,,,,,L1,,,,,,,,,,,,,,,,,,,,UDF
1453,CUCRN,201453,MR,VIRENDER SINGH NEGI,UDF,,C,G,,SRV,WRK,,,,,,,,,,,,,,,M,,,,,,,,,,,,,L1,,,,,,,,,,,,,,,,,,,,UDF
1454,CUCRN,201454,MR,ASHOK KUMAR,UDF,,C,G,,SRV,WRK,,,,,,,,,,,,,,,M,,,,,,,,,,,,,L1,,,,,,,,,,,,,,,,,,,,UDF
1455,CUCRN,201455,MR,OMKAR SINGH,UDF,,C,G,,SRV,WRK,,,,,,,,,,,,,,,M,,,,,,,,,,,,,L1,,,,,,,,,,,,,,,,,,,,UDF
1456,CUCRN,201456,MR,PINTOO KUMAR,UDF,,C,G,,SRV,WRK,,,,,,,,,,,,,,,M,,,,,,,,,,,,,L1,,,,,,,,,,,,,,,,,,,,UDF
1457,CUCRN,201457,MR,NILESH KUMAR TIWARI,UDF,,C,G,,SRV,WRK,,,,,,,,,,,,,,,M,,,,,,,,,,,,,L1,,,,,,,,,,,,,,,,,,,,UDF
1458,CUCRN,201458,MR,MAHESH CHAND,UDF,,C,G,,SRV,WRK,,,,,,,,,,,,,,,M,,,,,,,,,,,,,L1,,,,,,,,,,,,,,,,,,,,UDF
1459,CUCRN,201459,MR,SANJEEV TOMAR,UDF,,C,G,,SRV,WRK,,,,,,,,,,,,,,,M,,,,,,,,,,,,,L1,,,,,,,,,,,,,,,,,,,,UDF
1460,CUCRN,201460,MR,ANIL KUMAR SINGH,UDF,,C,G,,SRV,WRK,,,,,,,,,,,,,,,M,,,,,,,,,,,,,L1,,,,,,,,,,,,,,,,,,,,UDF
1461,CUCRN,201461,MR,NATHUNI PASWAN,UDF,,C,G,,SRV,WRK,,,,,,,,,,,,,,,M,,,,,,,,,,,,,L1,,,,,,,,,,,,,,,,,,,,UDF
1462,CUCRN,201462,MR,VED NATH SRIVASTAV,UDF,,C,G,,SRV,WRK,,,,,,,,,,,,,,,M,,,,,,,,,,,,,L1,,,,,,,,,,,,,,,,,,,,UDF
1463,CUCRN,201463,MR,BRINDAVAN GOUDA,UDF,,C,G,,SRV,WRK,,,,,,,,,,,,,,,M,,,,,,,,,,,,,L1,,,,,,,,,,,,,,,,,,,,UDF
1464,CUCRN,201464,MR,RAJ KUMAR,UDF,,C,G,,SRV,WRK,,,,,,,,,,,,,,,M,,,,,,,,,,,,,L1,,,,,,,,,,,,,,,,,,,,UDF
1465,CUCRN,201465,MR,CHOTE LAL MISHRA,UDF,,C,G,,SRV,WRK,,,,,,,,,,,,,,,M,,,,,,,,,,,,,L1,,,,,,,,,,,,,,,,,,,,UDF
1466,CUCRN,201466,MR,MAKHAN SINGH,UDF,,C,G,,SRV,WRK,,,,,,,,,,,,,,,M,,,,,,,,,,,,,L1,,,,,,,,,,,,,,,,,,,,UDF
1467,CUCRN,201467,MR,BHARAT SINGH,UDF,,C,G,,SRV,WRK,,,,,,,,,,,,,,,M,,,,,,,,,,,,,L1,,,,,,,,,,,,,,,,,,,,UDF
1468,CUCRN,201468,MR,MUNNA AJIJ,UDF,,C,G,,SRV,WRK,,,,,,,,,,,,,,,M,,,,,,,,,,,,,L1,,,,,,,,,,,,,,,,,,,,UDF
1469,CUCRN,201469,MR,RAM KUMAR MISHRA,UDF,,C,G,,SRV,WRK,,,,,,,,,,,,,,,M,,,,,,,,,,,,,L1,,,,,,,,,,,,,,,,,,,,UDF
1470,CUCRN,201470,MR,PANKAJ SINGH,UDF,,C,G,,SRV,WRK,,,,,,,,,,,,,,,M,,,,,,,,,,,,,L1,,,,,,,,,,,,,,,,,,,,UDF
1471,CUCRN,201471,MR,RAN LAKHAN,UDF,,C,G,,SRV,WRK,,,,,,,,,,,,,,,M,,,,,,,,,,,,,L1,,,,,,,,,,,,,,,,,,,,UDF
1472,CUCRN,201472,MR,ASHOK KUMAR,UDF,,C,G,,SRV,WRK,,,,,,,,,,,,,,,M,,,,,,,,,,,,,L1,,,,,,,,,,,,,,,,,,,,UDF
1473,CUCRN,201473,MR,PULAK DEV NATH,UDF,,C,G,,SRV,WRK,,,,,,,,,,,,,,,M,,,,,,,,,,,,,L1,,,,,,,,,,,,,,,,,,,,UDF
1474,CUCRN,201474,MR,ASHOK KUMAR MAURYA,UDF,,C,G,,SRV,WRK,,,,,,,,,,,,,,,M,,,,,,,,,,,,,L1,,,,,,,,,,,,,,,,,,,,UDF
1475,CUCRN,201475,MR,NAVEEN CHATURVEDI,UDF,,C,G,,SRV,WRK,,,,,,,,,,,,,,,M,,,,,,,,,,,,,L1,,,,,,,,,,,,,,,,,,,,UDF
1476,CUCRN,201476,MR,UMESH KUMAR,UDF,,C,G,,SRV,WRK,,,,,,,,,,,,,,,M,,,,,,,,,,,,,L1,,,,,,,,,,,,,,,,,,,,UDF
1477,CUCRN,201477,MR,SATYAVEER SINGH,UDF,,C,G,,SRV,WRK,,,,,,,,,,,,,,,M,,,,,,,,,,,,,L1,,,,,,,,,,,,,,,,,,,,UDF
1478,CUCRN,201478,MR,YOGENDER SINGH,UDF,,C,G,,SRV,WRK,,,,,,,,,,,,,,,M,,,,,,,,,,,,,L1,,,,,,,,,,,,,,,,,,,,UDF
1479,CUCRN,201479,MR,GOUTAM DASS,UDF,,C,G,,SRV,WRK,,,,,,,,,,,,,,,M,,,,,,,,,,,,,L1,,,,,,,,,,,,,,,,,,,,UDF
1480,CUCRN,201480,MR,PRAMOD KUMAR YADAV,UDF,,C,G,,SRV,WRK,,,,,,,,,,,,,,,M,,,,,,,,,,,,,L1,,,,,,,,,,,,,,,,,,,,UDF
1481,RGBEN,201481,MR,PANKAJ,UDF,,C,G,,SRV,SEC,,,,,,,,,,,,,,,M,,,,,,,,,,,,,L1,,,,,,,,,,,,,,,,,,,,UDF
1482,CRTPL,201482,MR,RAJNISH KUMAR,UDF,,C,G,,SRV,WRK,,,,,,,,,,,9759,,,,M,,,,,,,,,,,,,L1,RADHEY SHYAM,,,,,,,,,,,,,,,,,,,UDF
1483,CRTPL,201483,MR,SURJEET KUMAR,UDF,,C,G,,SRV,WRK,,,,,,,,,,,9760,,,,M,,,,,,,,,,,,,L1,JAGARNATH,,,,,,,,,,,,,,,,,,,UDF
1484,CRTPL,201484,MR,GUDDU,UDF,,C,G,,SRV,WRK,,,,,,,,,,,9847,,,,M,,,,,,,,,,,,,L1,HAKEMUDDIN,,,,,,,,,,,,,,,,,,,UDF
1485,CRTPL,201485,MR,SHOAB,UDF,,C,G,,SRV,WRK,,,,,,,,,,,9848,,,,M,,,,,,,,,,,,,L1,HAFIZUDDIN,,,,,,,,,,,,,,,,,,,UDF
1486,CRTPL,201486,MR,AVESH,UDF,,C,G,,SRV,WRK,,,,,,,,,,,9850,,,,M,,,,,,,,,,,,,L1,HABIBUL,,,,,,,,,,,,,,,,,,,UDF
1487,CRTPL,201487,MR,NAUSHAD,UDF,,C,G,,SRV,WRK,,,,,,,,,,,,,,,M,,,,,,,,,,,,,L1,IDRISH,,,,,,,,,,,,,,,,,,,UDF
1488,CRTPL,201488,MR,MRS SHEELA,UDF,,C,G,,SRV,WRK,,,,,,,,,,,,,,,M,,,,,,,,,,,,,L1,PRATAP,,,,,,,,,,,,,,,,,,,UDF
1489,CRTPL,201489,MR,MRS RADHA,UDF,,C,G,,SRV,WRK,,,,,,,,,,,,,,,M,,,,,,,,,,,,,L1,RADHEY SHYAM,,,,,,,,,,,,,,,,,,,UDF
1490,CRTPL,201490,MR,MRS SUMITRA,UDF,,C,G,,SRV,WRK,,,,,,,,,,,,,,,M,,,,,,,,,,,,,L1,SUBHASH,,,,,,,,,,,,,,,,,,,UDF
1491,CRTPL,201491,MR,GOPAL RAM,UDF,,C,G,,SRV,WRK,,,,,,,,,,,,,,,M,,,,,,,,,,,,,L1,RADHEY SHYAM,,,,,,,,,,,,,,,,,,,UDF
1492,CRTPL,201492,MR,RASHEED ZAMAL,UDF,,C,G,,SRV,WRK,,,,,,,,,,,,,,,M,,,,,,,,,,,,,L1,AFZAL AKHTAR,,,,,,,,,,,,,,,,,,,UDF
1493,CRTPL,201493,MR,RAHUL KUMAR JHA,UDF,,C,G,,SRV,WRK,,,,,,,,,,,,,,,M,,,,,,,,,,,,,L1,NARENDER JHA,,,,,,,,,,,,,,,,,,,UDF
1494,CRTPL,201494,MR,RAM SEWAK,UDF,,C,G,,SRV,WRK,,,,,,,,,,,,,,,M,,,,,,,,,,,,,L1,RADHEY SHYAM,,,,,,,,,,,,,,,,,,,UDF
1495,CRTPL,201495,MR,RAJ KISHORE,UDF,,C,G,,SRV,WRK,,,,,,,,,,,,,,,M,,,,,,,,,,,,,L1,LAL BAHADUR,,,,,,,,,,,,,,,,,,,UDF
1496,CRTPL,201496,MR,CHANDERJEET,UDF,,C,G,,SRV,WRK,,,,,,,,,,,,,,,M,,,,,,,,,,,,,L1,KHADAG SINGH,,,,,,,,,,,,,,,,,,,UDF
1497,CRTPL,201497,MR,JITENDER SHARMA,UDF,,C,G,,SRV,WRK,,,,,,,,,,,,,,,M,,,,,,,,,,,,,L1,DEVKINANDAN,,,,,,,,,,,,,,,,,,,UDF