1,AUJL,,,AMAR UJALA,AMARUJALA,PUNJAB,,,,A-5; SPORTS AND SURGICAL GOODS COMPLEX KAPURTHALA ROAD; JALANDHAR,,,,,,,,,,1-Apr-2006,31-Mar-2008,,,,7,10,12.36,6,26,8

2,AUNO,,,AMAR UJALA,AMARUJALA,U.P.,,,,E- 55; SEC. 8; NOIDA,,,,,,,,,,1-Apr-2006,31-Mar-2008,,,,7,10,12.36,6,42,8

3,AUAG,,,AMAR UJALA,AMARUJALA,U.P.,,,,NEAR GURU KA TAAL; SIKANDRA ROAD AGRA.,,,,,,,,,,1-Apr-2007,31-Mar-2009,,,,7,10,12.36,6,4,8

4,AUMRT,,,AMAR UJALA,AMARUJALA,U.P.,,,,164; MOHLAMPUR; DELHI ROAD ; MEERUT,,,,,,,,,,1-Apr-2007,31-Mar-2008,,,,7,10,12.36,6,16,8

5,AUHLDN,,,AMAR UJALA,AMARUJALA,UT.,,,,137;MANPUR WEST; RAMPUR ROAD; HALDWANI,,,,,,,,,,1-Aug-2006,31-Jul-2008,,,,7,10,12.36,6,6,8

6,AUALGR,,,AMAR UJALA,AMARUJALA,U.P.,,,,SHEEL PALACE; ACHAL TAAL; G T ROAD ALIGARH,,,,,,,,,,1-Oct-2006,30-Sep-2009,,,,7,10,12.36,6,7,8

7,AUDDN,,,AMAR UJALA,AMARUJALA,UT.,,,,SHED NO. 2; PATEL NAGAR;INDUSTRIAL ESTATE; DEHRADOON.,,,,,,,,,,1-Apr-2006,31-Mar-2008,,,,7,10,12.36,6,16,8

8,AUKNP,,,AMAR UJALA,AMARUJALA,U.P.,,,,89; GOVERNMENT INDUSTRIAL ESTATE KALPI ROAD; KANPUR,,,,,,,,,,1-Aug-2006,31-Jul-2008,,,,7,10,12.36,6,17,8

9,AUVRNS,,,AMAR UJALA,AMARUJALA,U.P.,,,,A-6; BIG INDUSTRIAL ESTATE; CHANDPUR VARANASI,,,,,,,,,,1-Jun-2006,30-May-2008,,,,7,10,12.36,6,22,8

10,AUALBH,,,AMAR UJALA,AMARUJALA,U.P.,,,,G T ROAD BAMRAULI ; ALLAHABAD,,,,,,,,,,1-Mar-2008,28-Feb-2009,,,,7,10,12.36,6,19,8

11,AAILALG,,,ANAND AGROCHEM INDIA LTD.,NONE,U.P.,,,,28 KM GOPI LADHUA VILL. ALIGARH,,,,,,,,,,,,,,,7,10,12.36,6,2,8

12,APSKSRP,,,ALPS INDUSTRIES LTD,NONE,U.P.,,,,BAJPUR ROAD KASHIPUR,,,,,,,,,,1-Feb-2006,31-Jan-2008,,,,7,10,12.36,6,0,12

13,AELSNPT,,,AMAR ELASTO LTD.,NONE,HR.,,,,KUNDLI SONIPAT,,,,,,,,,,1-Apr-2007,31-Mar-2008,,,,7,10,12.36,6,6,8

14,AINDGZB,,,AMBA INDUSTRIES,NONE,U.P.,,,,C- 156; B.S. ROAD INDUSTIAL AREA; GHAZIABAD,,,,,,,,,,31-Mar-2008,28-Feb-2009,,,,7,10,12.36,6,4,12

15,BELLTPR,,,BHARAT EXPLOSIVE LTD.,NONE,U.P.,,,,JHANSI ROAD LALITPUR,,,,,,,,,,30-Apr-2008,29-Apr-2009,,,,7,10,12.36,6,0,8

16,BHLBJR,,,BAJAJ HINDUSTAN LTD. ,NONE,U.P.,,,,BELAI ; BIJNOUR,,,,,,,,,,1-Dec-2006,30-Sep-2007,,,,7,10,12.36,6,23,8

17,CRTNO,,,C & R TEXTILE,NONE,U.P.,,,,A-19 SEC. 60; NOIDA,,,,,,,,,,12-Dec-2006,13-Jul-2009,,,,7,15,12.36,6,8,12

18,CURCRFT,,,CURIO CRAFT,NONE,U.P.,,,,C-11; SEC. 57; NOIDA.,,,,,,,,,,1-Apr-2007,31-Mar-2009,,,,7,10,12.36,6,62,8

19,CZNIPL,,,CITIZEN ISPAT PVT. LTD.,NONE,U.P.,,,,KHASRA NO. 513; DUJANA ROAD; GHAZIABAD,,,,,,,,,,14-Mar-2008,13-Mar-2009,,,,7,7,12.36,6,18,12

20,NLKTP,,,NEEL KANTH POLYMERS,NONE,HR.,,,,KHILLA No. 48; PIAU MANIHARI ROAD; KUNDLI ;SONIPAT,,,,,,,,,,1-Aug-2008,31-Jul-2009,,,,7,10,12.36,6,0,12

21,SSLSTL,,,SUSHEELA STEEL,NONE,U.P.,,,,GHAZIABAD,,,,,,,,,,1-Apr-2007,31-Mar-2008,,,,7,10,12.36,6,2,12

22,SRMNTL,,,SHARMA MACHINE TOOLS,NONE,U.P.,,,,C-92; INDUSTRIAL AREA; BULANDSAHAR ROAD; GHAZIABAD,,,,,,,,,,20-Mar-2008,19-Mar-2009,,,,7,10,12.36,6,2,12

23,MHNECPL,,,MOHAN ELECTRO CASTING (P) LTD.,NONE,U.P.,,,,C-25;B.S. INDUSTRIAL AREA; GHAZIABAD,,,,,,,,,,28-Jul-2008,27-Jul-2009,,,,7,10,12.36,6,4,12

24,MZVENGI,,,MITZVAH ENGG. INC.,NONE,U.P.,,,,A-7\119; SOUTHSIDE GT ROAD INDUSTRIAL ROAD; GHAZIABAD,,,,,,,,,,17-Aug-2007,16-Apr-2009,,,,7,10,12.36,6,3,12

25,MDRTRPL,,,MAHENDRA TRANSFARMERS P. LTD.,NONE,U.P.,,,,F-10; SOUTHSIDE GT ROAD; INDUSTRIAL AREA; GHAZIABAD,,,,,,,,,,1-Apr-2007,31-Mar-2008,,,,7,8,12.36,6,1,12

26,MHRTNPL,,,MAHESHWARI WIRE P. LTD.,NONE,U.P.,,,,19-B;MOHKAMPUR;MEERUT,,,,,,,,,,24-Nov-2007,23-Nov-2008,,,,7,10,12.36,6,1,12

27,TNCMEP,,,TECHNOCHEM ENTERPRISES,NONE,U.P.,,,,KH-18;KAVI NAGAR GHAZIABAD,,,,,,,,,,15-Sep-2007,14-Sep-2008,,,,7,10,12.36,6,2,8

28,TYSEP,,,TRAYASH ENTERPRISES,NONE,U.P.,,,,2751/2752;BHOORGARHI; DASNA; GHAZIABAD,,,,,,,,,,10-Mar-2007,9-Mar-2008,,,,7,15,12.36,6,6,12

29,PSPSNIL,,,PUSHP SONS INDUSTRIES LTD.,NONE,DELHI,,,,B-40;OKHLA PHASE- 1; NEW DELHI,,,,,,,,,,,,,,,7,15,12.36,6,0,12

30,PTKBIPL,,,PRATEEK BUILDTECH (INDIA) PVT. LTD.,NONE,DELHI,,,,C-177;RAMPRASTHA GHAZIABAD,,,,,,,,,,1-Apr-2008,31-Mar-2009,,,,7,15,12.36,6,8,12

31,RBGEXPT,,,RBG EXPORT,NONE,U.P.,,,,C-32 SECTOR- 59;NOIDA,,,,,,,,,,1-Nov-2005,31-sep-2008,,,,7,15,12.36,6,1,12

32,RRBCPL,,,RRB CHEMICALPVT. LTD.,NONE,U.P.,,,,B-9; RDC RAJ NAGAR GHAZIABAD,,,,,,,,,,5-Mar-2008,14-Mar-2009,,,,7,15,12.36,6,8,12

33,ECOMC,,,ECO MART COMPANY,NONE,U.P.,,,,177;ANAND INDUSTRIAL ESTATE; MOHAN NAGAR; GHAZIABAD,,,,,,,,,,1-Apr-2007,31-Mar-2008,,,,7,15,12.36,6,0,8

34,FIEMIND,,,FIEM INDUSTRIES,NONE,HR.,,,,32-MILE STONE GT ROAD KUNDLI SONEPAT ,,,,,,,,,,1-Apr-2007,31-Mar-2008,,,,7,10,12.36,6,180,8

35,FIEMINDB,,,FIEM INDUSTRIES BANGLORE,NONE,KARNATAK,,,,POST ACHITAPALL DIST KRISHNAGAR P.O. KELAMANGLEM  ROAD ACHITAPALLI,,,,,,,,,,,,,,,7,10,12.36,6,0,8

36,FTRCONT,,,FUTRO COMPONENT ,NONE,U.P.,,,,FUTRO COMPONENT (P) LTD 260; KAUSHALYA ROAD ; HAPUR ROAD ; GHAZIABAD.,,,,,,,,,,4-Jan-2007,31-Mar-2008,,,,7,10,12.36,6,10,12

37,FLNGGDN,,,FLYING GOLDEN ,NONE,U.P.,,,,FLYING GOLDEN AMBEDKAR ROAD GHAZIABAD,,,,,,,,,,4-Jan-2007,31-Mar-2008,,,,7,10,12.36,6,4,8

38,FIEMINDSF,,,FIEM INDUSTRIES SINIK FARM,NONE,U.P.,,,,FIEM INDUSTRIES LTD 32; MILL STORE; KARNAL GT ROAD KUNDLI SONEPAT HARYANA SAINIK FARM DELHI ,,,,,,,,,,23-Jun-2008,22-Jun-2009,,,,7,10,12.36,6,7,12

39,GJFCHL,,,GUJRAT FLUROCHEMICALS LTD.,NONE,U.P.,,,,GUJRAT FLUROCHEMICALS LTD PLOT NO 17 SECTOR -16-A PHILIP CITY INOX TOWER NOIDA,,,,,,,,,,7-Jan-2007,30-Jun-2008,,,,7,10,12.36,6,9,8

40,GGENG,,,GO GOYAL ENGG,NONE,U.P.,,,,GO GOYAL ENGG ENTREPRISES G-60; OMDISTRIAL AREA HARIDWAR (U.P.),,,,,,,,,,4-Jan-2007,31-Mar-2009,,,,7,10,12.36,6,0,12

41,GASSO,,,GARG ASSOCIATES ,NONE,U.P.,,,,GARG ASSOCIATES 5; GANDHI NAGAR ; GHAZIABAD,,,,,,,,,,4-Apr-2007,31-Mar-2008,,,,7,10,12.36,6,1,12

42,GRSTAR,,,GOLDEN RATHI STAR,NONE,U.P.,,,,GOLDEN RATHI STAR INDUSTRIES LTD KHASARA NO 575-*576 DUJANA ROAD PATWARI KA BAGH ,GOUTAM BHUD NAGAR 203207,,,,,,,,,6-Jan-2007,30-May-2008,,,,7,10,12.36,6,3,12

43,HZIND,,,HOTZ INDUSTRIES,NONE,U.P,,,,HOTZ INDUSTRIES LTD PLOT NO 25; SURAJPUR KASNA ROAD GREATER NOIDA U.P.,,,,,,,,,,4-Jan-2005,31-Mar-2006,,,,7,10,12.36,6,396,8

44,HRM,,,H. R. M.,NONE,U. P.,,,,INDEN RIVER MILLS LTD P.O HINDON NAGAR ; DASNA GHAZIABAD U.P.,,,,,,,,,,,,,,,7,10,12.36,6,10,8

45,JGMLMP,,,JAGAN LAMP,NONE,HR.,,,,JAGAN LAMP LTD NARELA PLAU MANIHARI ROAD KUNDLI,,,,,,,,,,8-Jan-2008,31-Jul-2009,,,,7,10,12.36,6,2,8

46,INOXAP,,,INOX AIR PRODUCTS ,NONE,HP,,,,INOX AIR PRODUCTS LTD BADDI HIMACHAL PRADESH,,,,,,,,,,16-Nov-2006,15-Nov-2008,,,,7,10,12.36,6,40,8

47,INOXAPNO,,,INOX AIR PRODUCTS NOIDA,NONE,U.P.,,,,INOX AIR PRODUCTS LTD SURAJPUR KASHNA ROAD G. NOIDA GAUTAMNAGAR,,,,,,,,,,8-Jan-2008,31-Jul-2009,,,,7,10,12.36,6,8,8

48,CHDRHMR,,,CHAUDHARY HAMMER,NONE,U.P.,,,,CHAUDHARY HAMMER  WORKS LIMITED GHAZIABAD,,,,,,,,,,,,,,,7,10,12.36,6,7,12

49,HTCHENG,,,HITECH ENGINEERS,NONE,U.P,,,,HI TECH ENGINEERS KH-18; KAVI NAGAR ;GHAZIABAD,,,,,,,,,,,,,,,7,15,12.36,6,1,8

50,INDARY,,,INDO ARYA ,NONE,U.P,,,,INDO ARYA GT ROAD ; SAHIBABAD GHAZIABAD,,,,,,,,,,4-Apr-2006,4-Mar-2008,,,,7,15,12.36,6,3,12

51,CRTXTL,,,C & R TEXTILE,NONE,U.P.,,,,C & R TEXTILE A-19 SECTER -60;,,,,,,,,,,4-Jan-2007,31-Mar-2008,,,,7,14,12.36,6,5,8

52,CDIND,,,C D INDUSTRIES ,NONE,U.P,,,,C D INDUSTRIES  B S ROAD INDUSTRIAL AREA GHAZIABAD ,,,,,,,,,,4-Jan-2007,31-Mar-2008,,,,7,14,12.36,6,8,12

53,CDPS,,,C D P S ,NONE,U. P.,,,,C D P S B- BLOCK (J) PATEL NAGAR -II GHAZIABAD,,,,,,,,,,4-Jan-2007,31-Mar-2008,,,,7,14,12.36,6,3,8

54,CDGI,,,C D G I,NONE,HR.,,,,C D G I ; INDUSTRIAL AREA MODIPURAM; FARIDABAD,,,,,,,,,,4-Jan-2007,31-Mar-2008,,,,7,14,12.36,6,0,12

55,MRFTYR,,,M R F  TYPE WORLD,NONE,U.P.,,,,M R F  TYPE WORLD G T ROAD ; NEAR  PAWAN  CINEMA GHAZIABAD,,,,,,,,,,4-Jan-2007,31-Mar-2008,,,,7,14,12.36,6,1,12

56,KRNTAUT,,,KRANTI AUTO,NONE,U.P.,,,,KRANTI AUTOMOBILE LTD .KHERRA NO. L99; ALD VILLAGE DELHI ,,,,,,,,,,4-Jan-2007,31-Mar-2008,,,,7,14,12.36,6,1,12

57,NELSUG,,,NEOLI SUGAR,NONE,U.P,,,,NEOLI SUGAR  FACTORY PO- NEOLI DIST-ETAH U.P.,,,,,,,,,,10-Jul-2006,10-Jun-2007,,,,7,12,12.36,6,40,8

61,NURGETP,,,NUBERG ENTERPRISES,NONE,U.P.,,,,NUBERG ENTERPRISES A-38-H SECTOR 64 NOIDA,,,,,,,,,,6-Jan-2007,30-May-2008,,,,7,15,12.36,6,4,12


