SL NO,Customer Id,Employee Id,Name Initial,Emp Name,Emp Track Id,Emp Short Name,Emp Type,Emp Category,Reporting Head,Department,Position,DOJ,DOR,Ph No.,Email,Building Id,Floor No,Marrital Status,PAN Ind,PAN No,EPF Ind,EPF No,ESI Ind,ESI No,NSS No,Gender,DOB,Birth City,Relative Name,Relation Type,ant Id,Barcode No,Banker Code,Salary Mode,Bank Name For Salary,Bank Account No,Salary Mode,Paycard No,Level,Father Name,Mother Name,Spouse Name,PF Nominee1,PF Nominee2,ESI Nominee1,ESI Nominee2,% of PF Nominee1,% of PF Nominee2,% of ESI Nominee1,% of ESI Nominee2,Address,City,State,Pin,Address,City,State,Pin,ESI Hospitel Name
1,LXIND,20001,Mr,BRIJ KANT AGIHOTRI,10001,,C,G,,SRV,GM,,,,,,,,,,,,,,,M,,,,,,,,,,,,,L1,,,,,,,,,,,,,,,,,,,,UDF
2,LXIND,20002,Mr,SURESH CHAND,10002,,C,G,,SRV,GM,,,,,,,,,,,,,,,M,,,,,,,,,,,,,L1,,,,,,,,,,,,,,,,,,,,UDF
3,LXIND,20003,Mr,LAL BAHADUR,10003,,C,G,,SRV,SEC,,,,,,,,,,,,,,,M,,,,,,,,,,,,,L1,,,,,,,,,,,,,,,,,,,,UDF
4,LXIND,20004,Mr,PHOOL SINGH,10004,,C,G,,SRV,SEC,,,,,,,,,,,,,,,M,,,,,,,,,,,,,L1,,,,,,,,,,,,,,,,,,,,UDF
5,FTCOM,20005,Mr,SAT PAL BHATI,10001,,C,G,,SRV,SUP,,,,,,,,,,,,,,,M,,,,,,,,,,,,,L1,,,,,,,,,,,,,,,,,,,,UDF
6,FTCOM,20006,Mr,RAVINDER,10002,,C,G,,SRV,SEC,,,,,,,,,,,,,,,M,,,,,,,,,,,,,L1,,,,,,,,,,,,,,,,,,,,UDF
7,FTCOM,20007,Mr,BRIJESH,10003,,C,G,,SRV,SEC,,,,,,,,,,,,,,,M,,,,,,,,,,,,,L1,,,,,,,,,,,,,,,,,,,,UDF
8,FTCOM,20008,Mr,RAJESH SINGH,10004,,C,G,,SRV,GM,,,,,,,,,,,,,,,M,,,,,,,,,,,,,L1,,,,,,,,,,,,,,,,,,,,UDF
9,FTCOM,20009,Mr,DESHRAJ SINGH,10005,,C,G,,SRV,GM,,,,,,,,,,,,,,,M,,,,,,,,,,,,,L1,,,,,,,,,,,,,,,,,,,,UDF
10,FTCOM,20010,Mr,RAM LOCHAN,10006,,C,G,,SRV,GM,,,,,,,,,,,,,,,M,,,,,,,,,,,,,L1,,,,,,,,,,,,,,,,,,,,UDF
11,FTCOM,20011,Mr,ARVIND KUMAR,10007,,C,G,,SRV,GM,,,,,,,,,,,,,,,M,,,,,,,,,,,,,L1,,,,,,,,,,,,,,,,,,,,UDF
12,FTCOM,20012,Mr,MANOJ KUMAR SHARMA,10008,,C,G,,SRV,GM,,,,,,,,,,,,,,,M,,,,,,,,,,,,,L1,,,,,,,,,,,,,,,,,,,,UDF
13,SKMAR,20013,Mr,CHANDER PAL,10001,,C,G,,SRV,SEC,,,,,,,,,,,,,,,M,,,,,,,,,,,,,L1,,,,,,,,,,,,,,,,,,,,UDF
14,SKMAR,20014,Mr,RAM MILAN,10002,,C,G,,SRV,SEC,,,,,,,,,,,,,,,M,,,,,,,,,,,,,L1,,,,,,,,,,,,,,,,,,,,UDF
15,SKMAR,20015,Mr,ARJUN,10003,,C,G,,SRV,SEC,,,,,,,,,,,,,,,M,,,,,,,,,,,,,L1,,,,,,,,,,,,,,,,,,,,UDF
16,SKMAR,20016,Mr,ARUN KUMAR,10004,,C,G,,SRV,SEC,,,,,,,,,,,,,,,M,,,,,,,,,,,,,L1,,,,,,,,,,,,,,,,,,,,UDF
17,TTLTD,20017,Mr,SATISH CHANDER,10001,,C,G,,SRV,GM,,,,,,,,,,,,,,,M,,,,,,,,,,,,,L1,,,,,,,,,,,,,,,,,,,,UDF
18,TTLTD,20018,Mr,MAHESH,10002,,C,G,,SRV,SEC,,,,,,,,,,,,,,,M,,,,,,,,,,,,,L1,,,,,,,,,,,,,,,,,,,,UDF
19,TTLTD,20019,Mr,RAJESHWAR SINGH,10003,,C,G,,SRV,SEC,,,,,,,,,,,,,,,M,,,,,,,,,,,,,L1,,,,,,,,,,,,,,,,,,,,UDF
20,TTLTD,20020,Mr,RAJEEV,10004,,C,G,,SRV,SEC,,,,,,,,,,,,,,,M,,,,,,,,,,,,,L1,,,,,,,,,,,,,,,,,,,,UDF
21,SNENG,20021,Mr,MUNNA LAL MOURYA,10001,,C,G,,SRV,SEC,,,,,,,,,,,,,,,M,,,,,,,,,,,,,L1,CHANDRA PAL,,,,,,,,,,,,,,,,,,,UDF
22,SNENG,20022,Mr,SASHI KANT RANA,10002,,C,G,,SRV,SEC,,,,,,,,,,,,,,,M,,,,,,,,,,,,,L1,MUNMUN RANA,,,,,,,,,,,,,,,,,,,UDF
23,SNENG,20023,Mr,PAWAN KUMAR,10003,,C,G,,SRV,SEC,,,,,,,,,,,,,,,M,,,,,,,,,,,,,L1,,,,,,,,,,,,,,,,,,,,UDF
24,SNENG,20024,Mr,MAHESH PRASAD,10004,,C,G,,SRV,SEC,,,,,,,,,,,,,,,M,,,,,,,,,,,,,L1,,,,,,,,,,,,,,,,,,,,UDF
25,HWTP,20025,Mr,AVNISH KUMAR,10001,,C,G,,SRV,SEC,,,,,,,,,,,,,,,M,,,,,,,,,,,,,L1,,,,,,,,,,,,,,,,,,,,UDF
26,HWTP,20026,Mr,JANARDAN,10002,,C,G,,SRV,SEC,,,,,,,,,,,,,,,M,,,,,,,,,,,,,L1,,,,,,,,,,,,,,,,,,,,UDF
27,CDPS,20027,Mr,SURESH TYAGI,10001,,C,G,,SRV,SO,,,,,,,,,,,,,,,M,,,,,,,,,,,,,L1,R.C.S. TYAGI,,,,,,,,,,,,,,,,,,,UDF
28,CDPS,20028,Mr,SURESH TYAGI,10002,,C,G,,SRV,ASO,,,,,,,,,,,,,,,M,,,,,,,,,,,,,L1,R.C.S. TYAGI,,,,,,,,,,,,,,,,,,,UDF
29,CDPS,20029,Mr,PRADEEP KUMAR],10003,,C,G,,SRV,ASO,,,,,,,,,,,,,,,M,,,,,,,,,,,,,L1,,,,,,,,,,,,,,,,,,,,UDF
30,CDPS,20030,Mr,NEERAJ CHAUDHARY,10004,,C,G,,SRV,ASO,,,,,,,,,,,,,,,M,,,,,,,,,,,,,L1,,,,,,,,,,,,,,,,,,,,UDF
31,CDPS,20031,Mr,RAM KUMAR SHARMA,10005,,C,G,,SRV,ASO,,,,,,,,,,,,,,,M,,,,,,,,,,,,,L1,,,,,,,,,,,,,,,,,,,,UDF
32,CDPS,20032,Mr,RAM GOPAL,10006,,C,G,,SRV,ASO,,,,,,,,,,,,,,,M,,,,,,,,,,,,,L1,NANAK CHD. SHARMA,,,,,,,,,,,,,,,,,,,UDF
33,CDPS,20033,Mr,SHAMBHU,10007,,C,G,,SRV,SEC,,,,,,,,,,,,,,,M,,,,,,,,,,,,,L1,SRI RAM SHUKLA,,,,,,,,,,,,,,,,,,,UDF
34,CDPS,20034,Mr,ANAND SINGH,10008,,C,G,,SRV,SEC,,,,,,,,,,,,,,,M,,,,,,,,,,,,,L1,HARPAL SINGH,,,,,,,,,,,,,,,,,,,UDF
35,CDPS,20035,Mr,DEEPAK,10009,,C,G,,SRV,SEC,,,,,,,,,,,,,,,M,,,,,,,,,,,,,L1,RAJESH SINGH,,,,,,,,,,,,,,,,,,,UDF
36,CDPS,20036,Mr,PREM SHARMA,10010,,C,G,,SRV,SEC,,,,,,,,,,,,,,,M,,,,,,,,,,,,,L1,,,,,,,,,,,,,,,,,,,,UDF
37,CDPS,20037,Mr,HARENDER SHARMA,10011,,C,G,,SRV,SEC,,,,,,,,,,,,,,,M,,,,,,,,,,,,,L1,,,,,,,,,,,,,,,,,,,,UDF
38,CDPS,20038,Mr,JANARDHAN,10012,,C,G,,SRV,SEC,,,,,,,,,,,,,,,M,,,,,,,,,,,,,L1,,,,,,,,,,,,,,,,,,,,UDF
39,CDPJR,20039,Mr,PREDDEP KUMAR,10001,,C,G,,SRV,ASO,,,,,,,,,,,,,,,M,,,,,,,,,,,,,L1,RAMANAND SHARMA,,,,,,,,,,,,,,,,,,,UDF
40,CDPJR,20040,Mr,RAM GOPAL,10002,,C,G,,SRV,ASO,,,,,,,,,,,,,,,M,,,,,,,,,,,,,L1,,,,,,,,,,,,,,,,,,,,UDF
41,CDPJR,20041,Mr,NEERAJ CHAUDHARY,10003,,C,G,,SRV,ASO,,,,,,,,,,,,,,,M,,,,,,,,,,,,,L1,,,,,,,,,,,,,,,,,,,,UDF
42,CDPJR,20042,Mr,RAJENDER,10004,,C,G,,SRV,SEC,,,,,,,,,,,,,,,M,,,,,,,,,,,,,L1,,,,,,,,,,,,,,,,,,,,UDF
43,CDPJR,20043,Mr,SHANI,10005,,C,G,,SRV,SEC,,,,,,,,,,,,,,,M,,,,,,,,,,,,,L1,MAHIPAL SINGH,,,,,,,,,,,,,,,,,,,UDF
44,CDPJR,20044,Mr,MOOL CHAND,10006,,C,G,,SRV,SEC,,,,,,,,,,,,,,,M,,,,,,,,,,,,,L1,PARMU SINGH,,,,,,,,,,,,,,,,,,,UDF
45,CDPJR,20045,Mr,SHAMBHU,10007,,C,G,,SRV,SEC,,,,,,,,,,,,,,,M,,,,,,,,,,,,,L1,,,,,,,,,,,,,,,,,,,,UDF
46,CDPJR,20046,Mr,HARENDER,10008,,C,G,,SRV,SEC,,,,,,,,,,,,,,,M,,,,,,,,,,,,,L1,MAHAVEER SHARMA,,,,,,,,,,,,,,,,,,,UDF
47,CDPJR,20047,Mr,RAJESH,10009,,C,G,,SRV,SEC,,,,,,,,,,,,,,,M,,,,,,,,,,,,,L1,NEPAL SINGH,,,,,,,,,,,,,,,,,,,UDF
48,CDPJS,20048,Mr,MAHESH ,10001,,C,G,,SRV,SEC,,,,,,,,,,,,,,,M,,,,,,,,,,,,,L1,,,,,,,,,,,,,,,,,,,,UDF
49,CDPJS,20049,Mr,SANJAY,10002,,C,G,,SRV,SEC,,,,,,,,,,,,,,,M,,,,,,,,,,,,,L1,,,,,,,,,,,,,,,,,,,,UDF
50,CDPJS,20050,Mr,RAJU,10003,,C,G,,SRV,SEC,,,,,,,,,,,,,,,M,,,,,,,,,,,,,L1,,,,,,,,,,,,,,,,,,,,UDF
51,CDPJS,20051,Mr,PRAMOD,10004,,C,G,,SRV,SEC,,,,,,,,,,,,,,,M,,,,,,,,,,,,,L1,,,,,,,,,,,,,,,,,,,,UDF
52,CDPJS,20052,Mr,LALIT,10005,,C,G,,SRV,SEC,,,,,,,,,,,,,,,M,,,,,,,,,,,,,L1,,,,,,,,,,,,,,,,,,,,UDF
53,CDPJS,20053,Mr,SANJEEV,10006,,C,G,,SRV,SEC,,,,,,,,,,,,,,,M,,,,,,,,,,,,,L1,,,,,,,,,,,,,,,,,,,,UDF
54,CDPJS,20054,Mr,AMAR,10007,,C,G,,SRV,SEC,,,,,,,,,,,,,,,M,,,,,,,,,,,,,L1,,,,,,,,,,,,,,,,,,,,UDF
55,CDPJS,20055,Mr,SUDHIR,10008,,C,G,,SRV,SEC,,,,,,,,,,,,,,,M,,,,,,,,,,,,,L1,,,,,,,,,,,,,,,,,,,,UDF
56,CDPJS,20056,Mr,PINTOO,10009,,C,G,,SRV,SEC,,,,,,,,,,,,,,,M,,,,,,,,,,,,,L1,,,,,,,,,,,,,,,,,,,,UDF
57,CDPJS,20057,Mr,TEJ PAL,10010,,C,G,,SRV,SEC,,,,,,,,,,,,,,,M,,,,,,,,,,,,,L1,,,,,,,,,,,,,,,,,,,,UDF
58,CDPJS,20058,Ms,PINKI,10011,,C,G,,SRV,SEC,,,,,,,,,,,,,,,M,,,,,,,,,,,,,L1,,,,,,,,,,,,,,,,,,,,UDF
59,CDPJS,20059,Ms,MADHU,10012,,C,G,,SRV,SEC,,,,,,,,,,,,,,,M,,,,,,,,,,,,,L1,,,,,,,,,,,,,,,,,,,,UDF
60,CDPJS,20060,Ms,SUNITA,10013,,C,G,,SRV,SEC,,,,,,,,,,,,,,,M,,,,,,,,,,,,,L1,,,,,,,,,,,,,,,,,,,,UDF
61,CDPJS,20061,Ms,SUSHILA,10014,,C,G,,SRV,SEC,,,,,,,,,,,,,,,M,,,,,,,,,,,,,L1,,,,,,,,,,,,,,,,,,,,UDF
62,CDPJS,20062,Ms,RUPA,10015,,C,G,,SRV,SEC,,,,,,,,,,,,,,,M,,,,,,,,,,,,,L1,,,,,,,,,,,,,,,,,,,,UDF
63,CDPJS,20063,Ms,NIMA SHARMA,10016,,C,G,,SRV,SEC,,,,,,,,,,,,,,,M,,,,,,,,,,,,,L1,,,,,,,,,,,,,,,,,,,,UDF
64,CDPJS,20064,Mr,ANIL KUMAR I,10017,,C,G,,SRV,SEC,,,,,,,,,,,,,,,M,,,,,,,,,,,,,L1,,,,,,,,,,,,,,,,,,,,UDF
65,CDPJS,20065,Mr,ANIL KUMAR II,10018,,C,G,,SRV,SEC,,,,,,,,,,,,,,,M,,,,,,,,,,,,,L1,,,,,,,,,,,,,,,,,,,,UDF
66,CDPJS,20066,Mr,MUKESH,10019,,C,G,,SRV,SEC,,,,,,,,,,,,,,,M,,,,,,,,,,,,,L1,,,,,,,,,,,,,,,,,,,,UDF
67,CDPJS,20067,Mr,MAHENDER,10020,,C,G,,SRV,SEC,,,,,,,,,,,,,,,M,,,,,,,,,,,,,L1,,,,,,,,,,,,,,,,,,,,UDF
68,CDPJS,20068,Mr,RAKESH,10021,,C,G,,SRV,SEC,,,,,,,,,,,,,,,M,,,,,,,,,,,,,L1,,,,,,,,,,,,,,,,,,,,UDF
69,CDPJS,20069,Mr,SATISH,10022,,C,G,,SRV,SEC,,,,,,,,,,,,,,,M,,,,,,,,,,,,,L1,,,,,,,,,,,,,,,,,,,,UDF
70,CDPJS,20070,Mr,UMESH,10023,,C,G,,SRV,SEC,,,,,,,,,,,,,,,M,,,,,,,,,,,,,L1,,,,,,,,,,,,,,,,,,,,UDF
71,CDPJS,20071,Mr,CHAMAN,10024,,C,G,,SRV,SEC,,,,,,,,,,,,,,,M,,,,,,,,,,,,,L1,,,,,,,,,,,,,,,,,,,,UDF
72,CDPJS,20072,Ms,SHANTI,10025,,C,G,,SRV,SEC,,,,,,,,,,,,,,,M,,,,,,,,,,,,,L1,,,,,,,,,,,,,,,,,,,,UDF
73,CDPJS,20073,Ms,SARITA,10026,,C,G,,SRV,SEC,,,,,,,,,,,,,,,M,,,,,,,,,,,,,L1,,,,,,,,,,,,,,,,,,,,UDF
74,CDPJS,20074,Ms,MAYA,10027,,C,G,,SRV,SEC,,,,,,,,,,,,,,,M,,,,,,,,,,,,,L1,,,,,,,,,,,,,,,,,,,,UDF
75,CDPJS,20075,Ms,MANJU,10028,,C,G,,SRV,SEC,,,,,,,,,,,,,,,M,,,,,,,,,,,,,L1,,,,,,,,,,,,,,,,,,,,UDF
76,CDPJS,20076,Ms,RAJESHWARI,10029,,C,G,,SRV,SEC,,,,,,,,,,,,,,,M,,,,,,,,,,,,,L1,,,,,,,,,,,,,,,,,,,,UDF
77,CDPJS,20077,Mr,VINOD,10030,,C,G,,SRV,SEC,,,,,,,,,,,,,,,M,,,,,,,,,,,,,L1,,,,,,,,,,,,,,,,,,,,UDF
78,CDPJS,20078,Ms,NISHA,10031,,C,G,,SRV,SEC,,,,,,,,,,,,,,,M,,,,,,,,,,,,,L1,,,,,,,,,,,,,,,,,,,,UDF
79,ADVIR,20079,Mr,SACHIDANAND,10001,,C,G,,SRV,SEC,,,,,,,,,,,,,,,M,,,,,,,,,,,,,L1,DAROGA TIWARI,,,,,,,,,,,,,,,,,,,UDF
80,ADVIR,20080,Mr,SUNIL RAI,10002,,C,G,,SRV,SEC,,,,,,,,,,,,,,,M,,,,,,,,,,,,,L1,,,,,,,,,,,,,,,,,,,,UDF
81,AIOMC,20081,Mr,DALVEER SINGH,10001,,C,G,,SRV,GM,,,,,,,,,,,,,,,M,,,,,,,,,,,,,L1,BHARAT SINGH,,,,,,,,,,,,,,,,,,,UDF
82,AIOMC,20082,Mr,ARVIND SINGH,10002,,C,G,,SRV,GM,,,,,,,,,,,,,,,M,,,,,,,,,,,,,L1,VISHRAM SINGH,,,,,,,,,,,,,,,,,,,UDF
83,AIOMC,20083,Mr,YOGESH KUMAR,10003,,C,G,,SRV,GM,,,,,,,,,,,,,,,M,,,,,,,,,,,,,L1,,,,,,,,,,,,,,,,,,,,UDF
84,AIOMC,20084,Mr,SANTOSH KUMAR,10004,,C,G,,SRV,GM,,,,,,,,,,,,,,,M,,,,,,,,,,,,,L1,MAHESHWAR DAYAL,,,,,,,,,,,,,,,,,,,UDF
85,AIOMC,20085,Mr,KAMTA SINGH,10005,,C,G,,SRV,HG,,,,,,,,,,,,,,,M,,,,,,,,,,,,,L1,GANPAT SINGH,,,,,,,,,,,,,,,,,,,UDF
86,AIOMC,20086,Mr,P.D. JOSHI,10006,,C,G,,SRV,HG,,,,,,,,,,,,,,,M,,,,,,,,,,,,,L1,K.N. JOSHI,,,,,,,,,,,,,,,,,,,UDF
87,AIOMC,20087,Mr,P.D. JOSHI,10007,,C,G,,SRV,SEC,,,,,,,,,,,,,,,M,,,,,,,,,,,,,L1,K.N. JOSHI,,,,,,,,,,,,,,,,,,,UDF
88,AIOMC,20088,Mr,VIKASH KUMAR,10008,,C,G,,SRV,SEC,,,,,,,,,,,,,,,M,,,,,,,,,,,,,L1,VIRENDER KUMAR,,,,,,,,,,,,,,,,,,,UDF
89,AIOMC,20089,Mr,BAL KISHAN,10009,,C,G,,SRV,SEC,,,,,,,,,,,,,,,M,,,,,,,,,,,,,L1,RAM DAYAL,,,,,,,,,,,,,,,,,,,UDF
90,AIOMC,20090,Mr,MANOHAR LAL,10010,,C,G,,SRV,SEC,,,,,,,,,,,,,,,M,,,,,,,,,,,,,L1,BALAK RAM,,,,,,,,,,,,,,,,,,,UDF
91,AIOMC,20091,Mr,AVINESH SINGH,10011,,C,G,,SRV,SEC,,,,,,,,,,,,,,,M,,,,,,,,,,,,,L1,NARESH SINGH,,,,,,,,,,,,,,,,,,,UDF
92,AIMGH,20092,Mr,SUBASH CHAND,10001,,C,G,,SRV,SEC,,,,,,,,,,,,,,,M,,,,,,,,,,,,,L1,RAM RIK TYAGI,,,,,,,,,,,,,,,,,,,UDF
93,AIMGH,20093,Mr,BALESWAR,10002,,C,G,,SRV,SEC,,,,,,,,,,,,,,,M,,,,,,,,,,,,,L1,LATTUR SINGH,,,,,,,,,,,,,,,,,,,UDF
94,AIMBH,20094,Mr,RAM NIWAS,10003,,C,G,,SRV,SEC,,,,,,,,,,,,,,,M,,,,,,,,,,,,,L1,,,,,,,,,,,,,,,,,,,,UDF
95,AIMBH,20095,Mr,RAM PHER SUKHLA,10004,,C,G,,SRV,SEC,,,,,,,,,,,,,,,M,,,,,,,,,,,,,L1,,,,,,,,,,,,,,,,,,,,UDF
96,AIMBH,20096,Mr,OM PAL SINGH,10005,,C,G,,SRV,SEC,,,,,,,,,,,,,,,M,,,,,,,,,,,,,L1,,,,,,,,,,,,,,,,,,,,UDF
97,AIMBH,20097,Mr,SITA RAM,10006,,C,G,,SRV,SEC,,,,,,,,,,,,,,,M,,,,,,,,,,,,,L1,,,,,,,,,,,,,,,,,,,,UDF
98,ACAR,20098,Mr,SHAMBHU NATH,10001,,C,G,,SRV,HG,,,,,,,,,,,,,,,M,,,,,,,,,,,,,L1,RAGHAV SINGH,,,,,,,,,,,,,,,,,,,UDF
99,ACAR,20099,Mr,HARENDER SINGH,10002,,C,G,,SRV,GM,,,,,,,,,,,,,,,M,,,,,,,,,,,,,L1,SUKH PAL SINGH,,,,,,,,,,,,,,,,,,,UDF
100,ACAR,20100,Mr,RAJESH KUMAR,10003,,C,G,,SRV,SEC,,,,,,,,,,,,,,,M,,,,,,,,,,,,,L1,GANESH RAM,,,,,,,,,,,,,,,,,,,UDF
101,ACAR,20101,Mr,AKHILESH KUMAR,10004,,C,G,,SRV,SEC,,,,,,,,,,,,,,,M,,,,,,,,,,,,,L1,RAM YAGYA,,,,,,,,,,,,,,,,,,,UDF
102,ACAR,20102,Mr,KULDEEP TYAGI,10005,,C,G,,SRV,SEC,,,,,,,,,,,,,,,M,,,,,,,,,,,,,L1,OM PRAKASH,,,,,,,,,,,,,,,,,,,UDF
103,ACAR,20103,Mr,RAHUL KUMAR,10006,,C,G,,SRV,SEC,,,,,,,,,,,,,,,M,,,,,,,,,,,,,L1,VIJENDER ,,,,,,,,,,,,,,,,,,,UDF
104,ACAR,20104,Mr,OM PRAKASH SINGH,10007,,C,G,,SRV,SEC,,,,,,,,,,,,,,,M,,,,,,,,,,,,,L1,SUBEDAR SINGH,,,,,,,,,,,,,,,,,,,UDF
105,ACAR,20105,Mr,SACHIN KUMAR,10008,,C,G,,SRV,SEC,,,,,,,,,,,,,,,M,,,,,,,,,,,,,L1,DHEERI SINGH,,,,,,,,,,,,,,,,,,,UDF
106,ACAR,20106,Mr,SATVEER  ,10009,,C,G,,SRV,SEC,,,,,,,,,,,,,,,M,,,,,,,,,,,,,L1,,,,,,,,,,,,,,,,,,,,UDF
107,ACAR,20107,Mr,KAPIL CHAUDHARY,10010,,C,G,,SRV,SEC,,,,,,,,,,,,,,,M,,,,,,,,,,,,,L1,VINOD CHAUDHARY,,,,,,,,,,,,,,,,,,,UDF
108,ACAR,20108,Mr,BAL KISHAN,10011,,C,G,,SRV,SEC,,,,,,,,,,,,,,,M,,,,,,,,,,,,,L1,,,,,,,,,,,,,,,,,,,,UDF
109,ACAR,20109,Mr,NAVEN KUMAR,10012,,C,G,,SRV,SEC,,,,,,,,,,,,,,,M,,,,,,,,,,,,,L1,,,,,,,,,,,,,,,,,,,,UDF
110,ACAR,20110,Mr,SANJEEV DUBEY,10013,,C,G,,SRV,SEC,,,,,,,,,,,,,,,M,,,,,,,,,,,,,L1,,,,,,,,,,,,,,,,,,,,UDF
111,ACAR,20111,Mr,PRABHANSH KUMAR,10014,,C,G,,SRV,SEC,,,,,,,,,,,,,,,M,,,,,,,,,,,,,L1,,,,,,,,,,,,,,,,,,,,UDF
112,EC,20112,Mr,ANUJ KUMAR,10001,,C,G,,SRV,SEC,,,,,,,,,,,,,,,M,,,,,,,,,,,,,L1,VIRENDER SINGH,,,,,,,,,,,,,,,,,,,UDF
113,EC,20113,Mr,VEER PRAKASH,10002,,C,G,,SRV,SEC,,,,,,,,,,,,,,,M,,,,,,,,,,,,,L1,,,,,,,,,,,,,,,,,,,,UDF
114,EC,20114,Mr,HARIDUTT SHARMA,10003,,C,G,,SRV,SEC,,,,,,,,,,,,,,,M,,,,,,,,,,,,,L1,,,,,,,,,,,,,,,,,,,,UDF
115,HRM,20115,Mr,IZHAR AHMAD,10001,,C,G,,SRV,SI,,,,,,,,,,,,,,,M,,,,,,,,,,,,,L1,,,,,,,,,,,,,,,,,,,,UDF
116,HRM,20116,Mr,INDER JEET SINGH,10002,,C,G,,SRV,SI,,,,,,,,,,,,,,,M,,,,,,,,,,,,,L1,,,,,,,,,,,,,,,,,,,,UDF
117,HRM,20117,Mr,SOM BAHADUR THAPA,10003,,C,G,,SRV,GM,,,,,,,,,,,,,,,M,,,,,,,,,,,,,L1,,,,,,,,,,,,,,,,,,,,UDF
118,HRM,20118,Mr,HARENDRA SINGH,10004,,C,G,,SRV,GM,,,,,,,,,,,,,,,M,,,,,,,,,,,,,L1,,,,,,,,,,,,,,,,,,,,UDF
119,HRM,20119,Mr,ARVIND SINGH,10005,,C,G,,SRV,GM,,,,,,,,,,,,,,,M,,,,,,,,,,,,,L1,,,,,,,,,,,,,,,,,,,,UDF
120,HRM,20120,Mr,SOM BAHADUR UPADHYAY,10006,,C,G,,SRV,SEC,,,,,,,,,,,,,,,M,,,,,,,,,,,,,L1,,,,,,,,,,,,,,,,,,,,UDF
121,HRM,20121,Mr,SURESH KUMAR,10007,,C,G,,SRV,SEC,,,,,,,,,,,,,,,M,,,,,,,,,,,,,L1,,,,,,,,,,,,,,,,,,,,UDF
122,HRM,20122,Mr,PRADEEP KUMAR,10008,,C,G,,SRV,SEC,,,,,,,,,,,,,,,M,,,,,,,,,,,,,L1,,,,,,,,,,,,,,,,,,,,UDF
123,HRM,20123,Mr,RAJEEV KUMAR,10009,,C,G,,SRV,SEC,,,,,,,,,,,,,,,M,,,,,,,,,,,,,L1,,,,,,,,,,,,,,,,,,,,UDF
124,HRM,20124,Mr,SAMBHU NATH,10010,,C,G,,SRV,SEC,,,,,,,,,,,,,,,M,,,,,,,,,,,,,L1,,,,,,,,,,,,,,,,,,,,UDF
125,HRM,20125,Mr,BIRJESH KUMAR,10011,,C,G,,SRV,SEC,,,,,,,,,,,,,,,M,,,,,,,,,,,,,L1,,,,,,,,,,,,,,,,,,,,UDF
126,MPLC,20126,Mr,AKHILESH,10001,,C,G,,SRV,SEC,,,,,,,,,,,,,,,M,,,,,,,,,,,,,L1,BRIJ LAL,,,,,,,,,,,,,,,,,,,UDF
127,MPLC,20127,Mr,KUNWAR SINGH,10002,,C,G,,SRV,SEC,,,,,,,,,,,,,,,M,,,,,,,,,,,,,L1,ROOP SINGH,,,,,,,,,,,,,,,,,,,UDF
128,MPLC,20128,Mr,SHASHI KANT,10003,,C,G,,SRV,SEC,,,,,,,,,,,,,,,M,,,,,,,,,,,,,L1,,,,,,,,,,,,,,,,,,,,UDF
129,BBALI,20129,Mr,SURESH SINGH,10001,,C,G,,SRV,SEC,,,,,,,,,,,,,,,M,,,,,,,,,,,,,L1,,,,,,,,,,,,,,,,,,,,UDF
130,BBALI,20130,Mr,MURARI,10002,,C,G,,SRV,SEC,,,,,,,,,,,,,,,M,,,,,,,,,,,,,L1,,,,,,,,,,,,,,,,,,,,UDF
131,BBALI,20131,Mr,MUNNA LAL MAURYA,10003,,C,G,,SRV,SEC,,,,,,,,,,,,,,,M,,,,,,,,,,,,,L1,,,,,,,,,,,,,,,,,,,,UDF
132,BBALI,20132,Mr,MISHRA,10004,,C,G,,SRV,SEC,,,,,,,,,,,,,,,M,,,,,,,,,,,,,L1,,,,,,,,,,,,,,,,,,,,UDF
133,BBALI,20133,Mr,KRISHAN PAL SINGH,10005,,C,G,,SRV,SEC,,,,,,,,,,,,,,,M,,,,,,,,,,,,,L1,,,,,,,,,,,,,,,,,,,,UDF
134,BBALI,20134,Mr,SHASHI KANT RANA,10006,,C,G,,SRV,SEC,,,,,,,,,,,,,,,M,,,,,,,,,,,,,L1,,,,,,,,,,,,,,,,,,,,UDF
135,EMMNG,20135,Mr,PRADEEP KUMAR,10001,,C,G,,SRV,SEC,,,,,,,,,,,,,,,M,,,,,,,,,,,,,L1,MAKAR SINGH,,,,,,,,,,,,,,,,,,,UDF
136,EMMNG,20136,Mr,TIWARI,10002,,C,G,,SRV,SEC,,,,,,,,,,,,,,,M,,,,,,,,,,,,,L1,HARI KISHAN,,,,,,,,,,,,,,,,,,,UDF
137,IACT,20137,Mr,AKLESHWAR,10001,,C,G,,SRV,SEC,,,,,,,,,,,,,,,M,,,,,,,,,,,,,L1,,,,,,,,,,,,,,,,,,,,UDF
138,IACT,20138,Mr,RAKESH RANA,10002,,C,G,,SRV,SEC,,,,,,,,,,,,,,,M,,,,,,,,,,,,,L1,SAT PAL SINGH,,,,,,,,,,,,,,,,,,,UDF
139,LCRFT,20139,Mr,MANBIR SINGH,10001,,C,G,,SRV,SO,,,,,,,,,,,,,,,M,,,,,,,,,,,,,L1,BHIKHARI SINGH,,,,,,,,,,,,,,,,,,,UDF
140,LCRFT,20140,Mr,S.P. TYAGI,10002,,C,G,,SRV,SUP,,,,,,,,,,,,,,,M,,,,,,,,,,,,,L1,BAL MUKUND,,,,,,,,,,,,,,,,,,,UDF
141,LCRFT,20141,Mr,A.K. TYAGI,10003,,C,G,,SRV,SUP,,,,,,,,,,,,,,,M,,,,,,,,,,,,,L1,SHARMANAND TYAGI,,,,,,,,,,,,,,,,,,,UDF
142,LCRFT,20142,Mr,UMESH SINGH,10004,,C,G,,SRV,GM,,,,,,,,,,,,,,,M,,,,,,,,,,,,,L1,NEKSE SINGH,,,,,,,,,,,,,,,,,,,UDF
143,LCRFT,20143,Mr,JAGDISH GAUTAM,10005,,C,G,,SRV,GM,,,,,,,,,,,,,,,M,,,,,,,,,,,,,L1,BHAJAN LAL,,,,,,,,,,,,,,,,,,,UDF
144,LCRFT,20144,Mr,KULDEEP KUMAR,10006,,C,G,,SRV,GM,,,,,,,,,,,,,,,M,,,,,,,,,,,,,L1,TEJ PAL SINGH,,,,,,,,,,,,,,,,,,,UDF
145,LCRFT,20145,Mr,DEVENDER PAL SINGH,10007,,C,G,,SRV,SEC,,,,,,,,,,,,,,,M,,,,,,,,,,,,,L1,JAGRUP SINGH,,,,,,,,,,,,,,,,,,,UDF
146,LCRFT,20146,Mr,KANAHIYA LAL YADAV,10008,,C,G,,SRV,SEC,,,,,,,,,,,,,,,M,,,,,,,,,,,,,L1,ARUN KUMAR,,,,,,,,,,,,,,,,,,,UDF
147,LCRFT,20147,Mr,ARUN KUMAR,10009,,C,G,,SRV,SEC,,,,,,,,,,,,,,,M,,,,,,,,,,,,,L1,BHARAT LAL,,,,,,,,,,,,,,,,,,,UDF
148,LCRFT,20148,Mr,SANJEEV KUMAR,10010,,C,G,,SRV,SEC,,,,,,,,,,,,,,,M,,,,,,,,,,,,,L1,JAIBEER SINGH,,,,,,,,,,,,,,,,,,,UDF
149,LCRFT,20149,Mr,RAJESH MISHRA,10011,,C,G,,SRV,SEC,,,,,,,,,,,,,,,M,,,,,,,,,,,,,L1,RAM NARAYAN MISHRA,,,,,,,,,,,,,,,,,,,UDF
150,LCRFT,20150,Mr,AMIT KUMAR,10012,,C,G,,SRV,SEC,,,,,,,,,,,,,,,M,,,,,,,,,,,,,L1,OMBIR SINGH,,,,,,,,,,,,,,,,,,,UDF
151,LCRFT,20151,Mr,PRAMOD KUMAR SHARMA,10013,,C,G,,SRV,SEC,,,,,,,,,,,,,,,M,,,,,,,,,,,,,L1,MUNNA LAL SHARMA,,,,,,,,,,,,,,,,,,,UDF
152,LCRFT,20152,Mr,NAVEEN DIXIT,10014,,C,G,,SRV,SEC,,,,,,,,,,,,,,,M,,,,,,,,,,,,,L1,RAJIV DIXIT,,,,,,,,,,,,,,,,,,,UDF
153,LCRFT,20153,Mr,RAJU,10015,,C,G,,SRV,SEC,,,,,,,,,,,,,,,M,,,,,,,,,,,,,L1,RAM DASS,,,,,,,,,,,,,,,,,,,UDF
154,LCRFT,20154,Mr,SANJAY TRIPATHI,10016,,C,G,,SRV,SEC,,,,,,,,,,,,,,,M,,,,,,,,,,,,,L1,KALI DASS,,,,,,,,,,,,,,,,,,,UDF
155,LCRFT,20155,Mr,CHANDRA SHEKHAR,10017,,C,G,,SRV,SEC,,,,,,,,,,,,,,,M,,,,,,,,,,,,,L1,SHRI RAM YADAV,,,,,,,,,,,,,,,,,,,UDF
156,LCRFT,20156,Mr,CHANDER PAL,10018,,C,G,,SRV,SEC,,,,,,,,,,,,,,,M,,,,,,,,,,,,,L1,PRABHU SINGH,,,,,,,,,,,,,,,,,,,UDF
157,LCRFT,20157,Mr,RAKESH SHARMA,10019,,C,G,,SRV,SEC,,,,,,,,,,,,,,,M,,,,,,,,,,,,,L1,NAKLI RAM,,,,,,,,,,,,,,,,,,,UDF
158,LCRFT,20158,Mr,RAJ KISHOR,10020,,C,G,,SRV,SEC,,,,,,,,,,,,,,,M,,,,,,,,,,,,,L1,JANARDHAN PANDEY,,,,,,,,,,,,,,,,,,,UDF
159,LCRFT,20159,Mr,DEVI PRASAD,10021,,C,G,,SRV,SEC,,,,,,,,,,,,,,,M,,,,,,,,,,,,,L1,RAM ASREY,,,,,,,,,,,,,,,,,,,UDF
160,LCRFT,20160,Mr,BAL KRISHAN,10022,,C,G,,SRV,SEC,,,,,,,,,,,,,,,M,,,,,,,,,,,,,L1,RAMESHWAR DAYAL,,,,,,,,,,,,,,,,,,,UDF
161,LCRFT,20161,Mr,TINKU KUMAR,10023,,C,G,,SRV,SEC,,,,,,,,,,,,,,,M,,,,,,,,,,,,,L1,INDERPAL SINGH,,,,,,,,,,,,,,,,,,,UDF
162,LCRFT,20162,Mr,KAMLESH SINGH,10024,,C,G,,SRV,SEC,,,,,,,,,,,,,,,M,,,,,,,,,,,,,L1,RAJ DEV SINGH,,,,,,,,,,,,,,,,,,,UDF
163,LCRFT,20163,Mr,ASHOK KUMAR,10025,,C,G,,SRV,SEC,,,,,,,,,,,,,,,M,,,,,,,,,,,,,L1,,,,,,,,,,,,,,,,,,,,UDF
164,LCRFT,20164,Mr,RAJEEV KUMAR,10026,,C,G,,SRV,SEC,,,,,,,,,,,,,,,M,,,,,,,,,,,,,L1,,,,,,,,,,,,,,,,,,,,UDF
165,LCRFT,20165,Mr,RAVINDER SINGH,10027,,C,G,,SRV,SEC,,,,,,,,,,,,,,,M,,,,,,,,,,,,,L1,,,,,,,,,,,,,,,,,,,,UDF
166,LCRFT,20166,Mr,ARUN KUMAR,10028,,C,G,,SRV,SEC,,,,,,,,,,,,,,,M,,,,,,,,,,,,,L1,BAL RAM PANDEY,,,,,,,,,,,,,,,,,,,UDF
167,LCRFT,20167,Mr,RAMESH KUMAR,10029,,C,G,,SRV,SEC,,,,,,,,,,,,,,,M,,,,,,,,,,,,,L1,RAM NATH,,,,,,,,,,,,,,,,,,,UDF
168,LCRFT,20168,Mr,RAJ MANI,10030,,C,G,,SRV,SEC,,,,,,,,,,,,,,,M,,,,,,,,,,,,,L1,NANKU RAM,,,,,,,,,,,,,,,,,,,UDF
169,LCRFT,20169,Mr,ANIRUDDH KUMAR,10031,,C,G,,SRV,SEC,,,,,,,,,,,,,,,M,,,,,,,,,,,,,L1,SHIV KUMAR,,,,,,,,,,,,,,,,,,,UDF
170,LCRFT,20170,Mr,ARUN KUMAR PANDEY ,10032,,C,G,,SRV,SEC,,,,,,,,,,,,,,,M,,,,,,,,,,,,,L1,KAMTA PANDEY,,,,,,,,,,,,,,,,,,,UDF
171,LCRFT,20171,Mr,SONU KUMAR,10033,,C,G,,SRV,SEC,,,,,,,,,,,,,,,M,,,,,,,,,,,,,L1,RAMESH CHANDER,,,,,,,,,,,,,,,,,,,UDF
172,FHUS,20172,Mr,SHER SINGH,10001,,C,G,,SRV,SEC,,,,,,,,,,,,,,,M,,,,,,,,,,,,,L1,RAM PHAL SINGH,,,,,,,,,,,,,,,,,,,UDF
173,FHUS,20173,Mr,PAWAN SHARMA,10002,,C,G,,SRV,SEC,,,,,,,,,,,,,,,M,,,,,,,,,,,,,L1,,,,,,,,,,,,,,,,,,,,UDF
174,PREST,20174,Mr,DEVENDER,10001,,C,G,,SRV,GM,,,,,,,,,,,,,,,M,,,,,,,,,,,,,L1,BRAM PAL SINGH,,,,,,,,,,,,,,,,,,,UDF
175,PREST,20175,Mr,SUNDER,10002,,C,G,,SRV,SEC,,,,,,,,,,,,,,,M,,,,,,,,,,,,,L1,RAJENDER SINGH,,,,,,,,,,,,,,,,,,,UDF
176,PREST,20176,Mr,DHARAM PAL,10003,,C,G,,SRV,SEC,,,,,,,,,,,,,,,M,,,,,,,,,,,,,L1,MALUK SINGH,,,,,,,,,,,,,,,,,,,UDF
177,PREST,20177,Mr,CHAMAN SINGH,10004,,C,G,,SRV,SEC,,,,,,,,,,,,,,,M,,,,,,,,,,,,,L1,MEER SINGH,,,,,,,,,,,,,,,,,,,UDF
178,PREST,20178,Mr,NEERAJ KUMAR,10005,,C,G,,SRV,SEC,,,,,,,,,,,,,,,M,,,,,,,,,,,,,L1,KALU RAM,,,,,,,,,,,,,,,,,,,UDF
179,VEDIO,20179,Mr,MANOJ TYAGI,10001,,C,G,,SRV,GM,,,,,,,,,,,,,,,M,,,,,,,,,,,,,L1,RAM AVTAR,,,,,,,,,,,,,,,,,,,UDF
180,VEDIO,20180,Mr,PAWAN KUMAR,10002,,C,G,,SRV,SEC,,,,,,,,,,,,,,,M,,,,,,,,,,,,,L1,BASANT LAL,,,,,,,,,,,,,,,,,,,UDF
181,VEDIO,20181,Mr,PRAMOD KUMAR,10003,,C,G,,SRV,SEC,,,,,,,,,,,,,,,M,,,,,,,,,,,,,L1,MEVA LAL,,,,,,,,,,,,,,,,,,,UDF
182,ABPRD,20182,Mr,AWDESH KUMAR,10001,,C,G,,SRV,SEC,,,,,,,,,,,,,,,M,,,,,,,,,,,,,L1,,,,,,,,,,,,,,,,,,,,UDF
183,ABPRD,20183,Mr,SARVESH KUMAR,10002,,C,G,,SRV,SW,,,,,,,,,,,,,,,M,,,,,,,,,,,,,L1,,,,,,,,,,,,,,,,,,,,UDF
184,ABPRD,20184,Mr,SHIV KUMAR,10003,,C,G,,SRV,SW,,,,,,,,,,,,,,,M,,,,,,,,,,,,,L1,,,,,,,,,,,,,,,,,,,,UDF
185,KANR,20185,Mr,M.P. ALAM,10001,,C,G,,SRV,HG,,,,,,,,,,,,,,,M,,,,,,,,,,,,,L1,J. ALAM,,,,,,,,,,,,,,,,,,,UDF
186,KANR,20186,Mr,BHOORE,10002,,C,G,,SRV,SEC,,,,,,,,,,,,,,,M,,,,,,,,,,,,,L1,ISH TYAGI,,,,,,,,,,,,,,,,,,,UDF
187,KANR,20187,Mr,KALU,10003,,C,G,,SRV,SEC,,,,,,,,,,,,,,,M,,,,,,,,,,,,,L1,LAMPUGA,,,,,,,,,,,,,,,,,,,UDF
188,FYGOL,20188,Mr,RAM KHILADI,10001,,C,G,,SRV,GM,,,,,,,,,,,,,,,M,,,,,,,,,,,,,L1,,,,,,,,,,,,,,,,,,,,UDF
189,FYGOL,20189,Mr,PROMOD KUMAR,10002,,C,G,,SRV,SEC,,,,,,,,,,,,,,,M,,,,,,,,,,,,,L1,,,,,,,,,,,,,,,,,,,,UDF
190,FYGOL,20190,Mr,MAHSH PRASAD,10003,,C,G,,SRV,SEC,,,,,,,,,,,,,,,M,,,,,,,,,,,,,L1,,,,,,,,,,,,,,,,,,,,UDF
191,MRFT,20191,Mr,OMKAR SINGH,10001,,C,G,,SRV,SEC,,,,,,,,,,,,,,,M,,,,,,,,,,,,,L1,BHAWAR SINGH,,,,,,,,,,,,,,,,,,,UDF
192,GASST,20192,Mr,SOM DUTT SHARMA,10001,,C,G,,SRV,SEC,,,,,,,,,,,,,,,M,,,,,,,,,,,,,L1,,,,,,,,,,,,,,,,,,,,UDF
193,GASST,20193,Mr,MAHESH PRASAD,10002,,C,G,,SRV,SEC,,,,,,,,,,,,,,,M,,,,,,,,,,,,,L1,,,,,,,,,,,,,,,,,,,,UDF
194,GADE,20194,Mr,B.R. MISHRA,10001,,C,G,,SRV,SEC,,,,,,,,,,,,,,,M,,,,,,,,,,,,,L1,,,,,,,,,,,,,,,,,,,,UDF
195,GADE,20195,Mr,UDHAM SINGH,10002,,C,G,,SRV,SEC,,,,,,,,,,,,,,,M,,,,,,,,,,,,,L1,,,,,,,,,,,,,,,,,,,,UDF
196,MTRAN,20196,Mr,SAMBHU NATH,10001,,C,G,,SRV,SEC,,,,,,,,,,,,,,,M,,,,,,,,,,,,,L1,SUDHIR KR. JHA,,,,,,,,,,,,,,,,,,,UDF
197,SAND,20197,Mr,BIRENDER,10001,,C,G,,SRV,SEC,,,,,,,,,,,,,,,M,,,,,,,,,,,,,L1,,,,,,,,,,,,,,,,,,,,UDF
198,SAND,20198,Mr,MUKESH KUMAR,10002,,C,G,,SRV,SEC,,,,,,,,,,,,,,,M,,,,,,,,,,,,,L1,,,,,,,,,,,,,,,,,,,,UDF
199,SAND,20199,Mr,RAM NARESH,10003,,C,G,,SRV,SEC,,,,,,,,,,,,,,,M,,,,,,,,,,,,,L1,,,,,,,,,,,,,,,,,,,,UDF
200,KSENG,20200,Mr,SHYAM SINGH,10001,,C,G,,SRV,SO,,,,,,,,,,,,,,,M,,,,,,,,,,,,,L1,GORDHAN,,,,,,,,,,,,,,,,,,,UDF
201,KSENG,20201,Mr,MOOL CHAND,10002,,C,G,,SRV,SEC,,,,,,,,,,,,,,,M,,,,,,,,,,,,,L1,PREM CHANDRA ,,,,,,,,,,,,,,,,,,,UDF
202,KSENG,20202,Mr,SUSHIL KUMAR,10003,,C,G,,SRV,SEC,,,,,,,,,,,,,,,M,,,,,,,,,,,,,L1,BABU RAM,,,,,,,,,,,,,,,,,,,UDF
203,KSENG,20203,Mr,SURAJ SINGH,10004,,C,G,,SRV,SEC,,,,,,,,,,,,,,,M,,,,,,,,,,,,,L1,MAYA RAM SINGH,,,,,,,,,,,,,,,,,,,UDF
204,KSENG,20204,Mr,RAM KISHAN,10005,,C,G,,SRV,SEC,,,,,,,,,,,,,,,M,,,,,,,,,,,,,L1,KIRAN PAL SINGH,,,,,,,,,,,,,,,,,,,UDF
205,KSENG,20205,Mr,RADHY SHYAM,10006,,C,G,,SRV,SEC,,,,,,,,,,,,,,,M,,,,,,,,,,,,,L1,,,,,,,,,,,,,,,,,,,,UDF
206,KSENG,20206,Mr,VIJENDRA SINGH,10007,,C,G,,SRV,SEC,,,,,,,,,,,,,,,M,,,,,,,,,,,,,L1,RATI RAM SINGH,,,,,,,,,,,,,,,,,,,UDF
207,KSENG,20207,Mr,SHYAM SINGH,10008,,C,G,,SRV,SEC,,,,,,,,,,,,,,,M,,,,,,,,,,,,,L1,GORDHAN,,,,,,,,,,,,,,,,,,,UDF
208,GLRAT,20208,Mr,B.S. ANAND,10001,,C,G,,SRV,SO,,,,,,,,,,,,,,,M,,,,,,,,,,,,,L1,PHOOL SINGH,,,,,,,,,,,,,,,,,,,UDF
209,GLRAT,20209,Mr,MUKESH YADAV,10002,,C,G,,SRV,SO,,,,,,,,,,,,,,,M,,,,,,,,,,,,,L1,S.C. YADAV,,,,,,,,,,,,,,,,,,,UDF
210,GLRAT,20210,Mr,RUKUM PAL SINGH,10003,,C,G,,SRV,GM,,,,,,,,,,,,,,,M,,,,,,,,,,,,,L1,KUWAR SAIN,,,,,,,,,,,,,,,,,,,UDF
211,GLRAT,20211,Mr,CHHANNU SINGH,10004,,C,G,,SRV,GM,,,,,,,,,,,,,,,M,,,,,,,,,,,,,L1,,,,,,,,,,,,,,,,,,,,UDF
212,GLRAT,20212,Mr,ROGENDER SINGH,10005,,C,G,,SRV,GM,,,,,,,,,,,,,,,M,,,,,,,,,,,,,L1,,,,,,,,,,,,,,,,,,,,UDF
213,GLRAT,20213,Mr,NAND KISHOR,10006,,C,G,,SRV,SEC,,,,,,,,,,,,,,,M,,,,,,,,,,,,,L1,KHEDHAR SINGH,,,,,,,,,,,,,,,,,,,UDF
214,GLRAT,20214,Mr,SUBE SINGH,10007,,C,G,,SRV,SEC,,,,,,,,,,,,,,,M,,,,,,,,,,,,,L1,BHAGMAL,,,,,,,,,,,,,,,,,,,UDF
215,GLRAT,20215,Mr,MAHESH CHAND,10008,,C,G,,SRV,SEC,,,,,,,,,,,,,,,M,,,,,,,,,,,,,L1,NANU SINGH,,,,,,,,,,,,,,,,,,,UDF
216,GLRAT,20216,Mr,RAM VILASH,10009,,C,G,,SRV,SEC,,,,,,,,,,,,,,,M,,,,,,,,,,,,,L1,BABU RAM,,,,,,,,,,,,,,,,,,,UDF
217,GLRAT,20217,Mr,RAJ PAL SINGH,10010,,C,G,,SRV,SEC,,,,,,,,,,,,,,,M,,,,,,,,,,,,,L1,RAM SHAROOP,,,,,,,,,,,,,,,,,,,UDF
218,GLRAT,20218,Mr,RAKESH KUMAR,10011,,C,G,,SRV,SO,,,,,,,,,,,,,,,M,,,,,,,,,,,,,L1,,,,,,,,,,,,,,,,,,,,UDF
219,ABIND,20219,Mr,SHAVIR SINGH,10001,,C,G,,SRV,SEC,,,,,,,,,,,,,,,M,,,,,,,,,,,,,L1,RANVIR SINGH,,,,,,,,,,,,,,,,,,,UDF
220,ABIND,20220,Mr,ANURUDDH SINGH,10002,,C,G,,SRV,SEC,,,,,,,,,,,,,,,M,,,,,,,,,,,,,L1,,,,,,,,,,,,,,,,,,,,UDF
221,ABIND,20221,Mr,SHIV PAL SINGH,10003,,C,G,,SRV,SEC,,,,,,,,,,,,,,,M,,,,,,,,,,,,,L1,,,,,,,,,,,,,,,,,,,,UDF
222,SHMT,20222,Mr,RAGHVENDER,10001,,C,G,,SRV,SEC,,,,,,,,,,,,,,,M,,,,,,,,,,,,,L1,,,,,,,,,,,,,,,,,,,,UDF
223,SHMT,20223,Mr,RAKESH SHARMA,10002,,C,G,,SRV,SEC,,,,,,,,,,,,,,,M,,,,,,,,,,,,,L1,,,,,,,,,,,,,,,,,,,,UDF
224,SHMT,20224,Mr,BAL KRISHAN,10003,,C,G,,SRV,SEC,,,,,,,,,,,,,,,M,,,,,,,,,,,,,L1,,,,,,,,,,,,,,,,,,,,UDF
225,SHMT,20225,Mr,MAHESH PRASAD,10004,,C,G,,SRV,SEC,,,,,,,,,,,,,,,M,,,,,,,,,,,,,L1,,,,,,,,,,,,,,,,,,,,UDF
226,SHMT,20226,Mr,RAKESH TRIPATHI,10005,,C,G,,SRV,SEC,,,,,,,,,,,,,,,M,,,,,,,,,,,,,L1,,,,,,,,,,,,,,,,,,,,UDF
227,SHMT,20227,Mr,SHASHIKANT RANA,10006,,C,G,,SRV,SEC,,,,,,,,,,,,,,,M,,,,,,,,,,,,,L1,,,,,,,,,,,,,,,,,,,,UDF
228,SHMT,20228,Mr,MURARI,10007,,C,G,,SRV,SEC,,,,,,,,,,,,,,,M,,,,,,,,,,,,,L1,,,,,,,,,,,,,,,,,,,,UDF
229,NIKG,20229,Mr,AJAD,10001,,C,G,,SRV,SEC,,,,,,,,,,,,,,,M,,,,,,,,,,,,,L1,,,,,,,,,,,,,,,,,,,,UDF
230,NIKG,20230,Mr,SUNIL,10002,,C,G,,SRV,SEC,,,,,,,,,,,,,,,M,,,,,,,,,,,,,L1,,,,,,,,,,,,,,,,,,,,UDF
231,NIKG,20231,Mr,KHEM PAL,10003,,C,G,,SRV,SEC,,,,,,,,,,,,,,,M,,,,,,,,,,,,,L1,,,,,,,,,,,,,,,,,,,,UDF
232,MANG,20232,Mr,MANI RAM,10001,,C,G,,SRV,SEC,,,,,,,,,,,,,,,M,,,,,,,,,,,,,L1,,,,,,,,,,,,,,,,,,,,UDF
233,MANG,20233,Mr,SUSHIL,10002,,C,G,,SRV,SEC,,,,,,,,,,,,,,,M,,,,,,,,,,,,,L1,,,,,,,,,,,,,,,,,,,,UDF
234,RLMOT,20234,Mr,CHETAN YADAV,10001,,C,G,,SRV,SEC,,,,,,,,,,,,,,,M,,,,,,,,,,,,,L1,,,,,,,,,,,,,,,,,,,,UDF
235,RLMOT,20235,Mr,HITENDER SINGH,10002,,C,G,,SRV,SEC,,,,,,,,,,,,,,,M,,,,,,,,,,,,,L1,,,,,,,,,,,,,,,,,,,,UDF
236,RLMOT,20236,Mr,VIJAY SINGH TOMAR,10003,,C,G,,SRV,SEC,,,,,,,,,,,,,,,M,,,,,,,,,,,,,L1,,,,,,,,,,,,,,,,,,,,UDF
237,RLMOT,20237,Mr,SITA RAM,10004,,C,G,,SRV,SEC,,,,,,,,,,,,,,,M,,,,,,,,,,,,,L1,,,,,,,,,,,,,,,,,,,,UDF
238,RLMOT,20238,Mr,KAPIL DEV SHARMA,10005,,C,G,,SRV,SEC,,,,,,,,,,,,,,,M,,,,,,,,,,,,,L1,,,,,,,,,,,,,,,,,,,,UDF
239,SIPIL,20239,Mr,RAJESH SHARMA,10001,,C,G,,SRV,SUP.,,,,,,,,,,,,,,,M,,,,,,,,,,,,,L1,,,,,,,,,,,,,,,,,,,,UDF
240,SIPIL,20240,Mr,V.P. MISHRA,10002,,C,G,,SRV,SUP.,,,,,,,,,,,,,,,M,,,,,,,,,,,,,L1,,,,,,,,,,,,,,,,,,,,UDF
241,SIPIL,20241,Mr,LOK PAL SINGH,10003,,C,G,,SRV,GM,,,,,,,,,,,,,,,M,,,,,,,,,,,,,L1,,,,,,,,,,,,,,,,,,,,UDF
242,SIPIL,20242,Mr,SOHAN PAL SINGH,10004,,C,G,,SRV,GM,,,,,,,,,,,,,,,M,,,,,,,,,,,,,L1,,,,,,,,,,,,,,,,,,,,UDF
243,SIPIL,20243,Mr,VINOD KR. SHUKLA,10005,,C,G,,SRV,GM,,,,,,,,,,,,,,,M,,,,,,,,,,,,,L1,,,,,,,,,,,,,,,,,,,,UDF
244,SIPIL,20244,Mr,SUBHASH CHD. TRIVEDI,10006,,C,G,,SRV,GM,,,,,,,,,,,,,,,M,,,,,,,,,,,,,L1,,,,,,,,,,,,,,,,,,,,UDF
245,SIPIL,20245,Mr,RAKESH KUMAR,10007,,C,G,,SRV,SEC,,,,,,,,,,,,,,,M,,,,,,,,,,,,,L1,,,,,,,,,,,,,,,,,,,,UDF
246,SIPIL,20246,Mr,DHARAM PAL,10008,,C,G,,SRV,SEC,,,,,,,,,,,,,,,M,,,,,,,,,,,,,L1,,,,,,,,,,,,,,,,,,,,UDF
247,SIPIL,20247,Mr,JAGVEER SINGH,10009,,C,G,,SRV,SEC,,,,,,,,,,,,,,,M,,,,,,,,,,,,,L1,,,,,,,,,,,,,,,,,,,,UDF
248,SIPIL,20248,Mr,PRAVEEN MALIK,10010,,C,G,,SRV,SEC,,,,,,,,,,,,,,,M,,,,,,,,,,,,,L1,,,,,,,,,,,,,,,,,,,,UDF
249,SIPIL,20249,Mr,SANT RAM,10011,,C,G,,SRV,SEC,,,,,,,,,,,,,,,M,,,,,,,,,,,,,L1,,,,,,,,,,,,,,,,,,,,UDF
250,RBCHE,20250,Mr,RAM SAGAR SINGH,10001,,C,G,,SRV,GM,,,,,,,,,,,,,,,M,,,,,,,,,,,,,L1,,,,,,,,,,,,,,,,,,,,UDF
251,RBCHE,20251,Mr,SANTOSH KUMAR,10002,,C,G,,SRV,SEC,,,,,,,,,,,,,,,M,,,,,,,,,,,,,L1,,,,,,,,,,,,,,,,,,,,UDF
252,RBCHE,20252,Mr,SURESH PAL SINGH,10003,,C,G,,SRV,SEC,,,,,,,,,,,,,,,M,,,,,,,,,,,,,L1,,,,,,,,,,,,,,,,,,,,UDF
253,RBCHE,20253,Mr,JAI RAM SINGH,10004,,C,G,,SRV,SEC,,,,,,,,,,,,,,,M,,,,,,,,,,,,,L1,,,,,,,,,,,,,,,,,,,,UDF
254,RBCHE,20254,Mr,TOOFANI,10005,,C,G,,SRV,SEC,,,,,,,,,,,,,,,M,,,,,,,,,,,,,L1,,,,,,,,,,,,,,,,,,,,UDF
255,RBCHE,20255,Mr,SHIV SHANKAR,10006,,C,G,,SRV,SEC,,,,,,,,,,,,,,,M,,,,,,,,,,,,,L1,,,,,,,,,,,,,,,,,,,,UDF
256,RBCHE,20256,Mr,SARVESH KUMAR,10007,,C,G,,SRV,SEC,,,,,,,,,,,,,,,M,,,,,,,,,,,,,L1,,,,,,,,,,,,,,,,,,,,UDF
257,SAMS,20257,Mr,BEER BHAN,10001,,C,G,,SRV,SEC,,,,,,,,,,,,,,,M,,,,,,,,,,,,,L1,,,,,,,,,,,,,,,,,,,,UDF
258,ASIYA,20258,Mr,RAMESH CHAND,10001,,C,G,,SRV,SIG,,,,,,,,,,,,,,,M,,,,,,,,,,,,,L1,OM PRAKASH,,,,,,,,,,,,,,,,,,,UDF
259,ASIYA,20259,Mr,POORAN SINGH,10002,,C,G,,SRV,GM,,,,,,,,,,,,,,,M,,,,,,,,,,,,,L1,TOTA RAM,,,,,,,,,,,,,,,,,,,UDF
260,ASIYA,20260,Mr,TULSI,10003,,C,G,,SRV,SEC,,,,,,,,,,,,,,,M,,,,,,,,,,,,,L1,,,,,,,,,,,,,,,,,,,,UDF
261,ASIYA,20261,Mr,AVDHESH,10004,,C,G,,SRV,SEC,,,,,,,,,,,,,,,M,,,,,,,,,,,,,L1,PRATAP NARAYAN,,,,,,,,,,,,,,,,,,,UDF
262,APBH,20262,Mr,RAJEEV,10001,,C,G,,SRV,SEC,,,,,,,,,,,,,,,M,,,,,,,,,,,,,L1,,,,,,,,,,,,,,,,,,,,UDF
263,APBH,20263,Mr,ASHOK,10002,,C,G,,SRV,SEC,,,,,,,,,,,,,,,M,,,,,,,,,,,,,L1,,,,,,,,,,,,,,,,,,,,UDF
264,MDUTY,20264,Mr,BRIJKANT,10001,,C,G,,SRV,GM,,,,,,,,,,,,,,,M,,,,,,,,,,,,,L1,,,,,,,,,,,,,,,,,,,,UDF
265,MDUTY,20265,Mr,ARVIND,10002,,C,G,,SRV,GM,,,,,,,,,,,,,,,M,,,,,,,,,,,,,L1,,,,,,,,,,,,,,,,,,,,UDF
266,EDHIG,20266,Mr,SANTOSH,10001,,C,G,,SRV,GM,,,,,,,,,,,,,,,M,,,,,,,,,,,,,L1,,,,,,,,,,,,,,,,,,,,UDF
267,EDHIG,20267,Mr,KALLU,10002,,C,G,,SRV,SEC,,,,,,,,,,,,,,,M,,,,,,,,,,,,,L1,,,,,,,,,,,,,,,,,,,,UDF
268,EDHIG,20268,Mr,BIJENDER,10003,,C,G,,SRV,SEC,,,,,,,,,,,,,,,M,,,,,,,,,,,,,L1,,,,,,,,,,,,,,,,,,,,UDF
269,EXIDT,20269,Mr,RAJESH KUMAR,10001,,C,G,,SRV,SEC,,,,,,,,,,,,,,,M,,,,,,,,,,,,,L1,,,,,,,,,,,,,,,,,,,,UDF
270,EXIDT,20270,Mr,UDAL SINGH,10002,,C,G,,SRV,SEC,,,,,,,,,,,,,,,M,,,,,,,,,,,,,L1,,,,,,,,,,,,,,,,,,,,UDF
271,EXIDT,20271,Mr,AWDHESH KUMAR,10003,,C,G,,SRV,SEC,,,,,,,,,,,,,,,M,,,,,,,,,,,,,L1,,,,,,,,,,,,,,,,,,,,UDF
272,EXIDT,20272,Mr,R.N. PANDEY,10004,,C,G,,SRV,SEC,,,,,,,,,,,,,,,M,,,,,,,,,,,,,L1,,,,,,,,,,,,,,,,,,,,UDF
273,EXIDT,20273,Mr,SANJAY,10005,,C,G,,SRV,SEC,,,,,,,,,,,,,,,M,,,,,,,,,,,,,L1,,,,,,,,,,,,,,,,,,,,UDF
