1,MSEG,10001,MR,L.K.SHARMA,MSEGZB/10001,LKS,P,G,IP SINGH,PO,HRMGR,03-Feb-2008,,9871737458,UDF,MEKGU,2nd,M,,UDF,,UDF,,UDF,UDF,M,16-Dec-1965,Ghaziabad,UDF,UDF,UDF,UDF,UDF,CASH,UDF,UDF,UDF,UDF,UDF,S.R.S Sharma,Usha Rani Sharma,UDF,UDF,UDF,UDF,UDF,UDF,UDF,UDF,UDF,f/77 sec-23 Gzb,GHAZIABAD,UP,UDF,f/77 sec-23 Gzb,GZB,UP,UDF,UDF
2,MSEG,10002,MR,Amar Nath Sharma,MSEGZB/10002,ANS,P,G,L.K.SHARMA,PO,EXECUTIVE,12-Jan-2008,,2871688,UDF,MEKGU,2nd,M,,UDF,,UDF,,UDF,UDF,M,07-May-1974,Ghaziabad,UDF,UDF,UDF,UDF,UDF,CASH,UDF,UDF,UDF,UDF,UDF,HARI CHAND,GOMTI DEVI,UDF,UDF,UDF,UDF,UDF,UDF,UDF,UDF,UDF,MEERUT ROAD,GZB,UP,UDF,MEERUT ROAD GHAZIABAD,GZB,UP,UDF,UDF
3,MSEG,10003,MR,Sadeep Sinha,MSEGZB/10003,SS,P,G,IP SINGH,PO,EXECUTIVE,,,UDF,UDF,MEKGU,2nd,M,,UDF,,UDF,,UDF,UDF,M,,UDF,UDF,UDF,UDF,UDF,UDF,CASH,UDF,UDF,UDF,UDF,UDF,H.C.SHARMA,G.M .DEVI,UDF,UDF,UDF,UDF,UDF,UDF,UDF,UDF,UDF,UDF,UDF,UDF,UDF,UDF,UDF,UDF,UDF,UDF
4,MSEG,10004,MR,Mukesh Sharma,MSEGZB/10004,MS,P,G,K.K. SHARMA,PO,EXECUTIVE,27-Mar-2001,,9211778857,UDF,MEKGU,2nd,M,,UDF,,UDF,,UDF,UDF,M,06-Jul-1960,Ghaziabad,UDF,UDF,UDF,UDF,UDF,CASH,UDF,UDF,UDF,UDF,UDF,B.R Sharma,Vegbati Sharma,UDF,UDF,UDF,UDF,UDF,UDF,UDF,UDF,UDF,H-250;Govindpuram,GZB,U.P,UDF,H-250;Govindpuram GZB,GZB,U.P,UDF,UDF
5,MSEG,10005,MR,Saurabh Kumar,MSEGZB/10005,SK,P,G,L.K.SHARMA,PO,EXECUTIVE,,,UDF,UDF,MEKGU,2nd,S,,UDF,,UDF,,UDF,UDF,M,,UDF,UDF,UDF,UDF,UDF,UDF,CASH,UDF,UDF,UDF,UDF,UDF,HARI CHAND,GOMTI DEVI,UDF,UDF,UDF,UDF,UDF,UDF,UDF,UDF,UDF,MEERUT ROAD,GZB,U.P.,UDF,MEERUT ROAD GHAZIABAD,GZB,U.P.,UDF,UDF
6,MSEG,10006,MR,Dharmendra Kumar,MSEGZB/10006,DK,P,G,IP SINGH,PO,EXECUTIVE,11-Feb-2008,,9312802753,dharmendra_kutarya@yahoo.co.in,MEKGU,2nd,M,,UDF,,UDF,,UDF,UDF,M,05-Feb-1983,Ghaziabad,UDF,UDF,UDF,UDF,UDF,CASH,UDF,UDF,UDF,UDF,UDF,CHHOTE LAL,PAN KUMARI,UDF,UDF,UDF,UDF,UDF,UDF,UDF,UDF,UDF,KRISHNA NAGAR MEERUT ROAD,GZB,U.P.,UDF,KRISHNA NAGAR MEERUT ROAD GHAZIABAD,GZB,U.P.,UDF,UDF
7,MSEG,10007,MR,Mahesh Chand,MSEGZB/10007,MC,P,G,IP SINGH,PO,EXECUTIVE,26-Mar-2008,,9958669906,UDF,MEKGU,2nd,M,,UDF,,UDF,,UDF,UDF,M,07-Nov-1973,UDF,UDF,UDF,UDF,UDF,UDF,CASH,UDF,UDF,UDF,UDF,UDF,T.K. MALIK,RENU MALIK,UDF,UDF,UDF,UDF,UDF,UDF,UDF,UDF,UDF,6E;DAYA NANAD ,GZB,U.P.,UDF,6E;DAYA NANAD NAGAR,GZB,U.P.,UDF,UDF
8,MSEG,10008,MR,Rajeev Gupta,MSEGZB/10008,RG,P,G,IP SINGH,ACT,A/C-MGR,,,UDF,UDF,MEKGU,1st,M,,UDF,,UDF,,UDF,UDF,M,,UDF,UDF,UDF,UDF,UDF,UDF,CASH,UDF,UDF,UDF,UDF,UDF,RAJ VIR SINGH,SARDARI,UDF,UDF,UDF,UDF,UDF,UDF,UDF,UDF,UDF,N-54 SEC-23 ,GZB,U.P.,UDF,N-54 SEC-23 GHAZIABAD,GZB,U.P.,UDF,UDF
9,MSEG,10009,MRS,Neha Malik,MSEGZB/10009,NM,P,G,IP SINGH,ACT,EXECUTIVE,08-Jan-2008,,9899404147,neha.malik5@gmail.com,MEKGU,2nd,S,,UDF,,UDF,,UDF,UDF,F,11-Jan-1983,Ghaziabad,UDF,UDF,UDF,UDF,UDF,CASH,UDF,UDF,UDF,UDF,UDF,T.K. MALIK,RENU MALIK,UDF,UDF,UDF,UDF,UDF,UDF,UDF,UDF,UDF,6E daya nand nagar,GZB,U.P.,UDF,43; CHANDER PURI GZB,GZB,U.P.,UDF,UDF
10,MSEG,10010,MR,Maheshwari,MSEGZB/10010,MM,P,G,IP SINGH,ACT,EXECUTIVE,28-May-2008,,9911234041,UDF,MEKGU,2nd,M,,UDF,,UDF,,UDF,UDF,M,10-Nov-1959,Ghaziabad,UDF,UDF,UDF,UDF,UDF,CASH,UDF,UDF,UDF,UDF,UDF,Jai Chand lal Maheswari,Mali Devi,UDF,UDF,UDF,UDF,UDF,UDF,UDF,UDF,UDF,11 A108 Nehru nagar Gzb,GZB,U.P.,UDF,11A 108 Nehru nagar,GZB,U.P.,UDF,UDF
11,MSEG,10011,MR,Rakesh Bhandari,MSEGZB/10011,RB,P,G,L.K.SHARMA,ACT,EXECUTIVE,29-Aug-2008,,9868669906,UDF,MEKGU,2nd,M,,UDF,,UDF,,UDF,UDF,M,10-Jun-1963,Ghaziabad,UDF,UDF,UDF,UDF,UDF,CASH,UDF,UDF,UDF,UDF,UDF,B.D Bandari,Narish Bandari,UDF,UDF,UDF,UDF,UDF,UDF,UDF,UDF,UDF,43;Chander Puri G.z.b,GZB,U.P.,UDF,43;Chandra Puri,GZB,U.P.,UDF,UDF
12,MSEG,10012,MR,A.K.Chaube,MSEGZB/10012,AKC,P,G,IP SINGH,ACT,EXECUTIVE,12-Dec-2006,,2871688,UDF,MEKGU,2nd,M,,UDF,,UDF,,UDF,UDF,M,06-May-1972,Ghaziabad,UDF,UDF,UDF,UDF,UDF,CASH,UDF,UDF,UDF,UDF,UDF,B.M. SHARMA,SANTOSH RANI SHARMA,UDF,UDF,UDF,UDF,UDF,UDF,UDF,UDF,UDF,C-261-LOHIA NAGAR,GZB,U.P.,UDF,C-261-LOHIA NAGAR,GZB,U.P.,UDF,UDF
13,MSEG,10013,MR,Anil Kumar Sailot,MSEGZB/10013,AKS,P,G,IP SINGH,ACT,EXECUTIVE,08-Sep-2008,,9711334977,anilkumar_sahlot@yahoo.com,MEKGU,2nd,M,,UDF,,UDF,,UDF,UDF,M,21-Jan-1969,Ghaziabad,UDF,UDF,UDF,UDF,UDF,CASH,UDF,UDF,UDF,UDF,UDF,Raj Vir singh,Sardari,UDF,UDF,UDF,UDF,UDF,UDF,UDF,UDF,UDF,6E DayaNand Nagar,GZB,U.P.,UDF,6E DayaNand Nager,GZB,U.P.,UDF,UDF
14,MSEG,10014,MR,S.P.Singh,MSEGZB/10014,SPS,P,G,L.K.SHARMA,STR,STR INCHARGE,16-Feb-2007,,,UDF,MEKGU,2nd,M,,UDF,,UDF,,UDF,UDF,M,,UDF,UDF,UDF,UDF,UDF,UDF,CASH,UDF,UDF,UDF,UDF,UDF,B.R.SHARMA,VEGBATI SHARMA,UDF,UDF,UDF,UDF,UDF,UDF,UDF,UDF,UDF,H-250; GOVINDPURM ,GZB,U.P.,UDF,H-250; GOVINDPURM GZB,GZB,U.P.,UDF,UDF
15,MSEG,10015,MR,Sanjay Gaur,MSEGZB/10015,SG,P,G,IP SINGH,MKT,MKT-MGR,12-May-2008,,9311587714,spnadham_sanjay@yahoo.com,MEKGU,1st,M,,UDF,,UDF,,UDF,UDF,M,24-Oct-1974,Ghaziabad,UDF,UDF,UDF,UDF,UDF,CASH,UDF,UDF,UDF,UDF,UDF,B.M. SHARMA,SANTOSH RANI SHARMA,UDF,UDF,UDF,UDF,UDF,UDF,UDF,UDF,UDF,c-261-LOHIA NAGAR,GZB,U.P.,UDF,c-261-LOHIA NAGAR,GZB,U.P.,UDF,UDF
16,MSEG,10016,MRS,Neha Goyal,MSEGZB/10016,NG,P,G,IP SINGH,MKT,EXECUTIVE,21-Aug-2008,,2756567,mba21neha@yahoo.com,MEKGU,2nd,S,,UDF,,UDF,,UDF,UDF,F,21-Jan-1986,Ghaziabad,UDF,UDF,UDF,UDF,UDF,CASH,UDF,UDF,UDF,UDF,UDF,UDF,UDF,UDF,UDF,UDF,UDF,UDF,UDF,UDF,UDF,UDF,III-F 237 NEHRU NAGAR,GZB,U.P.,UDF,III-F 237 NEHRU NAGAR,GZB,U.P.,UDF,UDF
17,MSEG,10017,MR,Pradeep Singh,MSEGZB/10017,PS,P,G,IP SINGH,SRV,OPR-HD,,,UDF,UDF,MEKGU,G,M,,UDF,,UDF,,UDF,UDF,M,,UDF,UDF,UDF,UDF,UDF,UDF,CASH,UDF,UDF,UDF,UDF,UDF,JAI CHAND LAL MAHESHWARI,MALI DEVI,UDF,UDF,UDF,UDF,UDF,UDF,UDF,UDF,UDF,IIA 108; NEHRU NAGAR ,GZB,U.P.,UDF,IIA 108; NEHRU NAGAR GZB,GZB,U.P.,UDF,UDF
18,MSEG,10018,MR,Jasbir Singh,MSEGZB/10018,JS,P,G,IP SINGH,SRV,OPR-MGR-MNR,,,UDF,UDF,MEKGU,G,M,,UDF,,UDF,,UDF,UDF,M,,UDF,UDF,UDF,UDF,UDF,UDF,CASH,UDF,UDF,UDF,UDF,UDF,LT.S.B.SHARMA,LT. V. K. SHARMA,UDF,UDF,UDF,UDF,UDF,UDF,UDF,UDF,UDF,UDF,UDF,UDF,UDF,UDF,UDF,UDF,UDF,UDF
19,MSEG,10019,MR,Jagbir Singh,MSEGZB/10019,JS,P,G,IP SINGH,SRV,UDF,,,UDF,UDF,MEKGU,G,M,,UDF,,UDF,,UDF,UDF,M,,UDF,UDF,UDF,UDF,UDF,UDF,CASH,UDF,UDF,UDF,UDF,UDF,LAYAK RAM,PRAKASHU DEVI,UDF,UDF,UDF,UDF,UDF,UDF,UDF,UDF,UDF,C-48; AMAR CLY ,DELHI,DELHI,UDF,C-48; AMAR CLY DELHI,DELHI,DELHI,UDF,UDF
20,MSEG,10020,MR,S.K.Sharma,MSEGZB/10020,SKS,P,G,PRADEEP SINGH,SRV,UDF,,,UDF,UDF,MEKGU,G,M,,UDF,,UDF,,UDF,UDF,M,,UDF,UDF,UDF,UDF,UDF,UDF,CASH,UDF,UDF,UDF,UDF,UDF,S.C. SINGH,INDIRA DEVI,UDF,UDF,UDF,UDF,UDF,UDF,UDF,UDF,UDF,B-45; LOHIA NAGAR ,GZB,U.P.,UDF,B-45; LOHIA NAGAR GHAZIABAD,GZB,U.P.,UDF,UDF
21,MSEG,10021,MR,A.K.Taliyan,MSEGZB/10021,AKT,P,G,PRADEEP SINGH,SRV,UDF,,,UDF,UDF,MEKGU,G,M,,UDF,,UDF,,UDF,UDF,M,,UDF,UDF,UDF,UDF,UDF,UDF,CASH,UDF,UDF,UDF,UDF,UDF,UDF,UDF,UDF,UDF,UDF,UDF,UDF,UDF,UDF,UDF,UDF,UDF,UDF,UDF,UDF,UDF,UDF,UDF,UDF,UDF
22,MSEG,10022,MR,Avtar Singh,MSEGZB/10022,AS,P,G,PRADEEP SINGH,SRV,UDF,30-Jun-2007,,9711030404,UDF,MEKGU,G,M,,UDF,,UDF,,UDF,UDF,M,13-Nov-1970,Ghaziabad,UDF,UDF,UDF,UDF,UDF,CASH,UDF,UDF,UDF,UDF,UDF,Jai Ram Singh,Rameshwari,UDF,UDF,UDF,UDF,UDF,UDF,UDF,UDF,UDF,Vill-Dagarpur;post-Ratul,Bagpat,U.P,UDF,Vill-Dagarpur;post-Ratul;dist Bagpat,Bagpat,U.P.,UDF,UDF
23,MSEG,10023,MR,Sailendra Singh,MSEGZB/10023,SS,P,G,PRADEEP SINGH,SRV,UDF,,,UDF,UDF,MEKGU,G,M,,UDF,,UDF,,UDF,UDF,M,,UDF,UDF,UDF,UDF,UDF,UDF,CASH,UDF,UDF,UDF,UDF,UDF,UDF,UDF,UDF,UDF,UDF,UDF,UDF,UDF,UDF,UDF,UDF,UDF,UDF,UDF,UDF,UDF,UDF,UDF,UDF,UDF
24,MSEG,10024,MR,B.M. Aggarwal,MSEGZB/10024,BMA,P,G,IP SINGH,SRV,OPR-MGR-MNR,,,UDF,UDF,MEKGU,G,M,,UDF,,UDF,,UDF,UDF,M,,UDF,UDF,UDF,UDF,UDF,UDF,CASH,UDF,UDF,UDF,UDF,UDF,UDF,UDF,UDF,UDF,UDF,UDF,UDF,UDF,UDF,UDF,UDF,UDF,UDF,UDF,UDF,UDF,UDF,UDF,UDF,UDF
25,MSEG,10025,MR,Akhilesh Sharma,MSEGZB/10025,AS,P,G,IP SINGH,SRV,UDF,,,UDF,UDF,MEKGU,G,M,,UDF,,UDF,,UDF,UDF,M,,UDF,UDF,UDF,UDF,UDF,UDF,CASH,UDF,UDF,UDF,UDF,UDF,UDF,UDF,UDF,UDF,UDF,UDF,UDF,UDF,UDF,UDF,UDF,UDF,UDF,UDF,UDF,UDF,UDF,UDF,UDF,UDF
26,MSEG,10026,MR,Dushyant,MSEGZB/10026,MD,P,G,IP SINGH,SRV,UDF,,,UDF,UDF,MEKGU,G,M,,UDF,,UDF,,UDF,UDF,M,,UDF,UDF,UDF,UDF,UDF,UDF,CASH,UDF,UDF,UDF,UDF,UDF,UDF,UDF,UDF,UDF,UDF,UDF,UDF,UDF,UDF,UDF,UDF,UDF,UDF,UDF,UDF,UDF,UDF,UDF,UDF,UDF
27,MSEG,10027,MR,Narendra Kumar,MSEGZB/10027,NK,P,G,IP SINGH,SRV,UDF,,,UDF,UDF,MEKGU,G,UDF,,UDF,,UDF,,UDF,UDF,M,,UDF,UDF,UDF,UDF,UDF,UDF,CASH,UDF,UDF,UDF,UDF,UDF,UDF,UDF,UDF,UDF,UDF,UDF,UDF,UDF,UDF,UDF,UDF,UDF,UDF,UDF,UDF,UDF,UDF,UDF,UDF,UDF
28,MSEG,10028,MR,A.K.Tripati,MSEGZB/10028,AKT,P,G,IP SINGH,SRV,UDF,,,UDF,UDF,MEKGU,G,UDF,,UDF,,UDF,,UDF,UDF,M,,UDF,UDF,UDF,UDF,UDF,UDF,CASH,UDF,UDF,UDF,UDF,UDF,UDF,UDF,UDF,UDF,UDF,UDF,UDF,UDF,UDF,UDF,UDF,UDF,UDF,UDF,UDF,UDF,UDF,UDF,UDF,UDF
29,MSEG,10029,MR,Amit Kumar,MSEGZB/10029,AK,P,G,IP SINGH,SRV,UDF,,,UDF,UDF,MEKGU,G,UDF,,UDF,,UDF,,UDF,UDF,M,,UDF,UDF,UDF,UDF,UDF,UDF,CASH,UDF,UDF,UDF,UDF,UDF,UDF,UDF,UDF,UDF,UDF,UDF,UDF,UDF,UDF,UDF,UDF,UDF,UDF,UDF,UDF,UDF,UDF,UDF,UDF,UDF
30,MSEG,10030,MR,Sailendra Kumar,MSEGZB/10030,SK,P,G,IP SINGH,SRV,UDF,,,UDF,UDF,MEKGU,G,UDF,,UDF,,UDF,,UDF,UDF,M,,UDF,UDF,UDF,UDF,UDF,UDF,CASH,UDF,UDF,UDF,UDF,UDF,UDF,UDF,UDF,UDF,UDF,UDF,UDF,UDF,UDF,UDF,UDF,UDF,UDF,UDF,UDF,UDF,UDF,UDF,UDF,UDF
31,MSEG,10031,MR,Karan Veer Bhati,MSEGZB/10031,KVB,P,G,IP SINGH,SRV,UDF,,,UDF,UDF,MEKGU,G,UDF,,UDF,,UDF,,UDF,UDF,M,,UDF,UDF,UDF,UDF,UDF,UDF,CASH,UDF,UDF,UDF,UDF,UDF,UDF,UDF,UDF,UDF,UDF,UDF,UDF,UDF,UDF,UDF,UDF,UDF,UDF,UDF,UDF,UDF,UDF,UDF,UDF,UDF
32,MSEG,10032,MR,Ajay Kumar,MSEGZB/10032,AK,P,G,IP SINGH,SRV,UDF,,,UDF,UDF,MEKGU,G,UDF,,UDF,,UDF,,UDF,UDF,M,,UDF,UDF,UDF,UDF,UDF,UDF,CASH,UDF,UDF,UDF,UDF,UDF,UDF,UDF,UDF,UDF,UDF,UDF,UDF,UDF,UDF,UDF,UDF,UDF,UDF,UDF,UDF,UDF,UDF,UDF,UDF,UDF
33,MSEG,10033,MRS,Chetali Singh,MSEGZB/10033,CS,P,G,PRADEEP SINGH,SRV,RECEPTIONIST,08-May-2008,,9868555956,chatali78@yahoo.com,MEKGU,G,M,,UDF,,UDF,,UDF,UDF,F,27-Nov-1978,Ghaziabad,UDF,UDF,UDF,UDF,UDF,CASH,UDF,UDF,UDF,UDF,UDF,S.C.Singh,Indra Davi,UDF,UDF,UDF,UDF,UDF,UDF,UDF,UDF,UDF,B-45;Lohia Nagar,Gzb,U.P.,UDF,B-45;Lohia Nager Ghaziabad,Gzb,U.P,UDF,UDF
34,MSEG,10034,MR,Vinod Kumar,MSEGZB/10034,VK,P,G,PRADEEP SINGH,SRV,DRIVER,,,UDF,UDF,MEKGU,2nd,UDF,,UDF,,UDF,,UDF,UDF,M,,UDF,UDF,UDF,UDF,UDF,UDF,CASH,UDF,UDF,UDF,UDF,UDF,UDF,UDF,UDF,UDF,UDF,UDF,UDF,UDF,UDF,UDF,UDF,UDF,UDF,UDF,UDF,UDF,UDF,UDF,UDF,UDF
35,MSEG,10035,MR,Manoj Kumar,MSEGZB/10035,MK,P,G,PRADEEP SINGH,SRV,UDF,,,UDF,UDF,MEKGU,2nd,UDF,,UDF,,UDF,,UDF,UDF,M,,UDF,UDF,UDF,UDF,UDF,UDF,CASH,UDF,UDF,UDF,UDF,UDF,UDF,UDF,UDF,UDF,UDF,UDF,UDF,UDF,UDF,UDF,UDF,UDF,UDF,UDF,UDF,UDF,UDF,UDF,UDF,UDF
36,MSEG,10036,MR,Pappu Singh,MSEGZB/10036,PS,P,G,IP SINGH,SRV,PEON,,,UDF,UDF,MEKGU,1st,UDF,,UDF,,UDF,,UDF,UDF,M,,UDF,UDF,UDF,UDF,UDF,UDF,CASH,UDF,UDF,UDF,UDF,UDF,UDF,UDF,UDF,UDF,UDF,UDF,UDF,UDF,UDF,UDF,UDF,UDF,UDF,UDF,UDF,UDF,UDF,UDF,UDF,UDF
37,MSEG,10037,MR,Manoj Kumar,MSEGZB/10037,MK,P,G,IP SINGH,SRV,UDF,,,UDF,UDF,MEKGU,1st,UDF,,UDF,,UDF,,UDF,UDF,M,,UDF,UDF,UDF,UDF,UDF,UDF,CASH,UDF,UDF,UDF,UDF,UDF,UDF,UDF,UDF,UDF,UDF,UDF,UDF,UDF,UDF,UDF,UDF,UDF,UDF,UDF,UDF,UDF,UDF,UDF,UDF,UDF
38,MSEG,10038,MISS,Neha Setti,MSEGZB/10038,NS,P,G,IP SINGH,PO,PA,25-Aug-2008,,UDF,UDF,MEKGU,2nd,S,,UDF,,UDF,,UDF,UDF,F,,UDF,UDF,UDF,UDF,UDF,UDF,CASH,UDF,UDF,UDF,UDF,UDF,UDF,UDF,UDF,UDF,UDF,UDF,UDF,UDF,UDF,UDF,UDF,UDF,UDF,UDF,UDF,UDF,UDF,UDF,UDF,UDF
39,MSEG,10039,MR,K.K. SHARMA,MSEGZB/10039,KKS,P,G,IP SINGH,IT,SYSTEM SOFTWARE MGR,13-Sep-2008,,2870949,krish8pm@yahoo.com,MEKGU,2nd,M,,UDF,,UDF,,UDF,UDF,M,18-Sep-1974,Kanpur,UDF,UDF,UDF,UDF,UDF,CASH,UDF,UDF,UDF,UDF,UDF,LT.SB.Sharma,LT.V.K.Sharma,,UDF,UDF,UDF,UDF,UDF,UDF,UDF,UDF,F 52;A Nandram,Gzb,U.P,UDF,F 52;A Nandram,Gzb,U.P,UDF,UDF
