SL NO,Customer Id,Employee Id,Name Initial,Emp Name,Emp Track Id,Emp Short Name,Emp Type,Emp Category,Reporting Head,Department,Position,DOJ,DOR,Ph No,Email,Building Id,Floor No,Marrital Status,PAN Ind,PAN No,EPF Ind,EPF No,ESI Ind,ESI No,NSS No,Gender,DOB,Birth City,Relative Name,Relation Type,Applicant Id,Barcode No,Banker Code,Salary Mode,Bank Name For Salary,Bank Account No,Salary Mode,Paycard No,Level,Father Name,Mother Name,Spouse Name,PF Nominee1,PF Nominee2,ESI Nominee1,ESI Nominee2,% of PF Nominee1,% of PF Nominee2,% of ESI Nominee1,% of ESI Nominee2,Address,City,State,Pin,Address,City,State,Pin,ESI Hospitel Name
1498,TNSG,201498,MR,SATENDER SINGH,UDF,,C,G,,SRV,SEC,,,,,,,,,,,,,,,M,,,,,,,,,,,,,L1,,,,,,,,,,,,,,,,,,,,UDF
1499,TNSG,201499,MR,SUDHIR KUMAR,UDF,,C,G,,SRV,SEC,,,,,,,,,,,,,,,M,,,,,,,,,,,,,L1,,,,,,,,,,,,,,,,,,,,UDF
1500,TNSG,201500,MR,VINIT KUMAR,UDF,,C,G,,SRV,SEC,,,,,,,,,,,,,,,M,,,,,,,,,,,,,L1,,,,,,,,,,,,,,,,,,,,UDF
1501,TNSG,201501,MR,NITIN KUMAR,UDF,,C,G,,SRV,SEC,,,,,,,,,,,,,,,M,,,,,,,,,,,,,L1,,,,,,,,,,,,,,,,,,,,UDF
1502,TNSG,201502,MR,HARENDER,UDF,,C,G,,SRV,SEC,,,,,,,,,,,,,,,M,,,,,,,,,,,,,L1,,,,,,,,,,,,,,,,,,,,UDF
1503,KRLTB,201503,MR,DHARAMVEER,UDF,,C,G,,SRV,CSO,,,,,,,,,,,,,,,M,,,,,,,,,,,,,L1,,,,,,,,,,,,,,,,,,,,UDF
1504,KRLTB,201504,MR,OM PRAKSH,UDF,,C,G,,SRV,SUP,,,,,,,,,,,,,,,M,,,,,,,,,,,,,L1,,,,,,,,,,,,,,,,,,,,UDF
1505,KRLTB,201505,MR,JAGJIT SINGH,UDF,,C,G,,SRV,SUP,,,,,,,,,,,,,,,M,,,,,,,,,,,,,L1,,,,,,,,,,,,,,,,,,,,UDF
1506,KRLTB,201506,MR,TARSEM SINGH,UDF,,C,G,,SRV,EXMSG,,,,,,,,,,,,,,,M,,,,,,,,,,,,,L1,,,,,,,,,,,,,,,,,,,,UDF
1507,KRLTB,201507,MR,BASANT SINGH,UDF,,C,G,,SRV,GM,,,,,,,,,,,,,,,M,,,,,,,,,,,,,L1,,,,,,,,,,,,,,,,,,,,UDF
1508,KRLTB,201508,MR,RAM SINGH,UDF,,C,G,,SRV,GM,,,,,,,,,,,,,,,M,,,,,,,,,,,,,L1,,,,,,,,,,,,,,,,,,,,UDF
1509,KRLTB,201509,MR,TEJA SINGH,UDF,,C,G,,SRV,EXMSG,,,,,,,,,,,,,,,M,,,,,,,,,,,,,L1,,,,,,,,,,,,,,,,,,,,UDF
1510,KRLTB,201510,MR,GURPREET SINGH,UDF,,C,G,,SRV,SEC,,,,,,,,,,,,,,,M,,,,,,,,,,,,,L1,,,,,,,,,,,,,,,,,,,,UDF
1511,KRLTB,201511,MR,PARAMJIT SINGH,UDF,,C,G,,SRV,SEC,,,,,,,,,,,,,,,M,,,,,,,,,,,,,L1,,,,,,,,,,,,,,,,,,,,UDF
1512,KRLTB,201512,MR,GURMAIL SINGH-I,UDF,,C,G,,SRV,GM,,,,,,,,,,,,,,,M,,,,,,,,,,,,,L1,,,,,,,,,,,,,,,,,,,,UDF
1513,KRLTB,201513,MR,IQBAL MOHMED,UDF,,C,G,,SRV,GM,,,,,,,,,,,,,,,M,,,,,,,,,,,,,L1,,,,,,,,,,,,,,,,,,,,UDF
1514,KRLTB,201514,MR,BIKAR SINGH-I,UDF,,C,G,,SRV,EXMSG,,,,,,,,,,,,,,,M,,,,,,,,,,,,,L1,,,,,,,,,,,,,,,,,,,,UDF
1515,KRLTB,201515,MR,JAS PAL SINGH,UDF,,C,G,,SRV,SEC,,,,,,,,,,,,,,,M,,,,,,,,,,,,,L1,,,,,,,,,,,,,,,,,,,,UDF
1516,KRLTB,201516,MR,JAGTAR SINGH,UDF,,C,G,,SRV,GM,,,,,,,,,,,,,,,M,,,,,,,,,,,,,L1,,,,,,,,,,,,,,,,,,,,UDF
1517,KRLTB,201517,MR,HAR DEV SINGH,UDF,,C,G,,SRV,GM,,,,,,,,,,,,,,,M,,,,,,,,,,,,,L1,,,,,,,,,,,,,,,,,,,,UDF
1518,KRLTB,201518,MR,JAGGIT SINGH,UDF,,C,G,,SRV,SEC,,,,,,,,,,,,,,,M,,,,,,,,,,,,,L1,,,,,,,,,,,,,,,,,,,,UDF
1519,KRLTB,201519,MR,BALWANT SINGH,UDF,,C,G,,SRV,SEC,,,,,,,,,,,,,,,M,,,,,,,,,,,,,L1,,,,,,,,,,,,,,,,,,,,UDF
1520,KRLTB,201520,MR,JAGSAR SINGH-1,UDF,,C,G,,SRV,SEC,,,,,,,,,,,,,,,M,,,,,,,,,,,,,L1,,,,,,,,,,,,,,,,,,,,UDF
1521,KRLTB,201521,MR,RAMPHAL SINGH,UDF,,C,G,,SRV,SEC,,,,,,,,,,,,,,,M,,,,,,,,,,,,,L1,,,,,,,,,,,,,,,,,,,,UDF
1522,KRLTB,201522,MR,AJIT SINGH,UDF,,C,G,,SRV,SEC,,,,,,,,,,,,,,,M,,,,,,,,,,,,,L1,,,,,,,,,,,,,,,,,,,,UDF
1523,KRLTB,201523,MR,JASWINDER SINGH,UDF,,C,G,,SRV,SEC,,,,,,,,,,,,,,,M,,,,,,,,,,,,,L1,,,,,,,,,,,,,,,,,,,,UDF
1524,KRLTB,201524,MR,AMIT KUMAR,UDF,,C,G,,SRV,SEC,,,,,,,,,,,,,,,M,,,,,,,,,,,,,L1,,,,,,,,,,,,,,,,,,,,UDF
1525,KRLTB,201525,MR,SANDEEP SINGH,UDF,,C,G,,SRV,SEC,,,,,,,,,,,,,,,M,,,,,,,,,,,,,L1,,,,,,,,,,,,,,,,,,,,UDF
1526,KRLTB,201526,MR,RANBEER SINGH,UDF,,C,G,,SRV,SEC,,,,,,,,,,,,,,,M,,,,,,,,,,,,,L1,,,,,,,,,,,,,,,,,,,,UDF
1527,KRLTB,201527,MR,AMARJEET SINGH,UDF,,C,G,,SRV,SEC,,,,,,,,,,,,,,,M,,,,,,,,,,,,,L1,,,,,,,,,,,,,,,,,,,,UDF
1528,KRLTB,201528,MR,PARAM JIT,UDF,,C,G,,SRV,SEC,,,,,,,,,,,,,,,M,,,,,,,,,,,,,L1,,,,,,,,,,,,,,,,,,,,UDF
1529,KRLTB,201529,MR,RAJIV SHARMA,UDF,,C,G,,SRV,SEC,,,,,,,,,,,,,,,M,,,,,,,,,,,,,L1,,,,,,,,,,,,,,,,,,,,UDF
1530,KRLTB,201530,MR,KULDEEP SINGH,UDF,,C,G,,SRV,SEC,,,,,,,,,,,,,,,M,,,,,,,,,,,,,L1,,,,,,,,,,,,,,,,,,,,UDF
1531,KRLTB,201531,MR,GUR CHARAN SINGH,UDF,,C,G,,SRV,EXMSG,,,,,,,,,,,,,,,M,,,,,,,,,,,,,L1,,,,,,,,,,,,,,,,,,,,UDF
1532,KRLTB,201532,MR,HARPRIT SINGH,UDF,,C,G,,SRV,EXMSG,,,,,,,,,,,,,,,M,,,,,,,,,,,,,L1,,,,,,,,,,,,,,,,,,,,UDF
1533,KRLTB,201533,MR,RAJ PAL SINGH,UDF,,C,G,,SRV,SUP,,,,,,,,,,,,,,,M,,,,,,,,,,,,,L1,,,,,,,,,,,,,,,,,,,,UDF
1534,KRLTB,201534,MR,SUKHWINDER,UDF,,C,G,,SRV,SEC,,,,,,,,,,,,,,,M,,,,,,,,,,,,,L1,,,,,,,,,,,,,,,,,,,,UDF
1535,KRLTB,201535,MR,SURJIT SINGH,UDF,,C,G,,SRV,SEC,,,,,,,,,,,,,,,M,,,,,,,,,,,,,L1,,,,,,,,,,,,,,,,,,,,UDF
1536,KRLTB,201536,MR,MANJIT SINGH,UDF,,C,G,,SRV,SEC,,,,,,,,,,,,,,,M,,,,,,,,,,,,,L1,,,,,,,,,,,,,,,,,,,,UDF
1537,KRLTB,201537,MR,GUR TAJ SINGH,UDF,,C,G,,SRV,SEC,,,,,,,,,,,,,,,M,,,,,,,,,,,,,L1,,,,,,,,,,,,,,,,,,,,UDF
1538,KRLTB,201538,MR,PARAMJIT SINGH-II,UDF,,C,G,,SRV,SEC,,,,,,,,,,,,,,,M,,,,,,,,,,,,,L1,,,,,,,,,,,,,,,,,,,,UDF
1539,KRLTB,201539,MR,SARBJIT SINGH,UDF,,C,G,,SRV,SEC,,,,,,,,,,,,,,,M,,,,,,,,,,,,,L1,,,,,,,,,,,,,,,,,,,,UDF
1540,KRLTB,201540,MR,HARDEEP SINGH-II,UDF,,C,G,,SRV,SEC,,,,,,,,,,,,,,,M,,,,,,,,,,,,,L1,,,,,,,,,,,,,,,,,,,,UDF
1541,KRLTB,201541,MR,SURENDER SINGH,UDF,,C,G,,SRV,SEC,,,,,,,,,,,,,,,M,,,,,,,,,,,,,L1,,,,,,,,,,,,,,,,,,,,UDF
1542,KRLTB,201542,MR,PALI KHAN,UDF,,C,G,,SRV,SEC,,,,,,,,,,,,,,,M,,,,,,,,,,,,,L1,,,,,,,,,,,,,,,,,,,,UDF
1543,KRLTB,201543,MR,SUNDER SHARMA,UDF,,C,G,,SRV,SEC,,,,,,,,,,,,,,,M,,,,,,,,,,,,,L1,,,,,,,,,,,,,,,,,,,,UDF
1544,TNSSB,201544,MR,SAMAI PAL,UDF,,C,G,,SRV,SUP,,,,,,,,,,,,,,,M,,,,,,,,,,,,,L1,,,,,,,,,,,,,,,,,,,,UDF
1545,TNSSB,201545,MR,RAGHU NATH,UDF,,C,G,,SRV,SUP,,,,,,,,,,,,,,,M,,,,,,,,,,,,,L1,,,,,,,,,,,,,,,,,,,,UDF
1546,TNSSB,201546,MR,SOKIN KHAN,UDF,,C,G,,SRV,GM,,,,,,,,,,,,,,,M,,,,,,,,,,,,,L1,,,,,,,,,,,,,,,,,,,,UDF
1547,TNSSB,201547,MR,SHYAM NARAYAN,UDF,,C,G,,SRV,GM,,,,,,,,,,,,,,,M,,,,,,,,,,,,,L1,,,,,,,,,,,,,,,,,,,,UDF
1548,TNSSB,201548,MR,AJAY KUMAR,UDF,,C,G,,SRV,GM,,,,,,,,,,,,,,,M,,,,,,,,,,,,,L1,,,,,,,,,,,,,,,,,,,,UDF
1549,TNSSB,201549,MR,MAHESH GIRI,UDF,,C,G,,SRV,GM,,,,,,,,,,,,,,,M,,,,,,,,,,,,,L1,,,,,,,,,,,,,,,,,,,,UDF
1550,TNSSB,201550,MR,ARUN YADAV,UDF,,C,G,,SRV,SEC,,,,,,,,,,,,,,,M,,,,,,,,,,,,,L1,,,,,,,,,,,,,,,,,,,,UDF
1551,TNSSB,201551,MR,PRAKASH CHAND,UDF,,C,G,,SRV,SEC,,,,,,,,,,,,,,,M,,,,,,,,,,,,,L1,,,,,,,,,,,,,,,,,,,,UDF
1552,TNSSB,201552,MR,ZABIR HUSSAIN,UDF,,C,G,,SRV,SEC,,,,,,,,,,,,,,,M,,,,,,,,,,,,,L1,,,,,,,,,,,,,,,,,,,,UDF
1553,TNSSB,201553,MR,VIKASH KUMAR,UDF,,C,G,,SRV,SEC,,,,,,,,,,,,,,,M,,,,,,,,,,,,,L1,,,,,,,,,,,,,,,,,,,,UDF
1554,GUJFL,201554,MR,JAGDISH TIWARI,UDF,,C,G,,SRV,WRK,,,,,,,,,,,,,,,M,,,,,,,,,,,,,L1,,,,,,,,,,,,,,,,,,,,UDF
1555,GUJFL,201555,MR,BIRBAL SINGH,UDF,,C,G,,SRV,WRK,,,,,,,,,,,,,,,M,,,,,,,,,,,,,L1,,,,,,,,,,,,,,,,,,,,UDF
1556,GUJFL,201556,MR,LALIT MANDAL,UDF,,C,G,,SRV,WRK,,,,,,,,,,,,,,,M,,,,,,,,,,,,,L1,,,,,,,,,,,,,,,,,,,,UDF
1557,GUJFL,201557,MR,RAKESH KUMAR MANDAL,UDF,,C,G,,SRV,WRK,,,,,,,,,,,,,,,M,,,,,,,,,,,,,L1,,,,,,,,,,,,,,,,,,,,UDF
1558,GUJFL,201558,MR,NAVEEN KUMAR,UDF,,C,G,,SRV,WRK,,,,,,,,,,,,,,,M,,,,,,,,,,,,,L1,,,,,,,,,,,,,,,,,,,,UDF
1559,GUJFL,201559,MR,SURESH CHAND,UDF,,C,G,,SRV,WRK,,,,,,,,,,,,,,,M,,,,,,,,,,,,,L1,,,,,,,,,,,,,,,,,,,,UDF
1560,GUJFL,201560,MR,HARESH MANDAL,UDF,,C,G,,SRV,WRK,,,,,,,,,,,,,,,M,,,,,,,,,,,,,L1,,,,,,,,,,,,,,,,,,,,UDF
1561,GUJFL,201561,MR,MPSINGH,UDF,,C,G,,SRV,WRK,,,,,,,,,,,,,,,M,,,,,,,,,,,,,L1,,,,,,,,,,,,,,,,,,,,UDF
1562,GUJFL,201562,MR,SHANKAR SADU WARIK,UDF,,C,G,,SRV,WRK,,,,,,,,,,,,,,,M,,,,,,,,,,,,,L1,,,,,,,,,,,,,,,,,,,,UDF
